action_type,activity_comment,activity_id,activity_properties,assay_chembl_id,assay_description,assay_type,assay_variant_accession,assay_variant_mutation,bao_endpoint,bao_format,bao_label,canonical_smiles,data_validity_comment,data_validity_description,document_chembl_id,document_journal,document_year,ligand_efficiency,modality,molecule_chembl_id,molecule_pref_name,parent_molecule_chembl_id,pchembl_value,potential_duplicate,qudt_units,record_id,relation,src_id,standard_flag,standard_relation,standard_text_value,standard_type,standard_units,standard_upper_value,standard_value,target_chembl_id,target_organism,target_pref_name,target_tax_id,text_value,toid,type,units,uo_units,upper_value,value
,,31964,[],CHEMBL650687,Compound was tested for inhibition of [3H]dihydroalprenolol radioligand binding to Beta-1 adrenergic receptor in dog heart.,B,,,BAO_0000190,BAO_0000357,single protein format,CC(C)(C)NC[C@H](O)CON=C1c2ccccc2-c2ccccc21,,,CHEMBL1122110,J Med Chem,1982.0,"{'bei': '23.22', 'le': '0.43', 'lle': '4.34', 'sei': '13.99'}",,CHEMBL305153,,CHEMBL305153,7.53,0,http://www.openphacts.org/units/Nanomolar,342567,=,1,1,=,,IC50,nM,,29.4,CHEMBL213,Homo sapiens,Beta-1 adrenergic receptor,9606,,,IC50,nM,UO_0000065,,29.4
,,34429,[],CHEMBL650687,Compound was tested for inhibition of [3H]dihydroalprenolol radioligand binding to Beta-1 adrenergic receptor in dog heart.,B,,,BAO_0000190,BAO_0000357,single protein format,CC(C)(C)NCC(O)CON=C1c2ccccc2-c2ccccc21,,,CHEMBL1122110,J Med Chem,1982.0,"{'bei': '22.88', 'le': '0.42', 'lle': '4.23', 'sei': '13.78'}",,CHEMBL368457,,CHEMBL368457,7.42,0,http://www.openphacts.org/units/Nanomolar,342564,=,1,1,=,,IC50,nM,,37.9,CHEMBL213,Homo sapiens,Beta-1 adrenergic receptor,9606,,,IC50,nM,UO_0000065,,37.9
,,47679,[],CHEMBL650687,Compound was tested for inhibition of [3H]dihydroalprenolol radioligand binding to Beta-1 adrenergic receptor in dog heart.,B,,,BAO_0000190,BAO_0000357,single protein format,CC(C)(C)NC[C@@H](O)CON=C1c2ccccc2-c2ccccc21,,,CHEMBL1122110,J Med Chem,1982.0,"{'bei': '22.70', 'le': '0.42', 'lle': '4.17', 'sei': '13.67'}",,CHEMBL1788270,,CHEMBL1788270,7.36,0,http://www.openphacts.org/units/Nanomolar,342561,=,1,1,=,,IC50,nM,,43.3,CHEMBL213,Homo sapiens,Beta-1 adrenergic receptor,9606,,,IC50,nM,UO_0000065,,43.3
,,48889,[],CHEMBL650687,Compound was tested for inhibition of [3H]dihydroalprenolol radioligand binding to Beta-1 adrenergic receptor in dog heart.,B,,,BAO_0000190,BAO_0000357,single protein format,C=CCc1ccccc1OCC(O)CNC(C)C,,,CHEMBL1122110,J Med Chem,1982.0,"{'bei': '33.33', 'le': '0.63', 'lle': '6.16', 'sei': '20.03'}",,CHEMBL266195,ALPRENOLOL,CHEMBL266195,8.31,0,http://www.openphacts.org/units/Nanomolar,342563,=,1,1,=,,IC50,nM,,4.88,CHEMBL213,Homo sapiens,Beta-1 adrenergic receptor,9606,,,IC50,nM,UO_0000065,,4.88
,,61754,[],CHEMBL650686,Compound was tested for inhibition of [3H]dihydroalprenolol radioligand binding to Beta-1 adrenergic receptor in dog heart,B,,,BAO_0000190,BAO_0000357,single protein format,CC(C)NCC(O)COc1ccc(CCOCC2CC2)cc1,,,CHEMBL1122110,J Med Chem,1982.0,"{'bei': '24.17', 'le': '0.46', 'lle': '5.04', 'sei': '14.65'}",,CHEMBL423,BETAXOLOL,CHEMBL423,7.43,0,http://www.openphacts.org/units/Nanomolar,342558,=,1,1,=,,IC50,nM,,37.1,CHEMBL213,Homo sapiens,Beta-1 adrenergic receptor,9606,,,IC50,nM,UO_0000065,,37.1
,,70880,[],CHEMBL650687,Compound was tested for inhibition of [3H]dihydroalprenolol radioligand binding to Beta-1 adrenergic receptor in dog heart.,B,,,BAO_0000190,BAO_0000357,single protein format,Cc1ccc(OCC(O)CNC(C)C)c2c1CCC2,,,CHEMBL1122110,J Med Chem,1982.0,"{'bei': '25.55', 'le': '0.48', 'lle': '4.51', 'sei': '16.22'}",,CHEMBL26917,,CHEMBL26917,6.73,0,http://www.openphacts.org/units/Nanomolar,342560,=,1,1,=,,IC50,nM,,186.0,CHEMBL213,Homo sapiens,Beta-1 adrenergic receptor,9606,,,IC50,nM,UO_0000065,,186.0
,,146080,[],CHEMBL883288,In vitro binding affinity towards cloned human beta-1 adrenergic receptor using [125I]iodocyanopindolol as radioligand to stimulate increase in cAMP in CHO cells,B,,,BAO_0000190,BAO_0000219,cell-based format,O=S(=O)(Nc1ccccc1)c1ccc2c(c1)CCN2c1cccc(CCCC2CCCC2)n1,,,CHEMBL1131776,Bioorg Med Chem Lett,1999.0,"{'bei': '11.96', 'le': '0.23', 'lle': '-0.57', 'sei': '8.86'}",,CHEMBL433252,,CHEMBL433252,5.52,0,http://www.openphacts.org/units/Nanomolar,93353,=,1,1,=,,IC50,nM,,3000.0,CHEMBL213,Homo sapiens,Beta-1 adrenergic receptor,9606,,,IC50,nM,UO_0000065,,3000.0
,,146084,[],CHEMBL883288,In vitro binding affinity towards cloned human beta-1 adrenergic receptor using [125I]iodocyanopindolol as radioligand to stimulate increase in cAMP in CHO cells,B,,,BAO_0000190,BAO_0000219,cell-based format,O=S(=O)(Nc1ccccc1)c1ccc2c(c1)CCN2c1cccc(CCCC2CCCC2)c1,,,CHEMBL1131776,Bioorg Med Chem Lett,1999.0,"{'bei': '11.72', 'le': '0.22', 'lle': '-1.29', 'sei': '10.92'}",,CHEMBL54750,,CHEMBL54750,5.40,0,http://www.openphacts.org/units/Nanomolar,93350,=,1,1,=,,IC50,nM,,4000.0,CHEMBL213,Homo sapiens,Beta-1 adrenergic receptor,9606,,,IC50,nM,UO_0000065,,4000.0
,,147301,[],CHEMBL883288,In vitro binding affinity towards cloned human beta-1 adrenergic receptor using [125I]iodocyanopindolol as radioligand to stimulate increase in cAMP in CHO cells,B,,,BAO_0000190,BAO_0000219,cell-based format,CCCCCCN(C)C(=O)N1CCc2cc(S(=O)(=O)Nc3ccccc3)ccc21,,,CHEMBL1131776,Bioorg Med Chem Lett,1999.0,"{'bei': '12.03', 'le': '0.24', 'lle': '0.52', 'sei': '7.17'}",,CHEMBL56594,,CHEMBL56594,5.00,0,http://www.openphacts.org/units/Nanomolar,93337,=,1,1,=,,IC50,nM,,10000.0,CHEMBL213,Homo sapiens,Beta-1 adrenergic receptor,9606,,,IC50,nM,UO_0000065,,10000.0
,,147305,[],CHEMBL883288,In vitro binding affinity towards cloned human beta-1 adrenergic receptor using [125I]iodocyanopindolol as radioligand to stimulate increase in cAMP in CHO cells,B,,,BAO_0000190,BAO_0000219,cell-based format,CCCCCCCCc1nc(N2CCc3cc(S(=O)(=O)Nc4ccccc4)ccc32)no1,,,CHEMBL1131776,Bioorg Med Chem Lett,1999.0,"{'bei': '13.72', 'le': '0.27', 'lle': '0.77', 'sei': '7.06'}",,CHEMBL52407,,CHEMBL52407,6.24,0,http://www.openphacts.org/units/Nanomolar,93363,=,1,1,=,,IC50,nM,,580.0,CHEMBL213,Homo sapiens,Beta-1 adrenergic receptor,9606,,,IC50,nM,UO_0000065,,580.0
,,147309,[],CHEMBL883288,In vitro binding affinity towards cloned human beta-1 adrenergic receptor using [125I]iodocyanopindolol as radioligand to stimulate increase in cAMP in CHO cells,B,,,BAO_0000190,BAO_0000219,cell-based format,CCCCCCc1ccc(N2CCc3cc(S(=O)(=O)Nc4ccccc4)ccc32)nc1,,,CHEMBL1131776,Bioorg Med Chem Lett,1999.0,"{'bei': '13.19', 'le': '0.25', 'lle': '0.04', 'sei': '9.22'}",,CHEMBL56449,,CHEMBL56449,5.75,0,http://www.openphacts.org/units/Nanomolar,93349,=,1,1,=,,IC50,nM,,1800.0,CHEMBL213,Homo sapiens,Beta-1 adrenergic receptor,9606,,,IC50,nM,UO_0000065,,1800.0
,,148528,[],CHEMBL883288,In vitro binding affinity towards cloned human beta-1 adrenergic receptor using [125I]iodocyanopindolol as radioligand to stimulate increase in cAMP in CHO cells,B,,,BAO_0000190,BAO_0000219,cell-based format,CCCCCCC(=O)N1CCc2cc(S(=O)(=O)Nc3ccccc3)ccc21,,,CHEMBL1131776,Bioorg Med Chem Lett,1999.0,"{'bei': '12.94', 'le': '0.25', 'lle': '0.65', 'sei': '7.52'}",,CHEMBL56752,,CHEMBL56752,5.00,0,http://www.openphacts.org/units/Nanomolar,93334,=,1,1,=,,IC50,nM,,10000.0,CHEMBL213,Homo sapiens,Beta-1 adrenergic receptor,9606,,,IC50,nM,UO_0000065,,10000.0
,,148532,[],CHEMBL883288,In vitro binding affinity towards cloned human beta-1 adrenergic receptor using [125I]iodocyanopindolol as radioligand to stimulate increase in cAMP in CHO cells,B,,,BAO_0000190,BAO_0000219,cell-based format,CCCCCCCCc1cnc(N2CCc3cc(S(=O)(=O)Nc4ccccc4)ccc32)o1,,,CHEMBL1131776,Bioorg Med Chem Lett,1999.0,"{'bei': '11.85', 'le': '0.23', 'lle': '-0.69', 'sei': '7.13'}",,CHEMBL54749,,CHEMBL54749,5.38,0,http://www.openphacts.org/units/Nanomolar,93348,=,1,1,=,,IC50,nM,,4200.0,CHEMBL213,Homo sapiens,Beta-1 adrenergic receptor,9606,,,IC50,nM,UO_0000065,,4200.0
,,149622,[],CHEMBL883288,In vitro binding affinity towards cloned human beta-1 adrenergic receptor using [125I]iodocyanopindolol as radioligand to stimulate increase in cAMP in CHO cells,B,,,BAO_0000190,BAO_0000219,cell-based format,CN(C)C(=O)N1CCc2cc(S(=O)(=O)Nc3ccccc3)ccc21,,,CHEMBL1131776,Bioorg Med Chem Lett,1999.0,"{'bei': '14.61', 'le': '0.29', 'lle': '2.52', 'sei': '7.24'}",,CHEMBL301202,,CHEMBL301202,5.05,0,http://www.openphacts.org/units/Nanomolar,93338,=,1,1,=,,IC50,nM,,9000.0,CHEMBL213,Homo sapiens,Beta-1 adrenergic receptor,9606,,,IC50,nM,UO_0000065,,9000.0
,,149626,[],CHEMBL883288,In vitro binding affinity towards cloned human beta-1 adrenergic receptor using [125I]iodocyanopindolol as radioligand to stimulate increase in cAMP in CHO cells,B,,,BAO_0000190,BAO_0000219,cell-based format,CCCCCCCCN(C)C(=O)N1CCc2cc(S(=O)(=O)Nc3ccccc3)ccc21,,,CHEMBL1131776,Bioorg Med Chem Lett,1999.0,"{'bei': '13.56', 'le': '0.26', 'lle': '0.75', 'sei': '8.62'}",,CHEMBL292407,,CHEMBL292407,6.01,0,http://www.openphacts.org/units/Nanomolar,93341,=,1,1,=,,IC50,nM,,970.0,CHEMBL213,Homo sapiens,Beta-1 adrenergic receptor,9606,,,IC50,nM,UO_0000065,,970.0
,,155656,[],CHEMBL883288,In vitro binding affinity towards cloned human beta-1 adrenergic receptor using [125I]iodocyanopindolol as radioligand to stimulate increase in cAMP in CHO cells,B,,,BAO_0000190,BAO_0000219,cell-based format,CCCCCCCCc1csc(Nc2ccc(S(=O)(=O)Nc3ccccc3)cc2)n1,,,CHEMBL1131776,Bioorg Med Chem Lett,1999.0,"{'bei': '13.95', 'le': '0.28', 'lle': '-0.40', 'sei': '8.70'}",,CHEMBL53679,,CHEMBL53679,6.19,0,http://www.openphacts.org/units/Nanomolar,93345,=,1,1,=,,IC50,nM,,650.0,CHEMBL213,Homo sapiens,Beta-1 adrenergic receptor,9606,,,IC50,nM,UO_0000065,,650.0
,,156960,[],CHEMBL883288,In vitro binding affinity towards cloned human beta-1 adrenergic receptor using [125I]iodocyanopindolol as radioligand to stimulate increase in cAMP in CHO cells,B,,,BAO_0000190,BAO_0000219,cell-based format,CCCCCCc1cccc(N2CCc3cc(S(=O)(=O)Nc4ccccc4)ccc32)n1,,,CHEMBL1131776,Bioorg Med Chem Lett,1999.0,"{'bei': '13.88', 'le': '0.27', 'lle': '0.35', 'sei': '9.70'}",,CHEMBL299719,,CHEMBL299719,6.05,0,http://www.openphacts.org/units/Nanomolar,93355,=,1,1,=,,IC50,nM,,900.0,CHEMBL213,Homo sapiens,Beta-1 adrenergic receptor,9606,,,IC50,nM,UO_0000065,,900.0
,,159391,[],CHEMBL883288,In vitro binding affinity towards cloned human beta-1 adrenergic receptor using [125I]iodocyanopindolol as radioligand to stimulate increase in cAMP in CHO cells,B,,,BAO_0000190,BAO_0000219,cell-based format,CCCCCCc1ccnc(N2CCc3cc(S(=O)(=O)Nc4ccccc4)ccc32)n1,,,CHEMBL1131776,Bioorg Med Chem Lett,1999.0,"{'bei': '13.41', 'le': '0.26', 'lle': '0.76', 'sei': '7.79'}",,CHEMBL55852,,CHEMBL55852,5.85,0,http://www.openphacts.org/units/Nanomolar,93357,=,1,1,=,,IC50,nM,,1400.0,CHEMBL213,Homo sapiens,Beta-1 adrenergic receptor,9606,,,IC50,nM,UO_0000065,,1400.0
,,159395,[],CHEMBL883288,In vitro binding affinity towards cloned human beta-1 adrenergic receptor using [125I]iodocyanopindolol as radioligand to stimulate increase in cAMP in CHO cells,B,,,BAO_0000190,BAO_0000219,cell-based format,CCCCCCc1cccc(N2CCc3cc(S(=O)(=O)Nc4ccccc4)ccc32)c1,,,CHEMBL1131776,Bioorg Med Chem Lett,1999.0,"{'bei': '14.16', 'le': '0.27', 'lle': '-0.15', 'sei': '12.46'}",,CHEMBL56308,,CHEMBL56308,6.16,0,http://www.openphacts.org/units/Nanomolar,93352,=,1,1,=,,IC50,nM,,700.0,CHEMBL213,Homo sapiens,Beta-1 adrenergic receptor,9606,,,IC50,nM,UO_0000065,,700.0
,,159399,[],CHEMBL883288,In vitro binding affinity towards cloned human beta-1 adrenergic receptor using [125I]iodocyanopindolol as radioligand to stimulate increase in cAMP in CHO cells,B,,,BAO_0000190,BAO_0000219,cell-based format,CCCCCCNC(=O)Nc1ccc(S(=O)(=O)Nc2ccc(CCNC[C@H](O)c3cccnc3)cc2)cc1,,,CHEMBL1131776,Bioorg Med Chem Lett,1999.0,"{'bei': '9.44', 'le': '0.18', 'lle': '0.65', 'sei': '3.85'}",,CHEMBL57486,,CHEMBL57486,5.10,1,http://www.openphacts.org/units/Nanomolar,93347,=,1,1,=,,IC50,nM,,8000.0,CHEMBL213,Homo sapiens,Beta-1 adrenergic receptor,9606,,,IC50,nM,UO_0000065,,8000.0
,,161827,[],CHEMBL883288,In vitro binding affinity towards cloned human beta-1 adrenergic receptor using [125I]iodocyanopindolol as radioligand to stimulate increase in cAMP in CHO cells,B,,,BAO_0000190,BAO_0000219,cell-based format,O=S(=O)(Nc1ccccc1)c1ccc2c(c1)CCN2c1nc(CCCC2CCCC2)cs1,,,CHEMBL1131776,Bioorg Med Chem Lett,1999.0,"{'bei': '11.54', 'le': '0.23', 'lle': '-0.75', 'sei': '8.66'}",,CHEMBL55541,,CHEMBL55541,5.40,0,http://www.openphacts.org/units/Nanomolar,93358,=,1,1,=,,IC50,nM,,4000.0,CHEMBL213,Homo sapiens,Beta-1 adrenergic receptor,9606,,,IC50,nM,UO_0000065,,4000.0
,,161830,[],CHEMBL883288,In vitro binding affinity towards cloned human beta-1 adrenergic receptor using [125I]iodocyanopindolol as radioligand to stimulate increase in cAMP in CHO cells,B,,,BAO_0000190,BAO_0000219,cell-based format,CCCCCCNC(=O)N(C)c1ccc(S(=O)(=O)Nc2ccc(CCNC[C@H](O)c3cccnc3)cc2)cc1,,,CHEMBL1131776,Bioorg Med Chem Lett,1999.0,"{'bei': '9.03', 'le': '0.18', 'lle': '0.53', 'sei': '4.04'}",,CHEMBL293818,,CHEMBL293818,5.00,0,http://www.openphacts.org/units/Nanomolar,93346,=,1,1,=,,IC50,nM,,10000.0,CHEMBL213,Homo sapiens,Beta-1 adrenergic receptor,9606,,,IC50,nM,UO_0000065,,10000.0
,,165465,[],CHEMBL883288,In vitro binding affinity towards cloned human beta-1 adrenergic receptor using [125I]iodocyanopindolol as radioligand to stimulate increase in cAMP in CHO cells,B,,,BAO_0000190,BAO_0000219,cell-based format,CNC(=O)N1CCc2cc(S(=O)(=O)Nc3ccccc3)ccc21,,,CHEMBL1131776,Bioorg Med Chem Lett,1999.0,"{'bei': '12.07', 'le': '0.24', 'lle': '1.81', 'sei': '5.09'}",,CHEMBL54885,,CHEMBL54885,4.00,0,http://www.openphacts.org/units/Nanomolar,93340,=,1,1,=,,IC50,nM,,100000.0,CHEMBL213,Homo sapiens,Beta-1 adrenergic receptor,9606,,,IC50,nM,UO_0000065,,100000.0
,,168158,[],CHEMBL883288,In vitro binding affinity towards cloned human beta-1 adrenergic receptor using [125I]iodocyanopindolol as radioligand to stimulate increase in cAMP in CHO cells,B,,,BAO_0000190,BAO_0000219,cell-based format,CCCCCCCCc1csc(N2CCc3cc(S(=O)(=O)Nc4ccccc4)ccc32)n1,,,CHEMBL1131776,Bioorg Med Chem Lett,1999.0,"{'bei': '11.89', 'le': '0.24', 'lle': '-0.95', 'sei': '8.96'}",,CHEMBL54821,,CHEMBL54821,5.58,0,http://www.openphacts.org/units/Nanomolar,93359,=,1,1,=,,IC50,nM,,2600.0,CHEMBL213,Homo sapiens,Beta-1 adrenergic receptor,9606,,,IC50,nM,UO_0000065,,2600.0
,,168162,[],CHEMBL883288,In vitro binding affinity towards cloned human beta-1 adrenergic receptor using [125I]iodocyanopindolol as radioligand to stimulate increase in cAMP in CHO cells,B,,,BAO_0000190,BAO_0000219,cell-based format,CCCCCCCCc1ccnc(N2CCc3cc(S(=O)(=O)Nc4ccccc4)ccc32)n1,,,CHEMBL1131776,Bioorg Med Chem Lett,1999.0,"{'bei': '12.91', 'le': '0.25', 'lle': '0.13', 'sei': '7.98'}",,CHEMBL53359,,CHEMBL53359,6.00,0,http://www.openphacts.org/units/Nanomolar,93356,=,1,1,=,,IC50,nM,,1000.0,CHEMBL213,Homo sapiens,Beta-1 adrenergic receptor,9606,,,IC50,nM,UO_0000065,,1000.0
,,169315,[],CHEMBL883288,In vitro binding affinity towards cloned human beta-1 adrenergic receptor using [125I]iodocyanopindolol as radioligand to stimulate increase in cAMP in CHO cells,B,,,BAO_0000190,BAO_0000219,cell-based format,CCCCCCCCc1cccc(N2CCc3cc(S(=O)(=O)Nc4ccccc4)ccc32)n1,,,CHEMBL1131776,Bioorg Med Chem Lett,1999.0,"{'bei': '14.36', 'le': '0.28', 'lle': '0.18', 'sei': '10.69'}",,CHEMBL291467,,CHEMBL291467,6.66,0,http://www.openphacts.org/units/Nanomolar,93354,=,1,1,=,,IC50,nM,,220.0,CHEMBL213,Homo sapiens,Beta-1 adrenergic receptor,9606,,,IC50,nM,UO_0000065,,220.0
,,171706,[],CHEMBL883288,In vitro binding affinity towards cloned human beta-1 adrenergic receptor using [125I]iodocyanopindolol as radioligand to stimulate increase in cAMP in CHO cells,B,,,BAO_0000190,BAO_0000219,cell-based format,O=S(=O)(Nc1ccccc1)c1ccc2c(c1)CCN2c1noc(CCCC2CCCC2)n1,,,CHEMBL1131776,Bioorg Med Chem Lett,1999.0,"{'bei': '14.32', 'le': '0.28', 'lle': '1.40', 'sei': '7.34'}",,CHEMBL295502,,CHEMBL295502,6.48,0,http://www.openphacts.org/units/Nanomolar,93362,=,1,1,=,,IC50,nM,,330.0,CHEMBL213,Homo sapiens,Beta-1 adrenergic receptor,9606,,,IC50,nM,UO_0000065,,330.0
,,172920,[],CHEMBL883288,In vitro binding affinity towards cloned human beta-1 adrenergic receptor using [125I]iodocyanopindolol as radioligand to stimulate increase in cAMP in CHO cells,B,,,BAO_0000190,BAO_0000219,cell-based format,CN(CCc1ccccc1)C(=O)N1CCc2cc(S(=O)(=O)Nc3ccccc3)ccc21,,,CHEMBL1131776,Bioorg Med Chem Lett,1999.0,"{'bei': '11.48', 'le': '0.22', 'lle': '0.86', 'sei': '7.17'}",,CHEMBL301594,,CHEMBL301594,5.00,0,http://www.openphacts.org/units/Nanomolar,93366,=,1,1,=,,IC50,nM,,10000.0,CHEMBL213,Homo sapiens,Beta-1 adrenergic receptor,9606,,,IC50,nM,UO_0000065,,10000.0
,,176436,[],CHEMBL883288,In vitro binding affinity towards cloned human beta-1 adrenergic receptor using [125I]iodocyanopindolol as radioligand to stimulate increase in cAMP in CHO cells,B,,,BAO_0000190,BAO_0000219,cell-based format,CCCCCCNC(=O)N1CCc2cc(S(=O)(=O)Nc3ccccc3)ccc21,,,CHEMBL1131776,Bioorg Med Chem Lett,1999.0,"{'bei': '10.95', 'le': '0.21', 'lle': '0.26', 'sei': '5.60'}",,CHEMBL53842,,CHEMBL53842,4.40,0,http://www.openphacts.org/units/Nanomolar,93336,=,1,1,=,,IC50,nM,,40000.0,CHEMBL213,Homo sapiens,Beta-1 adrenergic receptor,9606,,,IC50,nM,UO_0000065,,40000.0
,,176440,[],CHEMBL883288,In vitro binding affinity towards cloned human beta-1 adrenergic receptor using [125I]iodocyanopindolol as radioligand to stimulate increase in cAMP in CHO cells,B,,,BAO_0000190,BAO_0000219,cell-based format,CCCCCCc1csc(N2CCc3cc(S(=O)(=O)Nc4ccccc4)ccc32)n1,,,CHEMBL1131776,Bioorg Med Chem Lett,1999.0,"{'bei': '13.26', 'le': '0.27', 'lle': '0.09', 'sei': '9.40'}",,CHEMBL298594,,CHEMBL298594,5.85,0,http://www.openphacts.org/units/Nanomolar,93360,=,1,1,=,,IC50,nM,,1400.0,CHEMBL213,Homo sapiens,Beta-1 adrenergic receptor,9606,,,IC50,nM,UO_0000065,,1400.0
,,177712,[],CHEMBL883288,In vitro binding affinity towards cloned human beta-1 adrenergic receptor using [125I]iodocyanopindolol as radioligand to stimulate increase in cAMP in CHO cells,B,,,BAO_0000190,BAO_0000219,cell-based format,CCCCCCCCc1csc(N(C)c2ccc(S(=O)(=O)Nc3ccccc3)cc2)n1,,,CHEMBL1131776,Bioorg Med Chem Lett,1999.0,"{'bei': '12.73', 'le': '0.26', 'lle': '-0.79', 'sei': '9.35'}",,CHEMBL56767,,CHEMBL56767,5.82,0,http://www.openphacts.org/units/Nanomolar,93344,=,1,1,=,,IC50,nM,,1500.0,CHEMBL213,Homo sapiens,Beta-1 adrenergic receptor,9606,,,IC50,nM,UO_0000065,,1500.0
,,180261,[],CHEMBL883288,In vitro binding affinity towards cloned human beta-1 adrenergic receptor using [125I]iodocyanopindolol as radioligand to stimulate increase in cAMP in CHO cells,B,,,BAO_0000190,BAO_0000219,cell-based format,CCCCCCc1nc(N2CCc3cc(S(=O)(=O)Nc4ccccc4)ccc32)no1,,,CHEMBL1131776,Bioorg Med Chem Lett,1999.0,"{'bei': '14.59', 'le': '0.28', 'lle': '1.53', 'sei': '7.04'}",,CHEMBL56768,,CHEMBL56768,6.22,0,http://www.openphacts.org/units/Nanomolar,93364,=,1,1,=,,IC50,nM,,600.0,CHEMBL213,Homo sapiens,Beta-1 adrenergic receptor,9606,,,IC50,nM,UO_0000065,,600.0
,,180265,[],CHEMBL883288,In vitro binding affinity towards cloned human beta-1 adrenergic receptor using [125I]iodocyanopindolol as radioligand to stimulate increase in cAMP in CHO cells,B,,,BAO_0000190,BAO_0000219,cell-based format,Cc1csc(N2CCc3cc(S(=O)(=O)Nc4ccccc4)ccc32)n1,,,CHEMBL1131776,Bioorg Med Chem Lett,1999.0,"{'bei': '14.53', 'le': '0.29', 'lle': '1.45', 'sei': '8.66'}",,CHEMBL433454,,CHEMBL433454,5.40,0,http://www.openphacts.org/units/Nanomolar,93361,=,1,1,=,,IC50,nM,,4000.0,CHEMBL213,Homo sapiens,Beta-1 adrenergic receptor,9606,,,IC50,nM,UO_0000065,,4000.0
,,180269,[],CHEMBL883288,In vitro binding affinity towards cloned human beta-1 adrenergic receptor using [125I]iodocyanopindolol as radioligand to stimulate increase in cAMP in CHO cells,B,,,BAO_0000190,BAO_0000219,cell-based format,CCCCCCCCc1cccc(N2CCc3cc(S(=O)(=O)Nc4ccccc4)ccc32)c1,,,CHEMBL1131776,Bioorg Med Chem Lett,1999.0,"{'bei': '12.11', 'le': '0.23', 'lle': '-1.48', 'sei': '11.34'}",,CHEMBL296380,,CHEMBL296380,5.60,0,http://www.openphacts.org/units/Nanomolar,93351,=,1,1,=,,IC50,nM,,2500.0,CHEMBL213,Homo sapiens,Beta-1 adrenergic receptor,9606,,,IC50,nM,UO_0000065,,2500.0
,,182805,[],CHEMBL883288,In vitro binding affinity towards cloned human beta-1 adrenergic receptor using [125I]iodocyanopindolol as radioligand to stimulate increase in cAMP in CHO cells,B,,,BAO_0000190,BAO_0000219,cell-based format,CCCCCCCCC(=O)N1CCc2cc(S(=O)(=O)Nc3ccccc3)ccc21,,,CHEMBL1131776,Bioorg Med Chem Lett,1999.0,"{'bei': '13.86', 'le': '0.27', 'lle': '0.61', 'sei': '8.64'}",,CHEMBL294008,,CHEMBL294008,5.75,0,http://www.openphacts.org/units/Nanomolar,93335,=,1,1,=,,IC50,nM,,1800.0,CHEMBL213,Homo sapiens,Beta-1 adrenergic receptor,9606,,,IC50,nM,UO_0000065,,1800.0
,,182809,[],CHEMBL883288,In vitro binding affinity towards cloned human beta-1 adrenergic receptor using [125I]iodocyanopindolol as radioligand to stimulate increase in cAMP in CHO cells,B,,,BAO_0000190,BAO_0000219,cell-based format,CCCCCCCCNC(=O)N1CCc2cc(S(=O)(=O)Nc3ccccc3)ccc21,,,CHEMBL1131776,Bioorg Med Chem Lett,1999.0,"{'bei': '13.97', 'le': '0.27', 'lle': '1.08', 'sei': '7.64'}",,CHEMBL57430,,CHEMBL57430,6.00,0,http://www.openphacts.org/units/Nanomolar,93339,=,1,1,=,,IC50,nM,,1000.0,CHEMBL213,Homo sapiens,Beta-1 adrenergic receptor,9606,,,IC50,nM,UO_0000065,,1000.0
,,182812,[],CHEMBL883288,In vitro binding affinity towards cloned human beta-1 adrenergic receptor using [125I]iodocyanopindolol as radioligand to stimulate increase in cAMP in CHO cells,B,,,BAO_0000190,BAO_0000219,cell-based format,CN(C(=O)N1CCc2cc(S(=O)(=O)Nc3ccccc3)ccc21)C(C)(C)Cc1ccccc1,,,CHEMBL1131776,Bioorg Med Chem Lett,1999.0,"{'bei': '11.91', 'le': '0.23', 'lle': '0.60', 'sei': '7.92'}",,CHEMBL53517,,CHEMBL53517,5.52,0,http://www.openphacts.org/units/Nanomolar,93365,=,1,1,=,,IC50,nM,,3000.0,CHEMBL213,Homo sapiens,Beta-1 adrenergic receptor,9606,,,IC50,nM,UO_0000065,,3000.0
,,306138,[],CHEMBL654209,Binding affinity towards cloned human Beta-1 adrenergic receptor prepared from CHO cells in the presence of [125I]iodocyanopindolol,B,,,BAO_0000190,BAO_0000219,cell-based format,CCC(=O)CCc1nc(-c2ccc(S(=O)(=O)Nc3ccc(CCNC[C@H](O)c4cccnc4)cc3)cc2)no1,,,CHEMBL1133131,Bioorg Med Chem Lett,2000.0,"{'bei': '8.37', 'le': '0.16', 'lle': '0.89', 'sei': '3.12'}",,CHEMBL33438,,CHEMBL33438,4.60,0,http://www.openphacts.org/units/Nanomolar,49017,=,1,1,=,,IC50,nM,,25000.0,CHEMBL213,Homo sapiens,Beta-1 adrenergic receptor,9606,,,IC50,nM,UO_0000065,,25000.0
,,307475,[],CHEMBL654209,Binding affinity towards cloned human Beta-1 adrenergic receptor prepared from CHO cells in the presence of [125I]iodocyanopindolol,B,,,BAO_0000190,BAO_0000219,cell-based format,CCCCCCCCc1nc(-c2ccc(S(=O)(=O)Nc3ccc(CCNC[C@H](O)c4cccnc4)cc3)cc2)no1,,,CHEMBL1133131,Bioorg Med Chem Lett,2000.0,"{'bei': '8.73', 'le': '0.17', 'lle': '-0.65', 'sei': '3.87'}",,CHEMBL285458,,CHEMBL285458,5.05,0,http://www.openphacts.org/units/Nanomolar,49022,=,1,1,=,,IC50,nM,,9000.0,CHEMBL213,Homo sapiens,Beta-1 adrenergic receptor,9606,,,IC50,nM,UO_0000065,,9000.0
,,308834,[],CHEMBL654209,Binding affinity towards cloned human Beta-1 adrenergic receptor prepared from CHO cells in the presence of [125I]iodocyanopindolol,B,,,BAO_0000190,BAO_0000219,cell-based format,Cc1nc(-c2ccc(S(=O)(=O)Nc3ccc(CCNC[C@H](O)c4cccnc4)cc3)cc2)no1,,,CHEMBL1133131,Bioorg Med Chem Lett,2000.0,"{'bei': '10.43', 'le': '0.20', 'lle': '1.89', 'sei': '3.84'}",,CHEMBL33168,,CHEMBL33168,5.00,0,http://www.openphacts.org/units/Nanomolar,49009,=,1,1,=,,IC50,nM,,10000.0,CHEMBL213,Homo sapiens,Beta-1 adrenergic receptor,9606,,,IC50,nM,UO_0000065,,10000.0
,,310118,[],CHEMBL654209,Binding affinity towards cloned human Beta-1 adrenergic receptor prepared from CHO cells in the presence of [125I]iodocyanopindolol,B,,,BAO_0000190,BAO_0000219,cell-based format,O=S(=O)(Nc1ccc(CCNC[C@H](O)c2cccnc2)cc1)c1ccc(-c2noc(CCCC3CCCCC3)n2)cc1,,,CHEMBL1133131,Bioorg Med Chem Lett,2000.0,"{'bei': '9.67', 'le': '0.19', 'lle': '0.01', 'sei': '4.38'}",,CHEMBL33755,,CHEMBL33755,5.71,0,http://www.openphacts.org/units/Nanomolar,49012,=,1,1,=,,IC50,nM,,1970.0,CHEMBL213,Homo sapiens,Beta-1 adrenergic receptor,9606,,,IC50,nM,UO_0000065,,1970.0
,,312833,[],CHEMBL654209,Binding affinity towards cloned human Beta-1 adrenergic receptor prepared from CHO cells in the presence of [125I]iodocyanopindolol,B,,,BAO_0000190,BAO_0000219,cell-based format,CC(C)CCCc1nc(-c2ccc(S(=O)(=O)Nc3ccc(CCNC[C@H](O)c4cccnc4)cc3)cc2)no1,,,CHEMBL1133131,Bioorg Med Chem Lett,2000.0,"{'bei': '8.34', 'le': '0.16', 'lle': '-0.19', 'sei': '3.52'}",,CHEMBL284965,,CHEMBL284965,4.58,0,http://www.openphacts.org/units/Nanomolar,49021,=,1,1,=,,IC50,nM,,26000.0,CHEMBL213,Homo sapiens,Beta-1 adrenergic receptor,9606,,,IC50,nM,UO_0000065,,26000.0
,,315326,[],CHEMBL654209,Binding affinity towards cloned human Beta-1 adrenergic receptor prepared from CHO cells in the presence of [125I]iodocyanopindolol,B,,,BAO_0000190,BAO_0000219,cell-based format,CCCCCc1nc(-c2ccc(S(=O)(=O)Nc3ccc(CCNC[C@H](O)c4cccnc4)cc3)cc2)no1,,,CHEMBL1133131,Bioorg Med Chem Lett,2000.0,"{'bei': '9.82', 'le': '0.19', 'lle': '0.73', 'sei': '4.04'}",,CHEMBL33725,,CHEMBL33725,5.26,0,http://www.openphacts.org/units/Nanomolar,49018,=,1,1,=,,IC50,nM,,5500.0,CHEMBL213,Homo sapiens,Beta-1 adrenergic receptor,9606,,,IC50,nM,UO_0000065,,5500.0
,,315336,[],CHEMBL654209,Binding affinity towards cloned human Beta-1 adrenergic receptor prepared from CHO cells in the presence of [125I]iodocyanopindolol,B,,,BAO_0000190,BAO_0000219,cell-based format,CC(O)CCCc1nc(-c2ccc(S(=O)(=O)Nc3ccc(CCNC[C@H](O)c4cccnc4)cc3)cc2)no1,,,CHEMBL1133131,Bioorg Med Chem Lett,2000.0,"{'bei': '9.06', 'le': '0.18', 'lle': '1.50', 'sei': '3.32'}",,CHEMBL418411,,CHEMBL418411,5.00,0,http://www.openphacts.org/units/Nanomolar,49014,=,1,1,=,,IC50,nM,,10000.0,CHEMBL213,Homo sapiens,Beta-1 adrenergic receptor,9606,,,IC50,nM,UO_0000065,,10000.0
,,317793,[],CHEMBL654209,Binding affinity towards cloned human Beta-1 adrenergic receptor prepared from CHO cells in the presence of [125I]iodocyanopindolol,B,,,BAO_0000190,BAO_0000219,cell-based format,O=C(CCc1nc(-c2ccc(S(=O)(=O)Nc3ccc(CCNC[C@H](O)c4cccnc4)cc3)cc2)no1)N1CCCC1,,,CHEMBL1133131,Bioorg Med Chem Lett,2000.0,"{'bei': '7.66', 'le': '0.15', 'lle': '1.17', 'sei': '3.00'}",,CHEMBL32996,,CHEMBL32996,4.52,0,http://www.openphacts.org/units/Nanomolar,49011,=,1,1,=,,IC50,nM,,30000.0,CHEMBL213,Homo sapiens,Beta-1 adrenergic receptor,9606,,,IC50,nM,UO_0000065,,30000.0
,,320246,[],CHEMBL654209,Binding affinity towards cloned human Beta-1 adrenergic receptor prepared from CHO cells in the presence of [125I]iodocyanopindolol,B,,,BAO_0000190,BAO_0000219,cell-based format,CCCCCCCc1nc(-c2ccc(S(=O)(=O)Nc3ccc(CCNC[C@H](O)c4cccnc4)cc3)cc2)no1,,,CHEMBL1133131,Bioorg Med Chem Lett,2000.0,"{'bei': '10.11', 'le': '0.19', 'lle': '0.39', 'sei': '4.38'}",,CHEMBL288083,,CHEMBL288083,5.70,0,http://www.openphacts.org/units/Nanomolar,49020,=,1,1,=,,IC50,nM,,2000.0,CHEMBL213,Homo sapiens,Beta-1 adrenergic receptor,9606,,,IC50,nM,UO_0000065,,2000.0
,,320250,[],CHEMBL654209,Binding affinity towards cloned human Beta-1 adrenergic receptor prepared from CHO cells in the presence of [125I]iodocyanopindolol,B,,,BAO_0000190,BAO_0000219,cell-based format,CC(=O)CCCc1nc(-c2ccc(S(=O)(=O)Nc3ccc(CCNC[C@H](O)c4cccnc4)cc3)cc2)no1,,,CHEMBL1133131,Bioorg Med Chem Lett,2000.0,"{'bei': '7.56', 'le': '0.15', 'lle': '0.44', 'sei': '2.82'}",,CHEMBL286800,,CHEMBL286800,4.16,0,http://www.openphacts.org/units/Nanomolar,49015,=,1,1,=,,IC50,nM,,70000.0,CHEMBL213,Homo sapiens,Beta-1 adrenergic receptor,9606,,,IC50,nM,UO_0000065,,70000.0
,,326367,[],CHEMBL654209,Binding affinity towards cloned human Beta-1 adrenergic receptor prepared from CHO cells in the presence of [125I]iodocyanopindolol,B,,,BAO_0000190,BAO_0000219,cell-based format,O=S(=O)(Nc1ccc(CCNC[C@H](O)c2cccnc2)cc1)c1ccc(-c2noc(CCCC3CCCC3)n2)cc1,,,CHEMBL1133131,Bioorg Med Chem Lett,2000.0,"{'bei': '9.14', 'le': '0.18', 'lle': '-0.05', 'sei': '4.04'}",,CHEMBL433042,,CHEMBL433042,5.26,0,http://www.openphacts.org/units/Nanomolar,49013,=,1,1,=,,IC50,nM,,5500.0,CHEMBL213,Homo sapiens,Beta-1 adrenergic receptor,9606,,,IC50,nM,UO_0000065,,5500.0
,,333133,[],CHEMBL654209,Binding affinity towards cloned human Beta-1 adrenergic receptor prepared from CHO cells in the presence of [125I]iodocyanopindolol,B,,,BAO_0000190,BAO_0000219,cell-based format,CCCc1nc(-c2ccc(S(=O)(=O)Nc3ccc(CCNC[C@H](O)c4cccnc4)cc3)cc2)no1,,,CHEMBL1133131,Bioorg Med Chem Lett,2000.0,"{'bei': '9.99', 'le': '0.19', 'lle': '1.32', 'sei': '3.89'}",,CHEMBL33013,,CHEMBL33013,5.07,0,http://www.openphacts.org/units/Nanomolar,49024,=,1,1,=,,IC50,nM,,8500.0,CHEMBL213,Homo sapiens,Beta-1 adrenergic receptor,9606,,,IC50,nM,UO_0000065,,8500.0
,,334522,[],CHEMBL654209,Binding affinity towards cloned human Beta-1 adrenergic receptor prepared from CHO cells in the presence of [125I]iodocyanopindolol,B,,,BAO_0000190,BAO_0000219,cell-based format,CCCCc1nc(-c2ccc(S(=O)(=O)Nc3ccc(CCNC[C@H](O)c4cccnc4)cc3)cc2)no1,,,CHEMBL1133131,Bioorg Med Chem Lett,2000.0,"{'bei': '8.17', 'le': '0.16', 'lle': '0.12', 'sei': '3.27'}",,CHEMBL286139,,CHEMBL286139,4.26,0,http://www.openphacts.org/units/Nanomolar,49023,=,1,1,=,,IC50,nM,,55000.0,CHEMBL213,Homo sapiens,Beta-1 adrenergic receptor,9606,,,IC50,nM,UO_0000065,,55000.0
,,335669,[],CHEMBL654209,Binding affinity towards cloned human Beta-1 adrenergic receptor prepared from CHO cells in the presence of [125I]iodocyanopindolol,B,,,BAO_0000190,BAO_0000219,cell-based format,O=S(=O)(Nc1ccc(CCNC[C@H](O)c2cccnc2)cc1)c1ccc(-c2noc(CCOC3CCCC3)n2)cc1,,,CHEMBL1133131,Bioorg Med Chem Lett,2000.0,"{'bei': '8.79', 'le': '0.17', 'lle': '0.78', 'sei': '3.64'}",,CHEMBL285242,,CHEMBL285242,5.08,0,http://www.openphacts.org/units/Nanomolar,49010,=,1,1,=,,IC50,nM,,8333.0,CHEMBL213,Homo sapiens,Beta-1 adrenergic receptor,9606,,,IC50,nM,UO_0000065,,8333.0
,,338235,[],CHEMBL654209,Binding affinity towards cloned human Beta-1 adrenergic receptor prepared from CHO cells in the presence of [125I]iodocyanopindolol,B,,,BAO_0000190,BAO_0000219,cell-based format,CCCCCCc1nc(-c2ccc(S(=O)(=O)Nc3ccc(CCNC[C@H](O)c4cccnc4)cc3)cc2)no1,,,CHEMBL1133131,Bioorg Med Chem Lett,2000.0,"{'bei': '10.37', 'le': '0.20', 'lle': '0.78', 'sei': '4.38'}",,CHEMBL285481,,CHEMBL285481,5.70,0,http://www.openphacts.org/units/Nanomolar,49019,=,1,1,=,,IC50,nM,,2000.0,CHEMBL213,Homo sapiens,Beta-1 adrenergic receptor,9606,,,IC50,nM,UO_0000065,,2000.0
,,344628,[],CHEMBL654209,Binding affinity towards cloned human Beta-1 adrenergic receptor prepared from CHO cells in the presence of [125I]iodocyanopindolol,B,,,BAO_0000190,BAO_0000219,cell-based format,CCC(O)CCc1nc(-c2ccc(S(=O)(=O)Nc3ccc(CCNC[C@H](O)c4cccnc4)cc3)cc2)no1,,,CHEMBL1133131,Bioorg Med Chem Lett,2000.0,"{'bei': '7.71', 'le': '0.15', 'lle': '0.75', 'sei': '2.83'}",,CHEMBL34328,,CHEMBL34328,4.25,0,http://www.openphacts.org/units/Nanomolar,49016,=,1,1,=,,IC50,nM,,56000.0,CHEMBL213,Homo sapiens,Beta-1 adrenergic receptor,9606,,,IC50,nM,UO_0000065,,56000.0
,,345749,[],CHEMBL649968,Evaluated for its agonist activity and the binding affinity against human Beta-1 adrenergic receptor in membranes from chinese hamster ovary cell,B,,,BAO_0000190,BAO_0000219,cell-based format,COc1ccc(OC[C@@H](O)CNCCc2ccc(NS(=O)(=O)c3ccc(I)cc3)cc2)cc1,,,CHEMBL1131392,Bioorg Med Chem Lett,1998.0,"{'bei': '10.41', 'le': '0.25', 'lle': '2.40', 'sei': '6.26'}",,CHEMBL67886,,CHEMBL67886,6.07,0,http://www.openphacts.org/units/Nanomolar,115492,=,1,1,=,,IC50,nM,,860.0,CHEMBL213,Homo sapiens,Beta-1 adrenergic receptor,9606,,,IC50,nM,UO_0000065,,860.0
,,352561,[],CHEMBL649968,Evaluated for its agonist activity and the binding affinity against human Beta-1 adrenergic receptor in membranes from chinese hamster ovary cell,B,,,BAO_0000190,BAO_0000219,cell-based format,Nc1ccc(OC[C@@H](O)CNCCc2ccc(NS(=O)(=O)c3ccc(Br)cc3)cc2)cn1,,,CHEMBL1131392,Bioorg Med Chem Lett,1998.0,"{'bei': '10.12', 'le': '0.23', 'lle': '2.48', 'sei': '4.17'}",,CHEMBL63842,,CHEMBL63842,5.28,0,http://www.openphacts.org/units/Nanomolar,115469,=,1,1,=,,IC50,nM,,5300.0,CHEMBL213,Homo sapiens,Beta-1 adrenergic receptor,9606,,,IC50,nM,UO_0000065,,5300.0
,,354109,[],CHEMBL649968,Evaluated for its agonist activity and the binding affinity against human Beta-1 adrenergic receptor in membranes from chinese hamster ovary cell,B,,,BAO_0000190,BAO_0000219,cell-based format,Nc1ccc(OC[C@@H](O)CNCCc2ccc(NS(=O)(=O)c3cnc4ccccc4c3)cc2)cn1,,,CHEMBL1131392,Bioorg Med Chem Lett,1998.0,"{'bei': '10.54', 'le': '0.20', 'lle': '2.62', 'sei': '3.73'}",,CHEMBL67461,,CHEMBL67461,5.20,0,http://www.openphacts.org/units/Nanomolar,115473,=,1,1,=,,IC50,nM,,6300.0,CHEMBL213,Homo sapiens,Beta-1 adrenergic receptor,9606,,,IC50,nM,UO_0000065,,6300.0
,,356975,[],CHEMBL649968,Evaluated for its agonist activity and the binding affinity against human Beta-1 adrenergic receptor in membranes from chinese hamster ovary cell,B,,,BAO_0000190,BAO_0000219,cell-based format,COc1ccc(S(=O)(=O)Nc2ccc(CCNC[C@H](O)COc3ccc(N)nc3)cc2)cc1,,,CHEMBL1131392,Bioorg Med Chem Lett,1998.0,"{'bei': '11.13', 'le': '0.22', 'lle': '3.21', 'sei': '3.87'}",,CHEMBL67416,,CHEMBL67416,5.26,0,http://www.openphacts.org/units/Nanomolar,115482,=,1,1,=,,IC50,nM,,5500.0,CHEMBL213,Homo sapiens,Beta-1 adrenergic receptor,9606,,,IC50,nM,UO_0000065,,5500.0
,,358430,[],CHEMBL649968,Evaluated for its agonist activity and the binding affinity against human Beta-1 adrenergic receptor in membranes from chinese hamster ovary cell,B,,,BAO_0000190,BAO_0000219,cell-based format,Nc1ccc(OC[C@@H](O)CNCCc2ccc(NS(=O)(=O)c3ccc(Cl)cc3)cc2)cn1,,,CHEMBL1131392,Bioorg Med Chem Lett,1998.0,"{'bei': '11.95', 'le': '0.24', 'lle': '3.01', 'sei': '4.50'}",,CHEMBL67534,,CHEMBL67534,5.70,0,http://www.openphacts.org/units/Nanomolar,115470,=,1,1,=,,IC50,nM,,2000.0,CHEMBL213,Homo sapiens,Beta-1 adrenergic receptor,9606,,,IC50,nM,UO_0000065,,2000.0
,,359866,[],CHEMBL649968,Evaluated for its agonist activity and the binding affinity against human Beta-1 adrenergic receptor in membranes from chinese hamster ovary cell,B,,,BAO_0000190,BAO_0000219,cell-based format,O=S(=O)(Nc1ccc(CCNC[C@H](O)COc2cccnc2)cc1)c1ccc(Cl)cc1,,,CHEMBL1131392,Bioorg Med Chem Lett,1998.0,"{'bei': '12.99', 'le': '0.26', 'lle': '2.89', 'sei': '5.97'}",,CHEMBL64936,,CHEMBL64936,6.00,0,http://www.openphacts.org/units/Nanomolar,115486,=,1,1,=,,IC50,nM,,1000.0,CHEMBL213,Homo sapiens,Beta-1 adrenergic receptor,9606,,,IC50,nM,UO_0000065,,1000.0
,,362229,[],CHEMBL649968,Evaluated for its agonist activity and the binding affinity against human Beta-1 adrenergic receptor in membranes from chinese hamster ovary cell,B,,,BAO_0000190,BAO_0000219,cell-based format,Nc1ccc(OC[C@@H](O)CNCCc2ccc(NS(=O)(=O)c3ccc(I)cc3)cc2)cn1,,,CHEMBL1131392,Bioorg Med Chem Lett,1998.0,"{'bei': '10.56', 'le': '0.26', 'lle': '3.36', 'sei': '4.74'}",,CHEMBL64201,,CHEMBL64201,6.00,0,http://www.openphacts.org/units/Nanomolar,115467,=,1,1,=,,IC50,nM,,1000.0,CHEMBL213,Homo sapiens,Beta-1 adrenergic receptor,9606,,,IC50,nM,UO_0000065,,1000.0
,,362233,[],CHEMBL649968,Evaluated for its agonist activity and the binding affinity against human Beta-1 adrenergic receptor in membranes from chinese hamster ovary cell,B,,,BAO_0000190,BAO_0000219,cell-based format,O=S(=O)(Nc1ccc(CCNC[C@H](O)COc2cccnc2)cc1)c1ccccc1,,,CHEMBL1131392,Bioorg Med Chem Lett,1998.0,"{'bei': '13.77', 'le': '0.27', 'lle': '3.44', 'sei': '5.85'}",,CHEMBL67251,,CHEMBL67251,5.89,0,http://www.openphacts.org/units/Nanomolar,115490,=,1,1,=,,IC50,nM,,1300.0,CHEMBL213,Homo sapiens,Beta-1 adrenergic receptor,9606,,,IC50,nM,UO_0000065,,1300.0
,,362237,[],CHEMBL649968,Evaluated for its agonist activity and the binding affinity against human Beta-1 adrenergic receptor in membranes from chinese hamster ovary cell,B,,,BAO_0000190,BAO_0000219,cell-based format,Nc1ccc(OC[C@@H](O)CNCCc2ccc(NS(=O)(=O)c3ccccc3)cc2)cn1,,,CHEMBL1131392,Bioorg Med Chem Lett,1998.0,"{'bei': '11.30', 'le': '0.22', 'lle': '2.96', 'sei': '3.95'}",,CHEMBL67993,,CHEMBL67993,5.00,0,http://www.openphacts.org/units/Nanomolar,115474,=,1,1,=,,IC50,nM,,10000.0,CHEMBL213,Homo sapiens,Beta-1 adrenergic receptor,9606,,,IC50,nM,UO_0000065,,10000.0
,,363900,[],CHEMBL649968,Evaluated for its agonist activity and the binding affinity against human Beta-1 adrenergic receptor in membranes from chinese hamster ovary cell,B,,,BAO_0000190,BAO_0000219,cell-based format,Nc1ccc(OC[C@@H](O)CNCCc2ccc(NS(=O)(=O)c3ccc(F)cc3)cc2)cn1,,,CHEMBL1131392,Bioorg Med Chem Lett,1998.0,"{'bei': '12.37', 'le': '0.24', 'lle': '3.52', 'sei': '4.50'}",,CHEMBL67672,,CHEMBL67672,5.70,0,http://www.openphacts.org/units/Nanomolar,115471,=,1,1,=,,IC50,nM,,2000.0,CHEMBL213,Homo sapiens,Beta-1 adrenergic receptor,9606,,,IC50,nM,UO_0000065,,2000.0
,,365435,[],CHEMBL649968,Evaluated for its agonist activity and the binding affinity against human Beta-1 adrenergic receptor in membranes from chinese hamster ovary cell,B,,,BAO_0000190,BAO_0000219,cell-based format,O=S(=O)(Nc1ccc(CCNC[C@H](O)COc2ccc(F)cc2)cc1)c1ccc(I)cc1,,,CHEMBL1131392,Bioorg Med Chem Lett,1998.0,"{'bei': '10.59', 'le': '0.26', 'lle': '2.24', 'sei': '6.89'}",,CHEMBL304878,,CHEMBL304878,6.04,0,http://www.openphacts.org/units/Nanomolar,115466,=,1,1,=,,IC50,nM,,910.0,CHEMBL213,Homo sapiens,Beta-1 adrenergic receptor,9606,,,IC50,nM,UO_0000065,,910.0
,,366923,[],CHEMBL649968,Evaluated for its agonist activity and the binding affinity against human Beta-1 adrenergic receptor in membranes from chinese hamster ovary cell,B,,,BAO_0000190,BAO_0000219,cell-based format,O=S(=O)(Nc1ccc(CCNC[C@H](O)COc2cccnc2)cc1)c1ccc(F)cc1,,,CHEMBL1131392,Bioorg Med Chem Lett,1998.0,"{'bei': '13.47', 'le': '0.26', 'lle': '3.41', 'sei': '5.97'}",,CHEMBL64932,,CHEMBL64932,6.00,0,http://www.openphacts.org/units/Nanomolar,115487,=,1,1,=,,IC50,nM,,1000.0,CHEMBL213,Homo sapiens,Beta-1 adrenergic receptor,9606,,,IC50,nM,UO_0000065,,1000.0
,,366927,[],CHEMBL649968,Evaluated for its agonist activity and the binding affinity against human Beta-1 adrenergic receptor in membranes from chinese hamster ovary cell,B,,,BAO_0000190,BAO_0000219,cell-based format,CC(C)c1ccc(S(=O)(=O)Nc2ccc(CCNC[C@H](O)COc3cccnc3)cc2)cc1,,,CHEMBL1131392,Bioorg Med Chem Lett,1998.0,"{'bei': '12.78', 'le': '0.25', 'lle': '2.42', 'sei': '5.97'}",,CHEMBL292947,,CHEMBL292947,6.00,0,http://www.openphacts.org/units/Nanomolar,115475,=,1,1,=,,IC50,nM,,1000.0,CHEMBL213,Homo sapiens,Beta-1 adrenergic receptor,9606,,,IC50,nM,UO_0000065,,1000.0
,,368334,[],CHEMBL649968,Evaluated for its agonist activity and the binding affinity against human Beta-1 adrenergic receptor in membranes from chinese hamster ovary cell,B,,,BAO_0000190,BAO_0000219,cell-based format,O=S(=O)(Nc1ccc(CCNC[C@H](O)COc2ccc(O)cc2)cc1)c1ccc(I)cc1,,,CHEMBL1131392,Bioorg Med Chem Lett,1998.0,"{'bei': '11.91', 'le': '0.29', 'lle': '3.40', 'sei': '6.27'}",,CHEMBL276257,,CHEMBL276257,6.77,0,http://www.openphacts.org/units/Nanomolar,115465,=,1,1,=,,IC50,nM,,170.0,CHEMBL213,Homo sapiens,Beta-1 adrenergic receptor,9606,,,IC50,nM,UO_0000065,,170.0
,,369690,[],CHEMBL649968,Evaluated for its agonist activity and the binding affinity against human Beta-1 adrenergic receptor in membranes from chinese hamster ovary cell,B,,,BAO_0000190,BAO_0000219,cell-based format,CCc1ccc(S(=O)(=O)Nc2ccc(CCNC[C@H](O)COc3ccc(N)nc3)cc2)cc1,,,CHEMBL1131392,Bioorg Med Chem Lett,1998.0,"{'bei': '13.51', 'le': '0.26', 'lle': '3.76', 'sei': '5.02'}",,CHEMBL304090,,CHEMBL304090,6.36,0,http://www.openphacts.org/units/Nanomolar,115481,=,1,1,=,,IC50,nM,,440.0,CHEMBL213,Homo sapiens,Beta-1 adrenergic receptor,9606,,,IC50,nM,UO_0000065,,440.0
,,372438,[],CHEMBL649968,Evaluated for its agonist activity and the binding affinity against human Beta-1 adrenergic receptor in membranes from chinese hamster ovary cell,B,,,BAO_0000190,BAO_0000219,cell-based format,CCCCCCNC(=O)Nc1ccc(S(=O)(=O)Nc2ccc(CCNC[C@H](O)COc3ccc(N)nc3)cc2)cc1,,,CHEMBL1131392,Bioorg Med Chem Lett,1998.0,"{'bei': '10.34', 'le': '0.20', 'lle': '2.31', 'sei': '3.61'}",,CHEMBL68408,,CHEMBL68408,6.05,0,http://www.openphacts.org/units/Nanomolar,115472,=,1,1,=,,IC50,nM,,900.0,CHEMBL213,Homo sapiens,Beta-1 adrenergic receptor,9606,,,IC50,nM,UO_0000065,,900.0
,,373999,[],CHEMBL649968,Evaluated for its agonist activity and the binding affinity against human Beta-1 adrenergic receptor in membranes from chinese hamster ovary cell,B,,,BAO_0000190,BAO_0000219,cell-based format,O=S(=O)(Nc1ccc(CCNC[C@H](O)COc2cccnc2)cc1)c1ccc(Br)cc1,,,CHEMBL1131392,Bioorg Med Chem Lett,1998.0,"{'bei': '11.25', 'le': '0.25', 'lle': '2.48', 'sei': '5.67'}",,CHEMBL64935,,CHEMBL64935,5.70,0,http://www.openphacts.org/units/Nanomolar,115485,=,1,1,=,,IC50,nM,,2000.0,CHEMBL213,Homo sapiens,Beta-1 adrenergic receptor,9606,,,IC50,nM,UO_0000065,,2000.0
,,374002,[],CHEMBL649968,Evaluated for its agonist activity and the binding affinity against human Beta-1 adrenergic receptor in membranes from chinese hamster ovary cell,B,,,BAO_0000190,BAO_0000219,cell-based format,O=S(=O)(Nc1ccc(CCNC[C@H](O)COc2cccnc2)cc1)c1ccc(Cl)c(Cl)c1,,,CHEMBL1131392,Bioorg Med Chem Lett,1998.0,"{'bei': '13.17', 'le': '0.28', 'lle': '2.78', 'sei': '6.50'}",,CHEMBL65042,,CHEMBL65042,6.54,0,http://www.openphacts.org/units/Nanomolar,115484,=,1,1,=,,IC50,nM,,290.0,CHEMBL213,Homo sapiens,Beta-1 adrenergic receptor,9606,,,IC50,nM,UO_0000065,,290.0
,,374005,[],CHEMBL649968,Evaluated for its agonist activity and the binding affinity against human Beta-1 adrenergic receptor in membranes from chinese hamster ovary cell,B,,,BAO_0000190,BAO_0000219,cell-based format,CCc1ccc(S(=O)(=O)Nc2ccc(CCNC[C@H](O)COc3cccnc3)cc2)cc1,,,CHEMBL1131392,Bioorg Med Chem Lett,1998.0,"{'bei': '13.67', 'le': '0.27', 'lle': '3.21', 'sei': '6.20'}",,CHEMBL68021,,CHEMBL68021,6.23,0,http://www.openphacts.org/units/Nanomolar,115476,=,1,1,=,,IC50,nM,,590.0,CHEMBL213,Homo sapiens,Beta-1 adrenergic receptor,9606,,,IC50,nM,UO_0000065,,590.0
,,376742,[],CHEMBL649968,Evaluated for its agonist activity and the binding affinity against human Beta-1 adrenergic receptor in membranes from chinese hamster ovary cell,B,,,BAO_0000190,BAO_0000219,cell-based format,O=S(=O)(Nc1ccc(CCNC[C@H](O)COc2ccccc2)cc1)c1ccc(I)cc1,,,CHEMBL1131392,Bioorg Med Chem Lett,1998.0,"{'bei': '12.85', 'le': '0.31', 'lle': '3.44', 'sei': '8.10'}",,CHEMBL442172,,CHEMBL442172,7.10,0,http://www.openphacts.org/units/Nanomolar,115493,=,1,1,=,,IC50,nM,,80.0,CHEMBL213,Homo sapiens,Beta-1 adrenergic receptor,9606,,,IC50,nM,UO_0000065,,80.0
,,378101,[],CHEMBL649968,Evaluated for its agonist activity and the binding affinity against human Beta-1 adrenergic receptor in membranes from chinese hamster ovary cell,B,,,BAO_0000190,BAO_0000219,cell-based format,O=S(=O)(Nc1ccc(CCNC[C@H](O)COc2cccnc2)cc1)c1cnc2ccccc2c1,,,CHEMBL1131392,Bioorg Med Chem Lett,1998.0,"{'bei': '12.30', 'le': '0.24', 'lle': '2.89', 'sei': '5.19'}",,CHEMBL68334,,CHEMBL68334,5.89,0,http://www.openphacts.org/units/Nanomolar,115489,=,1,1,=,,IC50,nM,,1300.0,CHEMBL213,Homo sapiens,Beta-1 adrenergic receptor,9606,,,IC50,nM,UO_0000065,,1300.0
,,378105,[],CHEMBL649968,Evaluated for its agonist activity and the binding affinity against human Beta-1 adrenergic receptor in membranes from chinese hamster ovary cell,B,,,BAO_0000190,BAO_0000219,cell-based format,CC(C)c1ccc(S(=O)(=O)Nc2ccc(CCNC[C@H](O)COc3ccc(N)nc3)cc2)cc1,,,CHEMBL1131392,Bioorg Med Chem Lett,1998.0,"{'bei': '11.85', 'le': '0.23', 'lle': '2.58', 'sei': '4.54'}",,CHEMBL64760,,CHEMBL64760,5.75,0,http://www.openphacts.org/units/Nanomolar,115480,=,1,1,=,,IC50,nM,,1800.0,CHEMBL213,Homo sapiens,Beta-1 adrenergic receptor,9606,,,IC50,nM,UO_0000065,,1800.0
,,380945,[],CHEMBL649968,Evaluated for its agonist activity and the binding affinity against human Beta-1 adrenergic receptor in membranes from chinese hamster ovary cell,B,,,BAO_0000190,BAO_0000219,cell-based format,CCCCCCNC(=O)Nc1ccc(S(=O)(=O)Nc2ccc(CCNC[C@H](O)COc3cccnc3)cc2)cc1,,,CHEMBL1131392,Bioorg Med Chem Lett,1998.0,"{'bei': '10.92', 'le': '0.21', 'lle': '2.06', 'sei': '4.39'}",,CHEMBL67015,,CHEMBL67015,6.22,0,http://www.openphacts.org/units/Nanomolar,115488,=,1,1,=,,IC50,nM,,600.0,CHEMBL213,Homo sapiens,Beta-1 adrenergic receptor,9606,,,IC50,nM,UO_0000065,,600.0
,,382428,[],CHEMBL649968,Evaluated for its agonist activity and the binding affinity against human Beta-1 adrenergic receptor in membranes from chinese hamster ovary cell,B,,,BAO_0000190,BAO_0000219,cell-based format,COc1ccc(S(=O)(=O)Nc2ccc(CCNC[C@H](O)COc3cccnc3)cc2)cc1,,,CHEMBL1131392,Bioorg Med Chem Lett,1998.0,"{'bei': '13.11', 'le': '0.26', 'lle': '3.54', 'sei': '5.47'}",,CHEMBL66964,,CHEMBL66964,6.00,0,http://www.openphacts.org/units/Nanomolar,115483,=,1,1,=,,IC50,nM,,1000.0,CHEMBL213,Homo sapiens,Beta-1 adrenergic receptor,9606,,,IC50,nM,UO_0000065,,1000.0
,,382432,[],CHEMBL649968,Evaluated for its agonist activity and the binding affinity against human Beta-1 adrenergic receptor in membranes from chinese hamster ovary cell,B,,,BAO_0000190,BAO_0000219,cell-based format,Nc1ccc(OC[C@@H](O)CNCCc2ccc(NS(=O)(=O)c3ccc(Cl)c(Cl)c3)cc2)cn1,,,CHEMBL1131392,Bioorg Med Chem Lett,1998.0,"{'bei': '12.37', 'le': '0.26', 'lle': '2.99', 'sei': '5.00'}",,CHEMBL66859,,CHEMBL66859,6.33,0,http://www.openphacts.org/units/Nanomolar,115468,=,1,1,=,,IC50,nM,,470.0,CHEMBL213,Homo sapiens,Beta-1 adrenergic receptor,9606,,,IC50,nM,UO_0000065,,470.0
,,389782,[],CHEMBL649968,Evaluated for its agonist activity and the binding affinity against human Beta-1 adrenergic receptor in membranes from chinese hamster ovary cell,B,,,BAO_0000190,BAO_0000219,cell-based format,O=S(=O)(Nc1ccc(CCNC[C@H](O)COc2cccnc2)cc1)c1ccc(I)cc1,,,CHEMBL1131392,Bioorg Med Chem Lett,1998.0,"{'bei': '10.84', 'le': '0.26', 'lle': '2.94', 'sei': '5.97'}",,CHEMBL294042,L-749372,CHEMBL294042,6.00,0,http://www.openphacts.org/units/Nanomolar,115491,=,1,1,=,,IC50,nM,,1000.0,CHEMBL213,Homo sapiens,Beta-1 adrenergic receptor,9606,,,IC50,nM,UO_0000065,,1000.0
,,391105,[],CHEMBL652504,In vitro binding affinity at beta-1 adrenergic receptors in the presence of [125I]iodocyanopindolol.,B,,,BAO_0000190,BAO_0000357,single protein format,CCCCCCc1ncc(-c2ccc(S(=O)(=O)Nc3ccc(CCNC[C@H](O)c4cccnc4)cc3)cc2)o1,,,CHEMBL1133227,Bioorg Med Chem Lett,2000.0,"{'bei': '9.52', 'le': '0.18', 'lle': '-0.31', 'sei': '4.45'}",,CHEMBL285713,,CHEMBL285713,5.22,0,http://www.openphacts.org/units/Nanomolar,60701,=,1,1,=,,IC50,nM,,6000.0,CHEMBL213,Homo sapiens,Beta-1 adrenergic receptor,9606,,,IC50,nM,UO_0000065,,6000.0
,,392459,[],CHEMBL652504,In vitro binding affinity at beta-1 adrenergic receptors in the presence of [125I]iodocyanopindolol.,B,,,BAO_0000190,BAO_0000357,single protein format,O=S(=O)(Nc1ccc(CCNC[C@H](O)c2cccnc2)cc1)c1ccc(-c2cnc(-c3ccccc3)o2)cc1,,,CHEMBL1133227,Bioorg Med Chem Lett,2000.0,"{'bei': '10.22', 'le': '0.19', 'lle': '0.45', 'sei': '4.71'}",,CHEMBL39269,,CHEMBL39269,5.52,0,http://www.openphacts.org/units/Nanomolar,60692,=,1,1,=,,IC50,nM,,3000.0,CHEMBL213,Homo sapiens,Beta-1 adrenergic receptor,9606,,,IC50,nM,UO_0000065,,3000.0
,,394859,[],CHEMBL652504,In vitro binding affinity at beta-1 adrenergic receptors in the presence of [125I]iodocyanopindolol.,B,,,BAO_0000190,BAO_0000357,single protein format,O=S(=O)(Nc1ccc(CCNC[C@H](O)c2cccnc2)cc1)c1ccc(-c2coc(-c3ccc(C(F)(F)F)cc3)n2)cc1,,,CHEMBL1133227,Bioorg Med Chem Lett,2000.0,"{'bei': '9.33', 'le': '0.18', 'lle': '-0.41', 'sei': '4.84'}",,CHEMBL290053,,CHEMBL290053,5.68,0,http://www.openphacts.org/units/Nanomolar,60685,=,1,1,=,,IC50,nM,,2100.0,CHEMBL213,Homo sapiens,Beta-1 adrenergic receptor,9606,,,IC50,nM,UO_0000065,,2100.0
,,397501,[],CHEMBL652504,In vitro binding affinity at beta-1 adrenergic receptors in the presence of [125I]iodocyanopindolol.,B,,,BAO_0000190,BAO_0000357,single protein format,O=S(=O)(Nc1ccc(CCNC[C@H](O)c2cccnc2)cc1)c1ccc(-c2cnc(CCC3CCCC3)o2)cc1,,,CHEMBL1133227,Bioorg Med Chem Lett,2000.0,"{'bei': '9.49', 'le': '0.18', 'lle': '-0.21', 'sei': '4.53'}",,CHEMBL38254,,CHEMBL38254,5.32,0,http://www.openphacts.org/units/Nanomolar,60682,=,1,1,=,,IC50,nM,,4800.0,CHEMBL213,Homo sapiens,Beta-1 adrenergic receptor,9606,,,IC50,nM,UO_0000065,,4800.0
,,404138,[],CHEMBL652504,In vitro binding affinity at beta-1 adrenergic receptors in the presence of [125I]iodocyanopindolol.,B,,,BAO_0000190,BAO_0000357,single protein format,O=S(=O)(Nc1ccc(CCNC[C@H](O)c2cccnc2)cc1)c1ccc(-c2cnc(-c3ccc(F)c(F)c3)o2)cc1,,,CHEMBL1133227,Bioorg Med Chem Lett,2000.0,"{'bei': '7.82', 'le': '0.15', 'lle': '-0.84', 'sei': '3.84'}",,CHEMBL38704,,CHEMBL38704,4.51,0,http://www.openphacts.org/units/Nanomolar,60690,=,1,1,=,,IC50,nM,,31000.0,CHEMBL213,Homo sapiens,Beta-1 adrenergic receptor,9606,,,IC50,nM,UO_0000065,,31000.0
,,404146,[],CHEMBL652504,In vitro binding affinity at beta-1 adrenergic receptors in the presence of [125I]iodocyanopindolol.,B,,,BAO_0000190,BAO_0000357,single protein format,O=S(=O)(Nc1ccc(CCNC[C@H](O)c2cccnc2)cc1)c1ccc(-c2coc(-c3ccc(F)c(F)c3)n2)cc1,,,CHEMBL1133227,Bioorg Med Chem Lett,2000.0,"{'bei': '9.92', 'le': '0.19', 'lle': '0.37', 'sei': '4.88'}",,CHEMBL40898,,CHEMBL40898,5.72,0,http://www.openphacts.org/units/Nanomolar,60684,=,1,1,=,,IC50,nM,,1900.0,CHEMBL213,Homo sapiens,Beta-1 adrenergic receptor,9606,,,IC50,nM,UO_0000065,,1900.0
,,408041,[],CHEMBL652504,In vitro binding affinity at beta-1 adrenergic receptors in the presence of [125I]iodocyanopindolol.,B,,,BAO_0000190,BAO_0000357,single protein format,O=S(=O)(Nc1ccc(CCNC[C@H](O)c2cccnc2)cc1)c1ccc(-c2cnc(CCCC3CCCC3)o2)cc1,,,CHEMBL1133227,Bioorg Med Chem Lett,2000.0,"{'bei': '10.44', 'le': '0.20', 'lle': '0.08', 'sei': '5.11'}",,CHEMBL287947,,CHEMBL287947,6.00,0,http://www.openphacts.org/units/Nanomolar,60699,=,1,1,=,,IC50,nM,,1000.0,CHEMBL213,Homo sapiens,Beta-1 adrenergic receptor,9606,,,IC50,nM,UO_0000065,,1000.0
,,408045,[],CHEMBL652504,In vitro binding affinity at beta-1 adrenergic receptors in the presence of [125I]iodocyanopindolol.,B,,,BAO_0000190,BAO_0000357,single protein format,Cc1nc(-c2ccc(S(=O)(=O)Nc3ccc(CCNC[C@H](O)c4cccnc4)cc3)cc2)co1,,,CHEMBL1133227,Bioorg Med Chem Lett,2000.0,"{'bei': '9.26', 'le': '0.18', 'lle': '0.72', 'sei': '3.78'}",,CHEMBL37512,,CHEMBL37512,4.43,0,http://www.openphacts.org/units/Nanomolar,60687,=,1,1,=,,IC50,nM,,37000.0,CHEMBL213,Homo sapiens,Beta-1 adrenergic receptor,9606,,,IC50,nM,UO_0000065,,37000.0
,,410457,[],CHEMBL652504,In vitro binding affinity at beta-1 adrenergic receptors in the presence of [125I]iodocyanopindolol.,B,,,BAO_0000190,BAO_0000357,single protein format,O=S(=O)(Nc1ccc(CCNC[C@H](O)c2cccnc2)cc1)c1ccc(-c2cnc(Cc3ccc(F)c(F)c3)o2)cc1,,,CHEMBL1133227,Bioorg Med Chem Lett,2000.0,"{'bei': '8.68', 'le': '0.17', 'lle': '-0.15', 'sei': '4.37'}",,CHEMBL287880,,CHEMBL287880,5.12,0,http://www.openphacts.org/units/Nanomolar,60689,=,1,1,=,,IC50,nM,,7500.0,CHEMBL213,Homo sapiens,Beta-1 adrenergic receptor,9606,,,IC50,nM,UO_0000065,,7500.0
,,411606,[],CHEMBL652504,In vitro binding affinity at beta-1 adrenergic receptors in the presence of [125I]iodocyanopindolol.,B,,,BAO_0000190,BAO_0000357,single protein format,Cc1ncc(-c2ccc(S(=O)(=O)Nc3ccc(CCNC[C@H](O)c4cccnc4)cc3)cc2)o1,,,CHEMBL1133227,Bioorg Med Chem Lett,2000.0,"{'bei': '10.77', 'le': '0.21', 'lle': '1.44', 'sei': '4.39'}",,CHEMBL288418,,CHEMBL288418,5.16,0,http://www.openphacts.org/units/Nanomolar,60680,=,1,1,=,,IC50,nM,,7000.0,CHEMBL213,Homo sapiens,Beta-1 adrenergic receptor,9606,,,IC50,nM,UO_0000065,,7000.0
,,411610,[],CHEMBL652504,In vitro binding affinity at beta-1 adrenergic receptors in the presence of [125I]iodocyanopindolol.,B,,,BAO_0000190,BAO_0000357,single protein format,O=S(=O)(Nc1ccc(CCNC[C@H](O)c2cccnc2)cc1)c1ccc(-c2cnc(-c3ccc(F)cc3)o2)cc1,,,CHEMBL1133227,Bioorg Med Chem Lett,2000.0,"{'bei': '9.29', 'le': '0.18', 'lle': '-0.02', 'sei': '4.42'}",,CHEMBL38562,,CHEMBL38562,5.19,0,http://www.openphacts.org/units/Nanomolar,60691,=,1,1,=,,IC50,nM,,6500.0,CHEMBL213,Homo sapiens,Beta-1 adrenergic receptor,9606,,,IC50,nM,UO_0000065,,6500.0
,,411614,[],CHEMBL652504,In vitro binding affinity at beta-1 adrenergic receptors in the presence of [125I]iodocyanopindolol.,B,,,BAO_0000190,BAO_0000357,single protein format,O=S(=O)(Nc1ccc(CCNC[C@H](O)c2cccnc2)cc1)c1ccc(-c2coc(Cc3ccc(F)c(F)c3)n2)cc1,,,CHEMBL1133227,Bioorg Med Chem Lett,2000.0,"{'bei': '9.51', 'le': '0.18', 'lle': '0.35', 'sei': '4.79'}",,CHEMBL289689,,CHEMBL289689,5.62,0,http://www.openphacts.org/units/Nanomolar,60697,=,1,1,=,,IC50,nM,,2400.0,CHEMBL213,Homo sapiens,Beta-1 adrenergic receptor,9606,,,IC50,nM,UO_0000065,,2400.0
,,415295,[],CHEMBL652504,In vitro binding affinity at beta-1 adrenergic receptors in the presence of [125I]iodocyanopindolol.,B,,,BAO_0000190,BAO_0000357,single protein format,O=S(=O)(Nc1ccc(CCNC[C@H](O)c2cccnc2)cc1)c1ccc(-c2coc(COc3ccc(F)cc3)n2)cc1,,,CHEMBL1133227,Bioorg Med Chem Lett,2000.0,"{'bei': '8.81', 'le': '0.17', 'lle': '0.07', 'sei': '4.10'}",,CHEMBL37335,,CHEMBL37335,5.19,0,http://www.openphacts.org/units/Nanomolar,60695,=,1,1,=,,IC50,nM,,6500.0,CHEMBL213,Homo sapiens,Beta-1 adrenergic receptor,9606,,,IC50,nM,UO_0000065,,6500.0
,,416527,[],CHEMBL652504,In vitro binding affinity at beta-1 adrenergic receptors in the presence of [125I]iodocyanopindolol.,B,,,BAO_0000190,BAO_0000357,single protein format,CCCCCCCCc1ncc(-c2ccc(S(=O)(=O)Nc3ccc(CCNC[C@H](O)c4cccnc4)cc3)cc2)o1,,,CHEMBL1133227,Bioorg Med Chem Lett,2000.0,"{'bei': '11.19', 'le': '0.22', 'lle': '0.15', 'sei': '5.50'}",,CHEMBL290131,,CHEMBL290131,6.46,0,http://www.openphacts.org/units/Nanomolar,60681,=,1,1,=,,IC50,nM,,350.0,CHEMBL213,Homo sapiens,Beta-1 adrenergic receptor,9606,,,IC50,nM,UO_0000065,,350.0
,,416531,[],CHEMBL652504,In vitro binding affinity at beta-1 adrenergic receptors in the presence of [125I]iodocyanopindolol.,B,,,BAO_0000190,BAO_0000357,single protein format,O=S(=O)(Nc1ccc(CCNC[C@H](O)c2cccnc2)cc1)c1ccc(-c2coc(CCC3CCCC3)n2)cc1,,,CHEMBL1133227,Bioorg Med Chem Lett,2000.0,"{'bei': '10.16', 'le': '0.19', 'lle': '0.17', 'sei': '4.86'}",,CHEMBL288917,,CHEMBL288917,5.70,0,http://www.openphacts.org/units/Nanomolar,60686,=,1,1,=,,IC50,nM,,2000.0,CHEMBL213,Homo sapiens,Beta-1 adrenergic receptor,9606,,,IC50,nM,UO_0000065,,2000.0
,,417760,[],CHEMBL652504,In vitro binding affinity at beta-1 adrenergic receptors in the presence of [125I]iodocyanopindolol.,B,,,BAO_0000190,BAO_0000357,single protein format,O=S(=O)(Nc1ccc(CCNC[C@H](O)c2cccnc2)cc1)c1ccc(-c2cnc(CC3CCCC3)o2)cc1,,,CHEMBL1133227,Bioorg Med Chem Lett,2000.0,"{'bei': '9.32', 'le': '0.18', 'lle': '-0.04', 'sei': '4.34'}",,CHEMBL36101,,CHEMBL36101,5.10,0,http://www.openphacts.org/units/Nanomolar,60700,=,1,1,=,,IC50,nM,,8000.0,CHEMBL213,Homo sapiens,Beta-1 adrenergic receptor,9606,,,IC50,nM,UO_0000065,,8000.0
,,418858,[],CHEMBL652504,In vitro binding affinity at beta-1 adrenergic receptors in the presence of [125I]iodocyanopindolol.,B,,,BAO_0000190,BAO_0000357,single protein format,O=S(=O)(Nc1ccc(CCNC[C@H](O)c2cccnc2)cc1)c1ccc(-c2coc(COc3ccc(C(F)(F)F)cc3)n2)cc1,,,CHEMBL1133227,Bioorg Med Chem Lett,2000.0,"{'bei': '6.85', 'le': '0.13', 'lle': '-1.62', 'sei': '3.46'}",,CHEMBL38861,,CHEMBL38861,4.38,0,http://www.openphacts.org/units/Nanomolar,60693,=,1,1,=,,IC50,nM,,42000.0,CHEMBL213,Homo sapiens,Beta-1 adrenergic receptor,9606,,,IC50,nM,UO_0000065,,42000.0
,,420097,[],CHEMBL652504,In vitro binding affinity at beta-1 adrenergic receptors in the presence of [125I]iodocyanopindolol.,B,,,BAO_0000190,BAO_0000357,single protein format,CCCCCc1ncc(-c2ccc(S(=O)(=O)Nc3ccc(CCNC[C@H](O)c4cccnc4)cc3)cc2)o1,,,CHEMBL1133227,Bioorg Med Chem Lett,2000.0,"{'bei': '12.53', 'le': '0.24', 'lle': '1.56', 'sei': '5.71'}",,CHEMBL39577,,CHEMBL39577,6.70,0,http://www.openphacts.org/units/Nanomolar,60702,=,1,1,=,,IC50,nM,,200.0,CHEMBL213,Homo sapiens,Beta-1 adrenergic receptor,9606,,,IC50,nM,UO_0000065,,200.0
,,420101,[],CHEMBL652504,In vitro binding affinity at beta-1 adrenergic receptors in the presence of [125I]iodocyanopindolol.,B,,,BAO_0000190,BAO_0000357,single protein format,CC(C)(C)CCCc1ncc(-c2ccc(S(=O)(=O)Nc3ccc(CCNC[C@H](O)c4cccnc4)cc3)cc2)o1,,,CHEMBL1133227,Bioorg Med Chem Lett,2000.0,"{'bei': '10.13', 'le': '0.19', 'lle': '-0.07', 'sei': '4.86'}",,CHEMBL39804,,CHEMBL39804,5.70,0,http://www.openphacts.org/units/Nanomolar,60683,=,1,1,=,,IC50,nM,,2000.0,CHEMBL213,Homo sapiens,Beta-1 adrenergic receptor,9606,,,IC50,nM,UO_0000065,,2000.0
,,422985,[],CHEMBL652504,In vitro binding affinity at beta-1 adrenergic receptors in the presence of [125I]iodocyanopindolol.,B,,,BAO_0000190,BAO_0000357,single protein format,O=S(=O)(Nc1ccc(CCNC[C@H](O)c2cccnc2)cc1)c1ccc(-c2coc(Cc3ccc(C(F)(F)F)cc3)n2)cc1,,,CHEMBL1133227,Bioorg Med Chem Lett,2000.0,"{'bei': '9.51', 'le': '0.18', 'lle': '-0.09', 'sei': '5.05'}",,CHEMBL285520,,CHEMBL285520,5.92,0,http://www.openphacts.org/units/Nanomolar,60696,=,1,1,=,,IC50,nM,,1200.0,CHEMBL213,Homo sapiens,Beta-1 adrenergic receptor,9606,,,IC50,nM,UO_0000065,,1200.0
,,426726,[],CHEMBL652504,In vitro binding affinity at beta-1 adrenergic receptors in the presence of [125I]iodocyanopindolol.,B,,,BAO_0000190,BAO_0000357,single protein format,O=S(=O)(Nc1ccc(CCNC[C@H](O)c2cccnc2)cc1)c1ccc(-c2coc(COc3ccc(F)c(F)c3)n2)cc1,,,CHEMBL1133227,Bioorg Med Chem Lett,2000.0,"{'bei': '8.55', 'le': '0.16', 'lle': '-0.07', 'sei': '4.10'}",,CHEMBL36609,,CHEMBL36609,5.19,0,http://www.openphacts.org/units/Nanomolar,60694,=,1,1,=,,IC50,nM,,6500.0,CHEMBL213,Homo sapiens,Beta-1 adrenergic receptor,9606,,,IC50,nM,UO_0000065,,6500.0
,,427985,[],CHEMBL652504,In vitro binding affinity at beta-1 adrenergic receptors in the presence of [125I]iodocyanopindolol.,B,,,BAO_0000190,BAO_0000357,single protein format,O=S(=O)(Nc1ccc(CCNC[C@H](O)c2cccnc2)cc1)c1ccc(-c2cnc(Cc3cc(F)c(F)c(F)c3)o2)cc1,,,CHEMBL1133227,Bioorg Med Chem Lett,2000.0,"{'bei': '9.36', 'le': '0.18', 'lle': '0.29', 'sei': '4.86'}",,CHEMBL289316,,CHEMBL289316,5.70,0,http://www.openphacts.org/units/Nanomolar,60688,=,1,1,=,,IC50,nM,,2000.0,CHEMBL213,Homo sapiens,Beta-1 adrenergic receptor,9606,,,IC50,nM,UO_0000065,,2000.0
,,430525,[],CHEMBL652504,In vitro binding affinity at beta-1 adrenergic receptors in the presence of [125I]iodocyanopindolol.,B,,,BAO_0000190,BAO_0000357,single protein format,O=S(=O)(Nc1ccc(CCNC[C@H](O)c2cccnc2)cc1)c1ccc(-c2coc(Cc3ccc(F)cc3)n2)cc1,,,CHEMBL1133227,Bioorg Med Chem Lett,2000.0,"{'bei': '9.30', 'le': '0.18', 'lle': '0.20', 'sei': '4.54'}",,CHEMBL418234,,CHEMBL418234,5.33,0,http://www.openphacts.org/units/Nanomolar,60698,=,1,1,=,,IC50,nM,,4700.0,CHEMBL213,Homo sapiens,Beta-1 adrenergic receptor,9606,,,IC50,nM,UO_0000065,,4700.0
,,437456,[],CHEMBL650688,Tested for Beta-1 adrenergic receptor selectivity in canine cardiac tissue in anesthetized dogs,B,,,BAO_0000190,BAO_0000357,single protein format,Cc1cccc(OCC(O)CN2CCN(c3ccc(NS(C)(=O)=O)cc3)CC2)c1,,,CHEMBL1125127,J Med Chem,1990.0,"{'bei': '11.24', 'le': '0.22', 'lle': '2.79', 'sei': '5.74'}",,CHEMBL99331,,CHEMBL99331,4.72,0,http://www.openphacts.org/units/Nanomolar,181741,=,1,1,=,,IC50,nM,,19200.0,CHEMBL213,Homo sapiens,Beta-1 adrenergic receptor,9606,,,IC50,uM,UO_0000065,,19.2
,,440096,[],CHEMBL667338,Tested for beta1-receptor selectivity in canine cardiac tissue in anesthetized dogs,F,,,BAO_0000190,BAO_0000019,assay format,OC(CNCCOc1ccc(-n2ccnc2)cc1)COc1ccccc1,,,CHEMBL1125127,J Med Chem,1990.0,,,CHEMBL98975,,CHEMBL98975,7.40,0,http://www.openphacts.org/units/Nanomolar,181750,=,1,1,=,,IC50,nM,,40.0,CHEMBL213,Homo sapiens,Beta-1 adrenergic receptor,9606,,,IC50,uM,UO_0000065,,0.04
,,440102,[],CHEMBL650688,Tested for Beta-1 adrenergic receptor selectivity in canine cardiac tissue in anesthetized dogs,B,,,BAO_0000190,BAO_0000357,single protein format,CC(C)NCC(O)c1ccc(NS(C)(=O)=O)cc1,,,CHEMBL1125127,J Med Chem,1990.0,"{'bei': '18.54', 'le': '0.38', 'lle': '3.96', 'sei': '6.44'}",,CHEMBL471,SOTALOL,CHEMBL471,5.05,0,http://www.openphacts.org/units/Nanomolar,181761,=,1,1,=,,IC50,nM,,8900.0,CHEMBL213,Homo sapiens,Beta-1 adrenergic receptor,9606,,,IC50,uM,UO_0000065,,8.9
,,441409,[],CHEMBL650688,Tested for Beta-1 adrenergic receptor selectivity in canine cardiac tissue in anesthetized dogs,B,,,BAO_0000190,BAO_0000357,single protein format,CS(=O)(=O)Nc1ccc(OCC(O)CNCc2ccc(-n3ccnc3)cc2)cc1,,,CHEMBL1125127,J Med Chem,1990.0,"{'bei': '10.76', 'le': '0.21', 'lle': '2.71', 'sei': '4.25'}",,CHEMBL100624,,CHEMBL100624,4.48,0,http://www.openphacts.org/units/Nanomolar,181754,=,1,1,=,,IC50,nM,,33100.0,CHEMBL213,Homo sapiens,Beta-1 adrenergic receptor,9606,,,IC50,uM,UO_0000065,,33.1
,,445579,[],CHEMBL650688,Tested for Beta-1 adrenergic receptor selectivity in canine cardiac tissue in anesthetized dogs,B,,,BAO_0000190,BAO_0000357,single protein format,CS(=O)(=O)Nc1ccc(OC[C@H](O)CNCCOc2ccc(-n3ccnc3)cc2)cc1,,,CHEMBL1125127,J Med Chem,1990.0,"{'bei': '9.91', 'le': '0.19', 'lle': '2.78', 'sei': '3.86'}",,CHEMBL1192069,,CHEMBL1192069,4.43,0,http://www.openphacts.org/units/Nanomolar,181759,=,1,1,=,,IC50,nM,,37500.0,CHEMBL213,Homo sapiens,Beta-1 adrenergic receptor,9606,,,IC50,uM,UO_0000065,,37.5
,,449461,[],CHEMBL650688,Tested for Beta-1 adrenergic receptor selectivity in canine cardiac tissue in anesthetized dogs,B,,,BAO_0000190,BAO_0000357,single protein format,Cc1cccc(OCC(O)CNCc2ccc(NS(C)(=O)=O)cc2)c1,,,CHEMBL1125127,J Med Chem,1990.0,"{'bei': '15.42', 'le': '0.31', 'lle': '3.72', 'sei': '6.41'}",,CHEMBL95966,,CHEMBL95966,5.62,0,http://www.openphacts.org/units/Nanomolar,181757,=,1,1,=,,IC50,nM,,2400.0,CHEMBL213,Homo sapiens,Beta-1 adrenergic receptor,9606,,,IC50,uM,UO_0000065,,2.4
,,457421,[],CHEMBL650688,Tested for Beta-1 adrenergic receptor selectivity in canine cardiac tissue in anesthetized dogs,B,,,BAO_0000190,BAO_0000357,single protein format,Cc1ccccc1OCC(O)CN1CCN(c2ccc(NS(C)(=O)=O)cc2)CC1,,,CHEMBL1125127,J Med Chem,1990.0,"{'bei': '13.07', 'le': '0.26', 'lle': '3.55', 'sei': '6.68'}",,CHEMBL95754,,CHEMBL95754,5.48,0,http://www.openphacts.org/units/Nanomolar,181737,=,1,1,=,,IC50,nM,,3300.0,CHEMBL213,Homo sapiens,Beta-1 adrenergic receptor,9606,,,IC50,uM,UO_0000065,,3.3
,,459955,[],CHEMBL650688,Tested for Beta-1 adrenergic receptor selectivity in canine cardiac tissue in anesthetized dogs,B,,,BAO_0000190,BAO_0000357,single protein format,COCCc1ccc(OCC(O)CNCc2ccc(NS(C)(=O)=O)cc2)cc1,,,CHEMBL1125127,J Med Chem,1990.0,"{'bei': '12.57', 'le': '0.25', 'lle': '3.36', 'sei': '5.30'}",,CHEMBL95727,,CHEMBL95727,5.14,0,http://www.openphacts.org/units/Nanomolar,181755,=,1,1,=,,IC50,nM,,7300.0,CHEMBL213,Homo sapiens,Beta-1 adrenergic receptor,9606,,,IC50,uM,UO_0000065,,7.3
,,459970,[],CHEMBL650688,Tested for Beta-1 adrenergic receptor selectivity in canine cardiac tissue in anesthetized dogs,B,,,BAO_0000190,BAO_0000357,single protein format,CS(=O)(=O)Nc1ccc(OC[C@@H](O)CNCCOc2ccc(-n3ccnc3)cc2)cc1,,,CHEMBL1125127,J Med Chem,1990.0,"{'bei': '12.59', 'le': '0.25', 'lle': '3.97', 'sei': '4.90'}",,CHEMBL1193886,ERSENTILIDE,CHEMBL1193886,5.62,0,http://www.openphacts.org/units/Nanomolar,181762,=,1,1,=,,IC50,nM,,2400.0,CHEMBL213,Homo sapiens,Beta-1 adrenergic receptor,9606,,,IC50,uM,UO_0000065,,2.4
,,463854,[],CHEMBL650688,Tested for Beta-1 adrenergic receptor selectivity in canine cardiac tissue in anesthetized dogs,B,,,BAO_0000190,BAO_0000357,single protein format,Cc1ccccc1OCC(O)CNCc1ccc(-n2ccnc2)cc1,,,CHEMBL1125127,J Med Chem,1990.0,"{'bei': '18.07', 'le': '0.33', 'lle': '3.39', 'sei': '10.28'}",,CHEMBL98773,,CHEMBL98773,6.10,0,http://www.openphacts.org/units/Nanomolar,181740,=,1,1,=,,IC50,nM,,800.0,CHEMBL213,Homo sapiens,Beta-1 adrenergic receptor,9606,,,IC50,uM,UO_0000065,,0.8
,,465064,[],CHEMBL650688,Tested for Beta-1 adrenergic receptor selectivity in canine cardiac tissue in anesthetized dogs,B,,,BAO_0000190,BAO_0000357,single protein format,CC(C)NCC(O)COc1cccc2ccccc12,,,CHEMBL1125127,J Med Chem,1990.0,"{'bei': '29.86', 'le': '0.56', 'lle': '5.16', 'sei': '18.67'}",,CHEMBL27,PROPRANOLOL,CHEMBL27,7.75,0,http://www.openphacts.org/units/Nanomolar,181736,=,1,1,=,,IC50,nM,,18.0,CHEMBL213,Homo sapiens,Beta-1 adrenergic receptor,9606,,,IC50,uM,UO_0000065,,0.018
,,467654,[],CHEMBL667338,Tested for beta1-receptor selectivity in canine cardiac tissue in anesthetized dogs,F,,,BAO_0000190,BAO_0000019,assay format,CS(=O)(=O)Nc1ccc(C(O)CNCCOc2ccc(-n3ccnc3)cc2)cc1,,,CHEMBL1125127,J Med Chem,1990.0,,,CHEMBL316868,,CHEMBL316868,5.29,0,http://www.openphacts.org/units/Nanomolar,181764,=,1,1,=,,IC50,nM,,5100.0,CHEMBL213,Homo sapiens,Beta-1 adrenergic receptor,9606,,,IC50,uM,UO_0000065,,5.1
,,470552,[],CHEMBL667338,Tested for beta1-receptor selectivity in canine cardiac tissue in anesthetized dogs,F,,,BAO_0000190,BAO_0000019,assay format,COCCc1ccc(OCC(O)CNCCOc2ccc(-n3ccnc3)cc2)cc1,,,CHEMBL1125127,J Med Chem,1990.0,,,CHEMBL95457,,CHEMBL95457,6.57,0,http://www.openphacts.org/units/Nanomolar,181766,=,1,1,=,,IC50,nM,,270.0,CHEMBL213,Homo sapiens,Beta-1 adrenergic receptor,9606,,,IC50,uM,UO_0000065,,0.27
,,470556,[],CHEMBL650688,Tested for Beta-1 adrenergic receptor selectivity in canine cardiac tissue in anesthetized dogs,B,,,BAO_0000190,BAO_0000357,single protein format,CS(=O)(=O)Nc1ccc(OC[C@@H](O)CNCCOc2ccc(-n3ccnc3)cc2)cc1,,,CHEMBL1125127,J Med Chem,1990.0,"{'bei': '12.98', 'le': '0.26', 'lle': '4.15', 'sei': '5.05'}",,CHEMBL1193886,ERSENTILIDE,CHEMBL1193886,5.80,0,http://www.openphacts.org/units/Nanomolar,181760,=,1,1,=,,IC50,nM,,1600.0,CHEMBL213,Homo sapiens,Beta-1 adrenergic receptor,9606,,,IC50,uM,UO_0000065,,1.6
,,473304,[],CHEMBL667338,Tested for beta1-receptor selectivity in canine cardiac tissue in anesthetized dogs,F,,,BAO_0000190,BAO_0000019,assay format,Cc1cccc(OCC(O)CNCCOc2ccc(-n3ccnc3)cc2)c1,,,CHEMBL1125127,J Med Chem,1990.0,,,CHEMBL421005,,CHEMBL421005,6.57,0,http://www.openphacts.org/units/Nanomolar,181765,=,1,1,=,,IC50,nM,,270.0,CHEMBL213,Homo sapiens,Beta-1 adrenergic receptor,9606,,,IC50,uM,UO_0000065,,0.27
,,553540,[],CHEMBL649966,Beta-1 adrenergic receptor binding affinity in CHO cells expressing cloned human receptor in the presence of 125 I-iodocyanopindolol,B,,,BAO_0000190,BAO_0000219,cell-based format,O=S(=O)(Nc1ccc(CCNC[C@H](O)c2cccnc2)cc1)c1ccc2ccccc2c1,,,CHEMBL1131399,Bioorg Med Chem Lett,1998.0,"{'bei': '11.17', 'le': '0.21', 'lle': '1.10', 'sei': '5.48'}",,CHEMBL318802,,CHEMBL318802,5.00,0,http://www.openphacts.org/units/Nanomolar,196057,=,1,1,=,,IC50,nM,,10000.0,CHEMBL213,Homo sapiens,Beta-1 adrenergic receptor,9606,,,IC50,nM,UO_0000065,,10000.0
,,554714,[],CHEMBL649966,Beta-1 adrenergic receptor binding affinity in CHO cells expressing cloned human receptor in the presence of 125 I-iodocyanopindolol,B,,,BAO_0000190,BAO_0000219,cell-based format,CCCCCCNC(=O)Nc1ccc(S(=O)(=O)Nc2ccc(CCNC[C@H](O)c3cccnc3)cc2)cc1,,,CHEMBL1131399,Bioorg Med Chem Lett,1998.0,"{'bei': '9.44', 'le': '0.18', 'lle': '0.65', 'sei': '3.85'}",,CHEMBL57486,,CHEMBL57486,5.10,0,http://www.openphacts.org/units/Nanomolar,196061,=,1,1,=,,IC50,nM,,8000.0,CHEMBL213,Homo sapiens,Beta-1 adrenergic receptor,9606,,,IC50,nM,UO_0000065,,8000.0
,,554719,[],CHEMBL649966,Beta-1 adrenergic receptor binding affinity in CHO cells expressing cloned human receptor in the presence of 125 I-iodocyanopindolol,B,,,BAO_0000190,BAO_0000219,cell-based format,O=C(Nc1ccc(S(=O)(=O)Nc2ccc(CCNC[C@H](O)c3cccnc3)cc2)cc1)OCCc1ccccc1,,,CHEMBL1131399,Bioorg Med Chem Lett,1998.0,"{'bei': '9.19', 'le': '0.18', 'lle': '0.61', 'sei': '3.98'}",,CHEMBL104076,,CHEMBL104076,5.16,0,http://www.openphacts.org/units/Nanomolar,196069,=,1,1,=,,IC50,nM,,7000.0,CHEMBL213,Homo sapiens,Beta-1 adrenergic receptor,9606,,,IC50,nM,UO_0000065,,7000.0
,,555883,[],CHEMBL649966,Beta-1 adrenergic receptor binding affinity in CHO cells expressing cloned human receptor in the presence of 125 I-iodocyanopindolol,B,,,BAO_0000190,BAO_0000219,cell-based format,CCCOC(=O)Nc1ccc(S(=O)(=O)Nc2ccc(CCNC[C@H](O)c3cccnc3)cc2)cc1,,,CHEMBL1131399,Bioorg Med Chem Lett,1998.0,"{'bei': '8.47', 'le': '0.16', 'lle': '0.51', 'sei': '3.26'}",,CHEMBL104222,,CHEMBL104222,4.22,0,http://www.openphacts.org/units/Nanomolar,196071,=,1,1,=,,IC50,nM,,60000.0,CHEMBL213,Homo sapiens,Beta-1 adrenergic receptor,9606,,,IC50,nM,UO_0000065,,60000.0
,,555887,[],CHEMBL649966,Beta-1 adrenergic receptor binding affinity in CHO cells expressing cloned human receptor in the presence of 125 I-iodocyanopindolol,B,,,BAO_0000190,BAO_0000219,cell-based format,CCCCC(=O)Nc1ccc(S(=O)(=O)Nc2ccc(CCNC[C@H](O)c3cccnc3)cc2)cc1,,,CHEMBL1131399,Bioorg Med Chem Lett,1998.0,"{'bei': '8.50', 'le': '0.16', 'lle': '0.34', 'sei': '3.51'}",,CHEMBL106487,,CHEMBL106487,4.22,0,http://www.openphacts.org/units/Nanomolar,196068,=,1,1,=,,IC50,nM,,60000.0,CHEMBL213,Homo sapiens,Beta-1 adrenergic receptor,9606,,,IC50,nM,UO_0000065,,60000.0
,,559574,[],CHEMBL649966,Beta-1 adrenergic receptor binding affinity in CHO cells expressing cloned human receptor in the presence of 125 I-iodocyanopindolol,B,,,BAO_0000190,BAO_0000219,cell-based format,O=S(=O)(Nc1ccc(CCNC[C@H](O)c2cccnc2)cc1)c1ccc(Cl)cc1,,,CHEMBL1131399,Bioorg Med Chem Lett,1998.0,"{'bei': '10.47', 'le': '0.21', 'lle': '1.12', 'sei': '4.95'}",,CHEMBL320228,,CHEMBL320228,4.52,0,http://www.openphacts.org/units/Nanomolar,196075,=,1,1,=,,IC50,nM,,30000.0,CHEMBL213,Homo sapiens,Beta-1 adrenergic receptor,9606,,,IC50,nM,UO_0000065,,30000.0
,,561697,[],CHEMBL649966,Beta-1 adrenergic receptor binding affinity in CHO cells expressing cloned human receptor in the presence of 125 I-iodocyanopindolol,B,,,BAO_0000190,BAO_0000219,cell-based format,CNC(=O)Nc1ccc(S(=O)(=O)Nc2ccc(CCNC[C@H](O)c3cccnc3)cc2)cc1,,,CHEMBL1131399,Bioorg Med Chem Lett,1998.0,"{'bei': '12.14', 'le': '0.24', 'lle': '3.20', 'sei': '4.30'}",,CHEMBL106746,,CHEMBL106746,5.70,0,http://www.openphacts.org/units/Nanomolar,196060,=,1,1,=,,IC50,nM,,2000.0,CHEMBL213,Homo sapiens,Beta-1 adrenergic receptor,9606,,,IC50,nM,UO_0000065,,2000.0
,,562986,[],CHEMBL649966,Beta-1 adrenergic receptor binding affinity in CHO cells expressing cloned human receptor in the presence of 125 I-iodocyanopindolol,B,,,BAO_0000190,BAO_0000219,cell-based format,CCCCCCCCNC(=O)Nc1ccc(S(=O)(=O)Nc2ccc(CCNC[C@H](O)c3cccnc3)cc2)cc1,,,CHEMBL1131399,Bioorg Med Chem Lett,1998.0,"{'bei': '10.59', 'le': '0.21', 'lle': '0.78', 'sei': '4.54'}",,CHEMBL323113,,CHEMBL323113,6.01,0,http://www.openphacts.org/units/Nanomolar,196072,=,1,1,=,,IC50,nM,,970.0,CHEMBL213,Homo sapiens,Beta-1 adrenergic receptor,9606,,,IC50,nM,UO_0000065,,970.0
,,564195,[],CHEMBL649966,Beta-1 adrenergic receptor binding affinity in CHO cells expressing cloned human receptor in the presence of 125 I-iodocyanopindolol,B,,,BAO_0000190,BAO_0000219,cell-based format,CC(C)S(=O)(=O)Nc1ccc(CCNC[C@H](O)c2cccnc2)cc1,,,CHEMBL1131399,Bioorg Med Chem Lett,1998.0,"{'bei': '11.00', 'le': '0.22', 'lle': '1.90', 'sei': '4.38'}",,CHEMBL104377,,CHEMBL104377,4.00,0,http://www.openphacts.org/units/Nanomolar,196077,=,1,1,=,,IC50,nM,,100000.0,CHEMBL213,Homo sapiens,Beta-1 adrenergic receptor,9606,,,IC50,nM,UO_0000065,,100000.0
,,564199,[],CHEMBL649966,Beta-1 adrenergic receptor binding affinity in CHO cells expressing cloned human receptor in the presence of 125 I-iodocyanopindolol,B,,,BAO_0000190,BAO_0000219,cell-based format,C[C@H](Cc1ccc(OCC(=O)O)cc1)NC[C@H](O)c1cccc(Cl)c1,,,CHEMBL1131399,Bioorg Med Chem Lett,1998.0,"{'bei': '14.57', 'le': '0.29', 'lle': '2.24', 'sei': '6.73'}",,CHEMBL284782,,CHEMBL284782,5.30,0,http://www.openphacts.org/units/Nanomolar,196065,=,1,1,=,,IC50,nM,,5000.0,CHEMBL213,Homo sapiens,Beta-1 adrenergic receptor,9606,,,IC50,nM,UO_0000065,,5000.0
,,569032,[],CHEMBL649966,Beta-1 adrenergic receptor binding affinity in CHO cells expressing cloned human receptor in the presence of 125 I-iodocyanopindolol,B,,,BAO_0000190,BAO_0000219,cell-based format,CCCNC(=O)Nc1ccc(S(=O)(=O)Nc2ccc(CCNC[C@H](O)c3cccnc3)cc2)cc1,,,CHEMBL1131399,Bioorg Med Chem Lett,1998.0,"{'bei': '11.45', 'le': '0.22', 'lle': '2.42', 'sei': '4.30'}",,CHEMBL104061,,CHEMBL104061,5.70,0,http://www.openphacts.org/units/Nanomolar,196073,=,1,1,=,,IC50,nM,,2000.0,CHEMBL213,Homo sapiens,Beta-1 adrenergic receptor,9606,,,IC50,nM,UO_0000065,,2000.0
,,575212,[],CHEMBL649966,Beta-1 adrenergic receptor binding affinity in CHO cells expressing cloned human receptor in the presence of 125 I-iodocyanopindolol,B,,,BAO_0000190,BAO_0000219,cell-based format,O=C(NCCc1ccccc1)Nc1ccc(S(=O)(=O)Nc2ccc(CCNC[C@H](O)c3cccnc3)cc2)cc1,,,CHEMBL1131399,Bioorg Med Chem Lett,1998.0,"{'bei': '12.14', 'le': '0.23', 'lle': '2.69', 'sei': '5.13'}",,CHEMBL104193,,CHEMBL104193,6.80,0,http://www.openphacts.org/units/Nanomolar,196062,=,1,1,=,,IC50,nM,,160.0,CHEMBL213,Homo sapiens,Beta-1 adrenergic receptor,9606,,,IC50,nM,UO_0000065,,160.0
,,582460,[],CHEMBL649966,Beta-1 adrenergic receptor binding affinity in CHO cells expressing cloned human receptor in the presence of 125 I-iodocyanopindolol,B,,,BAO_0000190,BAO_0000219,cell-based format,CC(C)c1ccc(S(=O)(=O)Nc2ccc(CCNC[C@H](O)c3cccnc3)cc2)cc1,,,CHEMBL1131399,Bioorg Med Chem Lett,1998.0,"{'bei': '10.29', 'le': '0.20', 'lle': '0.65', 'sei': '4.95'}",,CHEMBL104981,,CHEMBL104981,4.52,0,http://www.openphacts.org/units/Nanomolar,196058,=,1,1,=,,IC50,nM,,30000.0,CHEMBL213,Homo sapiens,Beta-1 adrenergic receptor,9606,,,IC50,nM,UO_0000065,,30000.0
,,582464,[],CHEMBL649966,Beta-1 adrenergic receptor binding affinity in CHO cells expressing cloned human receptor in the presence of 125 I-iodocyanopindolol,B,,,BAO_0000190,BAO_0000219,cell-based format,CCCCCCCC(=O)Nc1ccc(S(=O)(=O)Nc2ccc(CCNC[C@H](O)c3cccnc3)cc2)cc1,,,CHEMBL1131399,Bioorg Med Chem Lett,1998.0,"{'bei': '9.46', 'le': '0.18', 'lle': '0.05', 'sei': '4.23'}",,CHEMBL318165,,CHEMBL318165,5.10,0,http://www.openphacts.org/units/Nanomolar,196067,=,1,1,=,,IC50,nM,,8000.0,CHEMBL213,Homo sapiens,Beta-1 adrenergic receptor,9606,,,IC50,nM,UO_0000065,,8000.0
,,582468,[],CHEMBL649966,Beta-1 adrenergic receptor binding affinity in CHO cells expressing cloned human receptor in the presence of 125 I-iodocyanopindolol,B,,,BAO_0000190,BAO_0000219,cell-based format,O=C(CCCc1ccccc1)Nc1ccc(S(=O)(=O)Nc2ccc(CCNC[C@H](O)c3cccnc3)cc2)cc1,,,CHEMBL1131399,Bioorg Med Chem Lett,1998.0,"{'bei': '8.95', 'le': '0.17', 'lle': '0.29', 'sei': '4.15'}",,CHEMBL320138,,CHEMBL320138,5.00,0,http://www.openphacts.org/units/Nanomolar,196066,=,1,1,=,,IC50,nM,,10000.0,CHEMBL213,Homo sapiens,Beta-1 adrenergic receptor,9606,,,IC50,nM,UO_0000065,,10000.0
,,583747,[],CHEMBL649966,Beta-1 adrenergic receptor binding affinity in CHO cells expressing cloned human receptor in the presence of 125 I-iodocyanopindolol,B,,,BAO_0000190,BAO_0000219,cell-based format,CS(=O)(=O)Nc1ccc(CCNC[C@H](O)c2cccnc2)cc1,,,CHEMBL1131399,Bioorg Med Chem Lett,1998.0,"{'bei': '15.37', 'le': '0.31', 'lle': '3.83', 'sei': '5.64'}",,CHEMBL104127,,CHEMBL104127,5.16,0,http://www.openphacts.org/units/Nanomolar,196055,=,1,1,=,,IC50,nM,,7000.0,CHEMBL213,Homo sapiens,Beta-1 adrenergic receptor,9606,,,IC50,nM,UO_0000065,,7000.0
,,585056,[],CHEMBL649966,Beta-1 adrenergic receptor binding affinity in CHO cells expressing cloned human receptor in the presence of 125 I-iodocyanopindolol,B,,,BAO_0000190,BAO_0000219,cell-based format,CCCCCCOC(=O)Nc1ccc(S(=O)(=O)Nc2ccc(CCNC[C@H](O)c3cccnc3)cc2)cc1,,,CHEMBL1131399,Bioorg Med Chem Lett,1998.0,"{'bei': '10.54', 'le': '0.20', 'lle': '0.82', 'sei': '4.40'}",,CHEMBL321957,,CHEMBL321957,5.70,0,http://www.openphacts.org/units/Nanomolar,196070,=,1,1,=,,IC50,nM,,2000.0,CHEMBL213,Homo sapiens,Beta-1 adrenergic receptor,9606,,,IC50,nM,UO_0000065,,2000.0
,,586257,[],CHEMBL649966,Beta-1 adrenergic receptor binding affinity in CHO cells expressing cloned human receptor in the presence of 125 I-iodocyanopindolol,B,,,BAO_0000190,BAO_0000219,cell-based format,O=S(=O)(CCc1ccccc1)Nc1ccc(CCNC[C@H](O)c2cccnc2)cc1,,,CHEMBL1131399,Bioorg Med Chem Lett,1998.0,"{'bei': '9.40', 'le': '0.18', 'lle': '1.07', 'sei': '4.38'}",,CHEMBL104551,,CHEMBL104551,4.00,0,http://www.openphacts.org/units/Nanomolar,196078,=,1,1,=,,IC50,nM,,100000.0,CHEMBL213,Homo sapiens,Beta-1 adrenergic receptor,9606,,,IC50,nM,UO_0000065,,100000.0
,,586261,[],CHEMBL649966,Beta-1 adrenergic receptor binding affinity in CHO cells expressing cloned human receptor in the presence of 125 I-iodocyanopindolol,B,,,BAO_0000190,BAO_0000219,cell-based format,O=S(=O)(Nc1ccc(CCNC[C@H](O)c2cccnc2)cc1)c1ccccc1,,,CHEMBL1131399,Bioorg Med Chem Lett,1998.0,"{'bei': '11.82', 'le': '0.23', 'lle': '1.95', 'sei': '5.15'}",,CHEMBL104180,,CHEMBL104180,4.70,0,http://www.openphacts.org/units/Nanomolar,196056,=,1,1,=,,IC50,nM,,20000.0,CHEMBL213,Homo sapiens,Beta-1 adrenergic receptor,9606,,,IC50,nM,UO_0000065,,20000.0
,,586265,[],CHEMBL649966,Beta-1 adrenergic receptor binding affinity in CHO cells expressing cloned human receptor in the presence of 125 I-iodocyanopindolol,B,,,BAO_0000190,BAO_0000219,cell-based format,O=S(=O)(Nc1ccc(CCNC[C@H](O)c2cccnc2)cc1)c1ccc(Br)cc1,,,CHEMBL1131399,Bioorg Med Chem Lett,1998.0,"{'bei': '10.50', 'le': '0.24', 'lle': '1.49', 'sei': '5.48'}",,CHEMBL105968,,CHEMBL105968,5.00,0,http://www.openphacts.org/units/Nanomolar,196059,=,1,1,=,,IC50,nM,,10000.0,CHEMBL213,Homo sapiens,Beta-1 adrenergic receptor,9606,,,IC50,nM,UO_0000065,,10000.0
,,587486,[],CHEMBL649966,Beta-1 adrenergic receptor binding affinity in CHO cells expressing cloned human receptor in the presence of 125 I-iodocyanopindolol,B,,,BAO_0000190,BAO_0000219,cell-based format,O=S(=O)(Nc1ccc(CCNC[C@H](O)c2cccnc2)cc1)c1ccc(I)cc1,,,CHEMBL1131399,Bioorg Med Chem Lett,1998.0,"{'bei': '9.55', 'le': '0.24', 'lle': '1.65', 'sei': '5.48'}",,CHEMBL64697,,CHEMBL64697,5.00,0,http://www.openphacts.org/units/Nanomolar,196074,=,1,1,=,,IC50,nM,,10000.0,CHEMBL213,Homo sapiens,Beta-1 adrenergic receptor,9606,,,IC50,nM,UO_0000065,,10000.0
,,590050,[],CHEMBL649966,Beta-1 adrenergic receptor binding affinity in CHO cells expressing cloned human receptor in the presence of 125 I-iodocyanopindolol,B,,,BAO_0000190,BAO_0000219,cell-based format,O=S(=O)(Nc1ccc(CCNC[C@H](O)c2cccnc2)cc1)c1cnc2ccccc2c1,,,CHEMBL1131399,Bioorg Med Chem Lett,1998.0,"{'bei': '8.92', 'le': '0.17', 'lle': '0.70', 'sei': '3.84'}",,CHEMBL107681,,CHEMBL107681,4.00,0,http://www.openphacts.org/units/Nanomolar,196076,=,1,1,=,,IC50,nM,,100000.0,CHEMBL213,Homo sapiens,Beta-1 adrenergic receptor,9606,,,IC50,nM,UO_0000065,,100000.0
,,603406,[],CHEMBL877277,In vitro Beta-1 adrenergic receptor affinity in partially purified membrane fractions from canine cardiac tissue using [SH]dihydroalprenolol (4.5 nM),B,,,BAO_0000190,BAO_0000249,cell membrane format,CS(=O)(=O)Nc1ccc(OC[C@@H](O)CNCCOc2ccc(-n3ccnc3)cc2)cc1.Cl,,,CHEMBL1125110,J Med Chem,1990.0,"{'bei': '12.92', 'le': '0.25', 'lle': '4.12', 'sei': '5.03'}",,CHEMBL545363,,CHEMBL1193886,5.77,0,http://www.openphacts.org/units/Nanomolar,10079,=,1,1,=,,IC50,nM,,1700.0,CHEMBL213,Homo sapiens,Beta-1 adrenergic receptor,9606,,,IC50,uM,UO_0000065,,1.7
,,604934,[],CHEMBL877277,In vitro Beta-1 adrenergic receptor affinity in partially purified membrane fractions from canine cardiac tissue using [SH]dihydroalprenolol (4.5 nM),B,,,BAO_0000190,BAO_0000249,cell membrane format,CN(c1ccc(OCC(O)CNCCOc2ccc(-n3ccnc3)cc2)cc1)S(C)(=O)=O.Cl.Cl,,,CHEMBL1125110,J Med Chem,1990.0,"{'bei': '10.16', 'le': '0.20', 'lle': '3.00', 'sei': '4.42'}",,CHEMBL542544,,CHEMBL1191442,4.68,0,http://www.openphacts.org/units/Nanomolar,10081,=,1,1,=,,IC50,nM,,21000.0,CHEMBL213,Homo sapiens,Beta-1 adrenergic receptor,9606,,,IC50,uM,UO_0000065,,21.0
,,605941,[],CHEMBL877277,In vitro Beta-1 adrenergic receptor affinity in partially purified membrane fractions from canine cardiac tissue using [SH]dihydroalprenolol (4.5 nM),B,,,BAO_0000190,BAO_0000249,cell membrane format,CS(=O)(=O)Nc1ccc(OCC(O)CNCCOc2ccc(-n3ccnc3)cc2)cc1.Cl,,,CHEMBL1125110,J Med Chem,1990.0,"{'bei': '12.59', 'le': '0.25', 'lle': '3.97', 'sei': '4.90'}",,CHEMBL552615,,CHEMBL99585,5.62,0,http://www.openphacts.org/units/Nanomolar,10078,=,1,1,=,,IC50,nM,,2400.0,CHEMBL213,Homo sapiens,Beta-1 adrenergic receptor,9606,,,IC50,uM,UO_0000065,,2.4
,,617231,[],CHEMBL877277,In vitro Beta-1 adrenergic receptor affinity in partially purified membrane fractions from canine cardiac tissue using [SH]dihydroalprenolol (4.5 nM),B,,,BAO_0000190,BAO_0000249,cell membrane format,Cc1nccn1-c1ccc(OCCNCC(O)COc2ccc(N(C)S(C)(=O)=O)cc2)cc1,,,CHEMBL1125110,J Med Chem,1990.0,"{'bei': '10.00', 'le': '0.20', 'lle': '2.76', 'sei': '4.48'}",,CHEMBL11944,,CHEMBL11944,4.75,0,http://www.openphacts.org/units/Nanomolar,10077,=,1,1,=,,IC50,nM,,18000.0,CHEMBL213,Homo sapiens,Beta-1 adrenergic receptor,9606,,,IC50,uM,UO_0000065,,18.0
,,620895,[],CHEMBL877277,In vitro Beta-1 adrenergic receptor affinity in partially purified membrane fractions from canine cardiac tissue using [SH]dihydroalprenolol (4.5 nM),B,,,BAO_0000190,BAO_0000249,cell membrane format,CC(C)(COc1ccc(-n2ccnc2)cc1)NCC(O)COc1ccc(NS(C)(=O)=O)cc1.Cl.Cl,,,CHEMBL1125110,J Med Chem,1990.0,"{'bei': '11.77', 'le': '0.23', 'lle': '3.16', 'sei': '4.87'}",,CHEMBL536800,,CHEMBL1188606,5.58,0,http://www.openphacts.org/units/Nanomolar,10086,=,1,1,=,,IC50,nM,,2600.0,CHEMBL213,Homo sapiens,Beta-1 adrenergic receptor,9606,,,IC50,uM,UO_0000065,,2.6
,,623543,[],CHEMBL877277,In vitro Beta-1 adrenergic receptor affinity in partially purified membrane fractions from canine cardiac tissue using [SH]dihydroalprenolol (4.5 nM),B,,,BAO_0000190,BAO_0000249,cell membrane format,CS(=O)(=O)Nc1ccc(OC[C@H](O)CNCCOc2ccc(-n3ccnc3)cc2)cc1.Cl,,,CHEMBL1125110,J Med Chem,1990.0,"{'bei': '9.90', 'le': '0.19', 'lle': '2.77', 'sei': '3.85'}",,CHEMBL543251,,CHEMBL1192069,4.42,0,http://www.openphacts.org/units/Nanomolar,10084,=,1,1,=,,IC50,nM,,38000.0,CHEMBL213,Homo sapiens,Beta-1 adrenergic receptor,9606,,,IC50,uM,UO_0000065,,38.0
,,627252,[],CHEMBL877277,In vitro Beta-1 adrenergic receptor affinity in partially purified membrane fractions from canine cardiac tissue using [SH]dihydroalprenolol (4.5 nM),B,,,BAO_0000190,BAO_0000249,cell membrane format,Cc1nccn1-c1ccc(OCCNCC(O)COc2ccc(NS(C)(=O)=O)cc2)cc1.O=P(O)(O)O,,,CHEMBL1125110,J Med Chem,1990.0,"{'bei': '12.06', 'le': '0.24', 'lle': '3.59', 'sei': '4.84'}",,CHEMBL11629,,CHEMBL1178024,5.55,0,http://www.openphacts.org/units/Nanomolar,10080,=,1,1,=,,IC50,nM,,2800.0,CHEMBL213,Homo sapiens,Beta-1 adrenergic receptor,9606,,,IC50,uM,UO_0000065,,2.8
,,631134,[],CHEMBL877277,In vitro Beta-1 adrenergic receptor affinity in partially purified membrane fractions from canine cardiac tissue using [SH]dihydroalprenolol (4.5 nM),B,,,BAO_0000190,BAO_0000249,cell membrane format,CC(C)NCC(O)c1ccc(NS(C)(=O)=O)cc1,,,CHEMBL1125110,J Med Chem,1990.0,"{'bei': '18.53', 'le': '0.38', 'lle': '3.96', 'sei': '6.43'}",,CHEMBL471,SOTALOL,CHEMBL471,5.05,1,http://www.openphacts.org/units/Nanomolar,10082,=,1,1,=,,IC50,nM,,9000.0,CHEMBL213,Homo sapiens,Beta-1 adrenergic receptor,9606,,,IC50,uM,UO_0000065,,9.0
,,656259,[],CHEMBL647214,Receptor binding assay(Beta-1 adrenergic receptor) carried out with membranes prepared from human recombinant Sf9 cells expressing the cloned human receptor in the presence of [125I]iodocyanopindolol,B,,,BAO_0000190,BAO_0000219,cell-based format,Cc1ccc(S(=O)(=O)NC(=O)Cc2ccc(NC[C@@H](C)NC[C@H](O)c3cccc(Cl)c3)cc2)cc1,,,CHEMBL1135599,J Med Chem,2002.0,"{'bei': '11.05', 'le': '0.22', 'lle': '1.88', 'sei': '5.30'}",,CHEMBL348501,,CHEMBL348501,5.70,0,http://www.openphacts.org/units/Nanomolar,302428,=,1,1,=,,IC50,nM,,1995.26,CHEMBL213,Homo sapiens,Beta-1 adrenergic receptor,9606,,,Log IC50,,UO_0000065,,-5.7
,,661107,[],CHEMBL647214,Receptor binding assay(Beta-1 adrenergic receptor) carried out with membranes prepared from human recombinant Sf9 cells expressing the cloned human receptor in the presence of [125I]iodocyanopindolol,B,,,BAO_0000190,BAO_0000219,cell-based format,C[C@H](CNc1ccc(CC(=O)O)cc1)NC[C@H](O)c1cccc(Cl)c1,,,CHEMBL1135599,J Med Chem,2002.0,"{'bei': '16.54', 'le': '0.33', 'lle': '2.91', 'sei': '7.35'}",,CHEMBL154419,,CHEMBL154419,6.00,0,http://www.openphacts.org/units/Nanomolar,302422,=,1,1,=,,IC50,nM,,1000.0,CHEMBL213,Homo sapiens,Beta-1 adrenergic receptor,9606,,,Log IC50,,UO_0000065,,-6.0
,,664954,[],CHEMBL647214,Receptor binding assay(Beta-1 adrenergic receptor) carried out with membranes prepared from human recombinant Sf9 cells expressing the cloned human receptor in the presence of [125I]iodocyanopindolol,B,,,BAO_0000190,BAO_0000219,cell-based format,Cc1ccc(S(=O)(=O)NC(=O)Cc2cccc(NC[C@@H](C)NC[C@H](O)c3cccc(Cl)c3)c2)cc1,,,CHEMBL1135599,J Med Chem,2002.0,"{'bei': '10.27', 'le': '0.21', 'lle': '1.48', 'sei': '4.93'}",,CHEMBL347582,,CHEMBL347582,5.30,0,http://www.openphacts.org/units/Nanomolar,302427,=,1,1,=,,IC50,nM,,5011.87,CHEMBL213,Homo sapiens,Beta-1 adrenergic receptor,9606,,,Log IC50,,UO_0000065,,-5.3
,,794008,[],CHEMBL654206,"Binding affinity for cloned human Beta-1 adrenergic receptor expressed in CHO cells, tested in the presence of I-iodocyanopindolol.",B,,,BAO_0000190,BAO_0000219,cell-based format,O=S(=O)(Nc1ccc(CCNC[C@H](O)c2cccnc2)cc1)c1ccc(-n2ncc(-c3ccc(OC(F)(F)F)cc3)n2)cc1,,,CHEMBL1133315,Bioorg Med Chem Lett,2000.0,"{'bei': '9.42', 'le': '0.18', 'lle': '1.00', 'sei': '4.48'}",,CHEMBL302893,,CHEMBL302893,5.89,0,http://www.openphacts.org/units/Nanomolar,115402,=,1,1,=,,IC50,nM,,1300.0,CHEMBL213,Homo sapiens,Beta-1 adrenergic receptor,9606,,,IC50,nM,UO_0000065,,1300.0
,,794012,[],CHEMBL654206,"Binding affinity for cloned human Beta-1 adrenergic receptor expressed in CHO cells, tested in the presence of I-iodocyanopindolol.",B,,,BAO_0000190,BAO_0000219,cell-based format,O=S(=O)(Nc1ccc(CCNC[C@H](O)c2cccnc2)cc1)c1ccc(-n2ncc(Cc3ccc(OC(F)(F)F)cc3)n2)cc1,,,CHEMBL1133315,Bioorg Med Chem Lett,2000.0,"{'bei': '8.74', 'le': '0.17', 'lle': '0.77', 'sei': '4.25'}",,CHEMBL304991,,CHEMBL304991,5.58,0,http://www.openphacts.org/units/Nanomolar,115391,=,1,1,=,,IC50,nM,,2600.0,CHEMBL213,Homo sapiens,Beta-1 adrenergic receptor,9606,,,IC50,nM,UO_0000065,,2600.0
,,799815,[],CHEMBL654206,"Binding affinity for cloned human Beta-1 adrenergic receptor expressed in CHO cells, tested in the presence of I-iodocyanopindolol.",B,,,BAO_0000190,BAO_0000219,cell-based format,O=S(=O)(Nc1ccc(CCNC[C@H](O)c2cccnc2)cc1)c1ccc(-n2ncc(-c3ccc(F)c(F)c3)n2)cc1,,,CHEMBL1133315,Bioorg Med Chem Lett,2000.0,"{'bei': '9.69', 'le': '0.19', 'lle': '1.32', 'sei': '4.58'}",,CHEMBL63138,,CHEMBL63138,5.58,0,http://www.openphacts.org/units/Nanomolar,115403,=,1,1,=,,IC50,nM,,2600.0,CHEMBL213,Homo sapiens,Beta-1 adrenergic receptor,9606,,,IC50,nM,UO_0000065,,2600.0
,,800879,[],CHEMBL654206,"Binding affinity for cloned human Beta-1 adrenergic receptor expressed in CHO cells, tested in the presence of I-iodocyanopindolol.",B,,,BAO_0000190,BAO_0000219,cell-based format,O=S(=O)(Nc1ccc(CCNC[C@H](O)c2cccnc2)cc1)c1ccc(-n2ncc(-c3ccc(C(F)(F)F)cc3)n2)cc1,,,CHEMBL1133315,Bioorg Med Chem Lett,2000.0,"{'bei': '7.69', 'le': '0.15', 'lle': '-0.33', 'sei': '3.83'}",,CHEMBL63760,,CHEMBL63760,4.68,0,http://www.openphacts.org/units/Nanomolar,115401,=,1,1,=,,IC50,nM,,21000.0,CHEMBL213,Homo sapiens,Beta-1 adrenergic receptor,9606,,,IC50,nM,UO_0000065,,21000.0
,,802203,[],CHEMBL654206,"Binding affinity for cloned human Beta-1 adrenergic receptor expressed in CHO cells, tested in the presence of I-iodocyanopindolol.",B,,,BAO_0000190,BAO_0000219,cell-based format,O=S(=O)(Nc1ccc(CCNC[C@H](O)c2cccnc2)cc1)c1ccc(-n2ncc(Cc3ccc(F)c(F)c3)n2)cc1,,,CHEMBL1133315,Bioorg Med Chem Lett,2000.0,"{'bei': '9.65', 'le': '0.19', 'lle': '1.50', 'sei': '4.67'}",,CHEMBL65513,,CHEMBL65513,5.70,0,http://www.openphacts.org/units/Nanomolar,115393,=,1,1,=,,IC50,nM,,2000.0,CHEMBL213,Homo sapiens,Beta-1 adrenergic receptor,9606,,,IC50,nM,UO_0000065,,2000.0
,,803156,[],CHEMBL652506,Inhibitory activity against cloned human Beta-1 adrenergic receptor in the presence of [125I]iodocyanopindolol in CHO cells by receptor binding assay,B,,,BAO_0000190,BAO_0000219,cell-based format,CCCCCCCCn1nnn(-c2ccc(S(=O)(=O)Nc3ccc(CCNC[C@H](O)c4cccnc4)cc3)cc2)c1=O,,,CHEMBL1132038,Bioorg Med Chem Lett,1999.0,"{'bei': '9.86', 'le': '0.19', 'lle': '2.00', 'sei': '4.06'}",,CHEMBL22318,,CHEMBL22318,5.85,0,http://www.openphacts.org/units/Nanomolar,29917,=,1,1,=,,IC50,nM,,1400.0,CHEMBL213,Homo sapiens,Beta-1 adrenergic receptor,9606,,,IC50,nM,UO_0000065,,1400.0
,,804616,[],CHEMBL654206,"Binding affinity for cloned human Beta-1 adrenergic receptor expressed in CHO cells, tested in the presence of I-iodocyanopindolol.",B,,,BAO_0000190,BAO_0000219,cell-based format,O=S(=O)(Nc1ccc(CCNC[C@H](O)c2cccnc2)cc1)c1ccc(-n2ncc(COc3ccc(C(F)(F)F)cc3)n2)cc1,,,CHEMBL1133315,Bioorg Med Chem Lett,2000.0,"{'bei': '9.45', 'le': '0.18', 'lle': '1.11', 'sei': '4.60'}",,CHEMBL277613,,CHEMBL277613,6.04,0,http://www.openphacts.org/units/Nanomolar,115388,=,1,1,=,,IC50,nM,,920.0,CHEMBL213,Homo sapiens,Beta-1 adrenergic receptor,9606,,,IC50,nM,UO_0000065,,920.0
,,805990,[],CHEMBL654206,"Binding affinity for cloned human Beta-1 adrenergic receptor expressed in CHO cells, tested in the presence of I-iodocyanopindolol.",B,,,BAO_0000190,BAO_0000219,cell-based format,O=S(=O)(Nc1ccc(CCNC[C@H](O)c2cccnc2)cc1)c1ccc(-n2ncc(Cc3ccc(F)cc3)n2)cc1,,,CHEMBL1133315,Bioorg Med Chem Lett,2000.0,"{'bei': '9.78', 'le': '0.19', 'lle': '1.54', 'sei': '4.59'}",,CHEMBL304298,,CHEMBL304298,5.60,0,http://www.openphacts.org/units/Nanomolar,115385,=,1,1,=,,IC50,nM,,2500.0,CHEMBL213,Homo sapiens,Beta-1 adrenergic receptor,9606,,,IC50,nM,UO_0000065,,2500.0
,,812402,[],CHEMBL654206,"Binding affinity for cloned human Beta-1 adrenergic receptor expressed in CHO cells, tested in the presence of I-iodocyanopindolol.",B,,,BAO_0000190,BAO_0000219,cell-based format,O=S(=O)(Nc1ccc(CCNC[C@H](O)c2cccnc2)cc1)c1ccc(-n2ncc(Cc3cccc(F)c3)n2)cc1,,,CHEMBL1133315,Bioorg Med Chem Lett,2000.0,"{'bei': '9.64', 'le': '0.18', 'lle': '1.46', 'sei': '4.53'}",,CHEMBL63963,,CHEMBL63963,5.52,0,http://www.openphacts.org/units/Nanomolar,115398,=,1,1,=,,IC50,nM,,3000.0,CHEMBL213,Homo sapiens,Beta-1 adrenergic receptor,9606,,,IC50,nM,UO_0000065,,3000.0
,,812406,[],CHEMBL654206,"Binding affinity for cloned human Beta-1 adrenergic receptor expressed in CHO cells, tested in the presence of I-iodocyanopindolol.",B,,,BAO_0000190,BAO_0000219,cell-based format,O=S(=O)(Nc1ccc(CCNC[C@H](O)c2cccnc2)cc1)c1ccc(-n2ncc(Cc3ccc(C(F)(F)F)cc3)n2)cc1,,,CHEMBL1133315,Bioorg Med Chem Lett,2000.0,"{'bei': '7.55', 'le': '0.15', 'lle': '-0.24', 'sei': '3.85'}",,CHEMBL65461,,CHEMBL65461,4.70,0,http://www.openphacts.org/units/Nanomolar,115392,=,1,1,=,,IC50,nM,,20000.0,CHEMBL213,Homo sapiens,Beta-1 adrenergic receptor,9606,,,IC50,nM,UO_0000065,,20000.0
,,813707,[],CHEMBL654206,"Binding affinity for cloned human Beta-1 adrenergic receptor expressed in CHO cells, tested in the presence of I-iodocyanopindolol.",B,,,BAO_0000190,BAO_0000219,cell-based format,O=S(=O)(Nc1ccc(CCNC[C@H](O)c2cccnc2)cc1)c1ccc(-n2ncc(-c3ccc(F)cc3)n2)cc1,,,CHEMBL1133315,Bioorg Med Chem Lett,2000.0,"{'bei': '7.87', 'le': '0.15', 'lle': '0.27', 'sei': '3.60'}",,CHEMBL305558,,CHEMBL305558,4.40,0,http://www.openphacts.org/units/Nanomolar,115399,=,1,1,=,,IC50,nM,,40000.0,CHEMBL213,Homo sapiens,Beta-1 adrenergic receptor,9606,,,IC50,nM,UO_0000065,,40000.0
,,813711,[],CHEMBL654206,"Binding affinity for cloned human Beta-1 adrenergic receptor expressed in CHO cells, tested in the presence of I-iodocyanopindolol.",B,,,BAO_0000190,BAO_0000219,cell-based format,O=S(=O)(Nc1ccc(CCNC[C@H](O)c2cccnc2)cc1)c1ccc(-n2ncc(COc3ccc(OC(F)(F)F)cc3)n2)cc1,,,CHEMBL1133315,Bioorg Med Chem Lett,2000.0,"{'bei': '7.95', 'le': '0.15', 'lle': '0.40', 'sei': '3.71'}",,CHEMBL63825,,CHEMBL63825,5.21,0,http://www.openphacts.org/units/Nanomolar,115387,=,1,1,=,,IC50,nM,,6200.0,CHEMBL213,Homo sapiens,Beta-1 adrenergic receptor,9606,,,IC50,nM,UO_0000065,,6200.0
,,818380,[],CHEMBL652506,Inhibitory activity against cloned human Beta-1 adrenergic receptor in the presence of [125I]iodocyanopindolol in CHO cells by receptor binding assay,B,,,BAO_0000190,BAO_0000219,cell-based format,CCCCCCn1nnn(-c2ccc(S(=O)(=O)Nc3ccc(CCNC[C@H](O)c4cccnc4)cc3)cc2)c1=O,,,CHEMBL1132038,Bioorg Med Chem Lett,1999.0,"{'bei': '9.37', 'le': '0.18', 'lle': '2.23', 'sei': '3.68'}",,CHEMBL22345,,CHEMBL22345,5.30,0,http://www.openphacts.org/units/Nanomolar,29913,=,1,1,=,,IC50,nM,,5000.0,CHEMBL213,Homo sapiens,Beta-1 adrenergic receptor,9606,,,IC50,nM,UO_0000065,,5000.0
,,819689,[],CHEMBL654206,"Binding affinity for cloned human Beta-1 adrenergic receptor expressed in CHO cells, tested in the presence of I-iodocyanopindolol.",B,,,BAO_0000190,BAO_0000219,cell-based format,O=S(=O)(Nc1ccc(CCNC[C@H](O)c2cccnc2)cc1)c1ccc(-n2ncc(Cc3c(F)cc(F)cc3F)n2)cc1,,,CHEMBL1133315,Bioorg Med Chem Lett,2000.0,"{'bei': '8.21', 'le': '0.16', 'lle': '0.66', 'sei': '4.10'}",,CHEMBL67404,,CHEMBL67404,5.00,0,http://www.openphacts.org/units/Nanomolar,115390,=,1,1,=,,IC50,nM,,10000.0,CHEMBL213,Homo sapiens,Beta-1 adrenergic receptor,9606,,,IC50,nM,UO_0000065,,10000.0
,,821774,[],CHEMBL654206,"Binding affinity for cloned human Beta-1 adrenergic receptor expressed in CHO cells, tested in the presence of I-iodocyanopindolol.",B,,,BAO_0000190,BAO_0000219,cell-based format,O=S(=O)(Nc1ccc(CCNC[C@H](O)c2cccnc2)cc1)c1ccc(-n2ncc(-c3cccc(F)c3)n2)cc1,,,CHEMBL1133315,Bioorg Med Chem Lett,2000.0,"{'bei': '9.06', 'le': '0.17', 'lle': '0.93', 'sei': '4.15'}",,CHEMBL66908,,CHEMBL66908,5.06,0,http://www.openphacts.org/units/Nanomolar,115384,=,1,1,=,,IC50,nM,,8700.0,CHEMBL213,Homo sapiens,Beta-1 adrenergic receptor,9606,,,IC50,nM,UO_0000065,,8700.0
,,824213,[],CHEMBL654206,"Binding affinity for cloned human Beta-1 adrenergic receptor expressed in CHO cells, tested in the presence of I-iodocyanopindolol.",B,,,BAO_0000190,BAO_0000219,cell-based format,O=S(=O)(Nc1ccc(CCNC[C@H](O)c2cccnc2)cc1)c1ccc(-n2ncc(Cc3c(F)cccc3F)n2)cc1,,,CHEMBL1133315,Bioorg Med Chem Lett,2000.0,"{'bei': '7.71', 'le': '0.15', 'lle': '0.35', 'sei': '3.73'}",,CHEMBL66789,,CHEMBL66789,4.55,0,http://www.openphacts.org/units/Nanomolar,115394,=,1,1,=,,IC50,nM,,28000.0,CHEMBL213,Homo sapiens,Beta-1 adrenergic receptor,9606,,,IC50,nM,UO_0000065,,28000.0
,,824217,[],CHEMBL654206,"Binding affinity for cloned human Beta-1 adrenergic receptor expressed in CHO cells, tested in the presence of I-iodocyanopindolol.",B,,,BAO_0000190,BAO_0000219,cell-based format,O=S(=O)(Nc1ccc(CCNC[C@H](O)c2cccnc2)cc1)c1ccc(-n2ncc(COc3ccc(F)c(F)c3)n2)cc1,,,CHEMBL1133315,Bioorg Med Chem Lett,2000.0,"{'bei': '9.94', 'le': '0.19', 'lle': '1.84', 'sei': '4.60'}",,CHEMBL68301,,CHEMBL68301,6.03,0,http://www.openphacts.org/units/Nanomolar,115389,=,1,1,=,,IC50,nM,,930.0,CHEMBL213,Homo sapiens,Beta-1 adrenergic receptor,9606,,,IC50,nM,UO_0000065,,930.0
,,825268,[],CHEMBL652505,Inhibitory activity against cloned human Beta-1 adrenergic receptor in the presence of [125I]iodocyanopindolol expressed in CHO cells by receptor binding assay,B,,,BAO_0000190,BAO_0000219,cell-based format,O=c1n(CCCC2CCCC2)nnn1-c1ccc(S(=O)(=O)Nc2ccc(CCNC[C@H](O)c3cccnc3)cc2)cc1,,,CHEMBL1132038,Bioorg Med Chem Lett,1999.0,"{'bei': '9.24', 'le': '0.18', 'lle': '2.01', 'sei': '3.80'}",,CHEMBL22375,,CHEMBL22375,5.47,0,http://www.openphacts.org/units/Nanomolar,29914,=,1,1,=,,IC50,nM,,3400.0,CHEMBL213,Homo sapiens,Beta-1 adrenergic receptor,9606,,,IC50,nM,UO_0000065,,3400.0
,,826766,[],CHEMBL654206,"Binding affinity for cloned human Beta-1 adrenergic receptor expressed in CHO cells, tested in the presence of I-iodocyanopindolol.",B,,,BAO_0000190,BAO_0000219,cell-based format,COc1ccc(-c2cnn(-c3ccc(S(=O)(=O)Nc4ccc(CCNC[C@H](O)c5cccnc5)cc4)cc3)n2)cc1F,,,CHEMBL1133315,Bioorg Med Chem Lett,2000.0,"{'bei': '8.92', 'le': '0.17', 'lle': '1.11', 'sei': '4.00'}",,CHEMBL63357,,CHEMBL63357,5.25,0,http://www.openphacts.org/units/Nanomolar,115400,=,1,1,=,,IC50,nM,,5600.0,CHEMBL213,Homo sapiens,Beta-1 adrenergic receptor,9606,,,IC50,nM,UO_0000065,,5600.0
,,904622,[],CHEMBL649973,Tested for binding affinity against cloned human beta-1 adrenergic receptor from CHO cells using [125I]iodocyanopindolol as the radioligand,B,,,BAO_0000190,BAO_0000219,cell-based format,O=S(=O)(Cc1ccccc1)Nc1ccc(CCNC[C@H](O)COc2ccc(O)cc2)cc1,,,CHEMBL1130810,Bioorg Med Chem Lett,1998.0,"{'bei': '15.82', 'le': '0.31', 'lle': '4.31', 'sei': '6.69'}",,CHEMBL13079,,CHEMBL13079,7.22,0,http://www.openphacts.org/units/Nanomolar,11688,=,1,1,=,,IC50,nM,,60.0,CHEMBL213,Homo sapiens,Beta-1 adrenergic receptor,9606,,,IC50,nM,UO_0000065,,60.0
,,904797,[],CHEMBL654211,Binding affinity for human Beta-1 adrenergic receptor using [125I]iodocyanopindolol as radioligand in CHO cells,B,,,BAO_0000190,BAO_0000219,cell-based format,N#CN/C(=N\c1ccc2c(c1)N(c1nc(-c3ccc(OC(F)(F)F)cc3)cs1)CC2)Nc1ccc(CCNC[C@H](O)c2cccnc2)cc1,,,CHEMBL1134823,Bioorg Med Chem Lett,2001.0,"{'bei': '9.07', 'le': '0.17', 'lle': '-0.62', 'sei': '4.75'}",,CHEMBL332132,,CHEMBL332132,6.21,0,http://www.openphacts.org/units/Nanomolar,238768,=,1,1,=,,IC50,nM,,620.0,CHEMBL213,Homo sapiens,Beta-1 adrenergic receptor,9606,,,IC50,nM,UO_0000065,,620.0
,,904802,[],CHEMBL654211,Binding affinity for human Beta-1 adrenergic receptor using [125I]iodocyanopindolol as radioligand in CHO cells,B,,,BAO_0000190,BAO_0000219,cell-based format,O=[N+]([O-])/C=C(\Nc1ccc(CCNC[C@H](O)c2cccnc2)cc1)Nc1cc(Cl)cc(Cl)c1,,,CHEMBL1134823,Bioorg Med Chem Lett,2001.0,"{'bei': '11.10', 'le': '0.22', 'lle': '0.57', 'sei': '4.82'}",,CHEMBL125246,,CHEMBL125246,5.42,0,http://www.openphacts.org/units/Nanomolar,238763,=,1,1,=,,IC50,nM,,3800.0,CHEMBL213,Homo sapiens,Beta-1 adrenergic receptor,9606,,,IC50,nM,UO_0000065,,3800.0
,,907408,[],CHEMBL649967,In vitro affinity at Beta-1 adrenergic receptor in the presence of [125I]iodocyanopindolol.,B,,,BAO_0000190,BAO_0000357,single protein format,CCCCCCCNC(=O)Nc1ccc(S(=O)(=O)Nc2ccc(CCNC[C@H](O)COc3ccc(O)cc3)cc2)cc1,,,CHEMBL1131408,Bioorg Med Chem Lett,1998.0,"{'bei': '11.19', 'le': '0.22', 'lle': '1.84', 'sei': '4.50'}",,CHEMBL144870,,CHEMBL144870,6.70,0,http://www.openphacts.org/units/Nanomolar,12532,=,1,1,=,,IC50,nM,,200.0,CHEMBL213,Homo sapiens,Beta-1 adrenergic receptor,9606,,,IC50,nM,UO_0000065,,200.0
,,907412,[],CHEMBL649973,Tested for binding affinity against cloned human beta-1 adrenergic receptor from CHO cells using [125I]iodocyanopindolol as the radioligand,B,,,BAO_0000190,BAO_0000219,cell-based format,O=S(=O)(Nc1ccc(CCNC[C@H](O)COc2ccc(O)cc2)cc1)c1ccc(Br)cc1,,,CHEMBL1130810,Bioorg Med Chem Lett,1998.0,"{'bei': '12.07', 'le': '0.27', 'lle': '2.76', 'sei': '5.83'}",,CHEMBL267545,,CHEMBL267545,6.29,0,http://www.openphacts.org/units/Nanomolar,11677,=,1,1,=,,IC50,nM,,510.0,CHEMBL213,Homo sapiens,Beta-1 adrenergic receptor,9606,,,IC50,nM,UO_0000065,,510.0
,,908422,[],CHEMBL649967,In vitro affinity at Beta-1 adrenergic receptor in the presence of [125I]iodocyanopindolol.,B,,,BAO_0000190,BAO_0000357,single protein format,CCCCCCNC(=O)Nc1ccc(S(=O)(=O)Nc2ccc(CCNC[C@H](O)COc3ccc(O)cc3)cc2)cc1,,,CHEMBL1131408,Bioorg Med Chem Lett,1998.0,"{'bei': '11.46', 'le': '0.22', 'lle': '2.23', 'sei': '4.50'}",,CHEMBL12998,L-755507,CHEMBL12998,6.70,0,http://www.openphacts.org/units/Nanomolar,12535,=,1,1,=,,IC50,nM,,200.0,CHEMBL213,Homo sapiens,Beta-1 adrenergic receptor,9606,,,IC50,nM,UO_0000065,,200.0
,,908425,[],CHEMBL649973,Tested for binding affinity against cloned human beta-1 adrenergic receptor from CHO cells using [125I]iodocyanopindolol as the radioligand,B,,,BAO_0000190,BAO_0000219,cell-based format,CS(=O)(=O)Nc1ccc(CCNC[C@H](O)COc2ccc(O)cc2)cc1,,,CHEMBL1130810,Bioorg Med Chem Lett,1998.0,"{'bei': '15.98', 'le': '0.32', 'lle': '4.74', 'sei': '5.64'}",,CHEMBL12188,,CHEMBL12188,6.08,0,http://www.openphacts.org/units/Nanomolar,11694,=,1,1,=,,IC50,nM,,830.0,CHEMBL213,Homo sapiens,Beta-1 adrenergic receptor,9606,,,IC50,nM,UO_0000065,,830.0
,,908430,[],CHEMBL652502,Tested for binding affinity against cloned human beta-1 adrenergic receptor from CHO cells using [125I]iodocyanopindolol as the radioligand.,B,,,BAO_0000190,BAO_0000219,cell-based format,O=S(=O)(Nc1ccc(CCNC[C@H](O)COc2ccc(O)cc2)cc1)c1cccc(Cl)c1,,,CHEMBL1130810,Bioorg Med Chem Lett,1998.0,"{'bei': '12.58', 'le': '0.26', 'lle': '2.58', 'sei': '5.56'}",,CHEMBL12813,,CHEMBL12813,6.00,0,http://www.openphacts.org/units/Nanomolar,11684,=,1,1,=,,IC50,nM,,1000.0,CHEMBL213,Homo sapiens,Beta-1 adrenergic receptor,9606,,,IC50,nM,UO_0000065,,1000.0
,,908566,[],CHEMBL649967,In vitro affinity at Beta-1 adrenergic receptor in the presence of [125I]iodocyanopindolol.,B,,,BAO_0000190,BAO_0000357,single protein format,COC(=O)Nc1ccc(S(=O)(=O)Nc2ccc(CCNC[C@H](O)COc3ccc(O)cc3)cc2)cc1,,,CHEMBL1131408,Bioorg Med Chem Lett,1998.0,"{'bei': '12.80', 'le': '0.25', 'lle': '3.66', 'sei': '4.52'}",,CHEMBL13389,,CHEMBL13389,6.60,0,http://www.openphacts.org/units/Nanomolar,12520,=,1,1,=,,IC50,nM,,250.0,CHEMBL213,Homo sapiens,Beta-1 adrenergic receptor,9606,,,IC50,nM,UO_0000065,,250.0
,,909884,[],CHEMBL649972,Compound was tested for binding affinity against cloned human beta-1 adrenergic receptor from CHO cells using [125I]-iodocyanopindolol as radioligand,B,,,BAO_0000190,BAO_0000219,cell-based format,COc1ccc(CC[C@H](C)NC[C@H](O)COc2ccc(O)cc2)cc1,,,CHEMBL1130810,Bioorg Med Chem Lett,1998.0,"{'bei': '23.16', 'le': '0.44', 'lle': '5.25', 'sei': '11.28'}",,CHEMBL274782,,CHEMBL274782,8.00,0,http://www.openphacts.org/units/Nanomolar,11674,=,1,1,=,,IC50,nM,,10.0,CHEMBL213,Homo sapiens,Beta-1 adrenergic receptor,9606,,,IC50,nM,UO_0000065,,10.0
,,909888,[],CHEMBL649973,Tested for binding affinity against cloned human beta-1 adrenergic receptor from CHO cells using [125I]iodocyanopindolol as the radioligand,B,,,BAO_0000190,BAO_0000219,cell-based format,O=C(Nc1ccc(CCNC[C@H](O)COc2ccc(O)cc2)cc1)c1ccccc1,,,CHEMBL1130810,Bioorg Med Chem Lett,1998.0,"{'bei': '20.11', 'le': '0.37', 'lle': '4.95', 'sei': '9.00'}",,CHEMBL276659,,CHEMBL276659,8.17,0,http://www.openphacts.org/units/Nanomolar,11695,=,1,1,=,,IC50,nM,,6.7,CHEMBL213,Homo sapiens,Beta-1 adrenergic receptor,9606,,,IC50,nM,UO_0000065,,6.7
,,910071,[],CHEMBL654211,Binding affinity for human Beta-1 adrenergic receptor using [125I]iodocyanopindolol as radioligand in CHO cells,B,,,BAO_0000190,BAO_0000219,cell-based format,N#CN/C(=N\c1cccc(F)c1)Nc1ccc(CCNC[C@H](O)c2cccnc2)cc1,,,CHEMBL1134823,Bioorg Med Chem Lett,2001.0,"{'bei': '14.89', 'le': '0.27', 'lle': '2.97', 'sei': '5.91'}",,CHEMBL124668,,CHEMBL124668,6.23,0,http://www.openphacts.org/units/Nanomolar,238755,=,1,1,=,,IC50,nM,,590.0,CHEMBL213,Homo sapiens,Beta-1 adrenergic receptor,9606,,,IC50,nM,UO_0000065,,590.0
,,910075,[],CHEMBL654211,Binding affinity for human Beta-1 adrenergic receptor using [125I]iodocyanopindolol as radioligand in CHO cells,B,,,BAO_0000190,BAO_0000219,cell-based format,N#CN/C(=N\c1cccc2ccccc12)Nc1ccc(CCNC[C@H](O)c2cccnc2)cc1,,,CHEMBL1134823,Bioorg Med Chem Lett,2001.0,"{'bei': '14.02', 'le': '0.25', 'lle': '2.05', 'sei': '6.00'}",,CHEMBL439794,,CHEMBL439794,6.32,0,http://www.openphacts.org/units/Nanomolar,238757,=,1,1,=,,IC50,nM,,480.0,CHEMBL213,Homo sapiens,Beta-1 adrenergic receptor,9606,,,IC50,nM,UO_0000065,,480.0
,,910081,[],CHEMBL654211,Binding affinity for human Beta-1 adrenergic receptor using [125I]iodocyanopindolol as radioligand in CHO cells,B,,,BAO_0000190,BAO_0000219,cell-based format,N#CN/C(=N\c1ccc2c(c1)CCN2c1nc(-c2ccc(OC(F)(F)F)cc2)cs1)Nc1ccc(CCNC[C@H](O)c2cccnc2)cc1,,,CHEMBL1134823,Bioorg Med Chem Lett,2001.0,"{'bei': '10.50', 'le': '0.20', 'lle': '0.36', 'sei': '5.50'}",,CHEMBL431678,,CHEMBL431678,7.19,0,http://www.openphacts.org/units/Nanomolar,238770,=,1,1,=,,IC50,nM,,65.0,CHEMBL213,Homo sapiens,Beta-1 adrenergic receptor,9606,,,IC50,nM,UO_0000065,,65.0
,,911133,[],CHEMBL652502,Tested for binding affinity against cloned human beta-1 adrenergic receptor from CHO cells using [125I]iodocyanopindolol as the radioligand.,B,,,BAO_0000190,BAO_0000219,cell-based format,O=S(=O)(Nc1ccc(CCNC[C@H](O)COc2ccc(O)cc2)cc1)c1ccc2ccccc2c1,,,CHEMBL1130810,Bioorg Med Chem Lett,1998.0,"{'bei': '10.24', 'le': '0.20', 'lle': '1.13', 'sei': '4.68'}",,CHEMBL13278,,CHEMBL13278,5.05,0,http://www.openphacts.org/units/Nanomolar,11679,=,1,1,=,,IC50,nM,,9000.0,CHEMBL213,Homo sapiens,Beta-1 adrenergic receptor,9606,,,IC50,nM,UO_0000065,,9000.0
,,912428,[],CHEMBL649973,Tested for binding affinity against cloned human beta-1 adrenergic receptor from CHO cells using [125I]iodocyanopindolol as the radioligand,B,,,BAO_0000190,BAO_0000219,cell-based format,O=S(=O)(CCc1ccccc1)Nc1ccc(CCNC[C@H](O)COc2ccc(O)cc2)cc1,,,CHEMBL1130810,Bioorg Med Chem Lett,1998.0,"{'bei': '14.79', 'le': '0.29', 'lle': '4.01', 'sei': '6.45'}",,CHEMBL12674,,CHEMBL12674,6.96,0,http://www.openphacts.org/units/Nanomolar,11687,=,1,1,=,,IC50,nM,,110.0,CHEMBL213,Homo sapiens,Beta-1 adrenergic receptor,9606,,,IC50,nM,UO_0000065,,110.0
,,912647,[],CHEMBL654211,Binding affinity for human Beta-1 adrenergic receptor using [125I]iodocyanopindolol as radioligand in CHO cells,B,,,BAO_0000190,BAO_0000219,cell-based format,N#CN/C(=N\c1cccc(I)c1)Nc1ccc(CCNC[C@H](O)c2cccnc2)cc1,,,CHEMBL1134823,Bioorg Med Chem Lett,2001.0,"{'bei': '12.61', 'le': '0.29', 'lle': '2.92', 'sei': '6.30'}",,CHEMBL125168,,CHEMBL125168,6.64,0,http://www.openphacts.org/units/Nanomolar,238753,=,1,1,=,,IC50,nM,,230.0,CHEMBL213,Homo sapiens,Beta-1 adrenergic receptor,9606,,,IC50,nM,UO_0000065,,230.0
,,912650,[],CHEMBL654211,Binding affinity for human Beta-1 adrenergic receptor using [125I]iodocyanopindolol as radioligand in CHO cells,B,,,BAO_0000190,BAO_0000219,cell-based format,CCCCCCCCc1csc(N2CCc3cc(S(=O)(=O)Nc4ccc(CCNC[C@H](O)c5cccnc5)cc4)ccc32)n1,,,CHEMBL1134823,Bioorg Med Chem Lett,2001.0,"{'bei': '8.84', 'le': '0.17', 'lle': '-1.20', 'sei': '5.21'}",,CHEMBL301231,,CHEMBL301231,5.60,0,http://www.openphacts.org/units/Nanomolar,238773,=,1,1,=,,IC50,nM,,2500.0,CHEMBL213,Homo sapiens,Beta-1 adrenergic receptor,9606,,,IC50,nM,UO_0000065,,2500.0
,,913781,[],CHEMBL652502,Tested for binding affinity against cloned human beta-1 adrenergic receptor from CHO cells using [125I]iodocyanopindolol as the radioligand.,B,,,BAO_0000190,BAO_0000219,cell-based format,COc1ccc(S(=O)(=O)Nc2ccc(CCNC[C@H](O)COc3ccc(O)cc3)cc2)cc1,,,CHEMBL1130810,Bioorg Med Chem Lett,1998.0,"{'bei': '14.50', 'le': '0.28', 'lle': '4.08', 'sei': '5.85'}",,CHEMBL12686,,CHEMBL12686,6.85,0,http://www.openphacts.org/units/Nanomolar,11681,=,1,1,=,,IC50,nM,,140.0,CHEMBL213,Homo sapiens,Beta-1 adrenergic receptor,9606,,,IC50,nM,UO_0000065,,140.0
,,915337,[],CHEMBL654211,Binding affinity for human Beta-1 adrenergic receptor using [125I]iodocyanopindolol as radioligand in CHO cells,B,,,BAO_0000190,BAO_0000219,cell-based format,N#CN/C(=N\c1ccc2c(c1)CCN2c1nc(-c2ccc(OC(F)(F)F)cc2)cs1)Nc1ccc2cc(CCNC[C@H](O)c3cccnc3)ccc2c1,,,CHEMBL1134823,Bioorg Med Chem Lett,2001.0,"{'bei': '7.67', 'le': '0.15', 'lle': '-2.35', 'sei': '4.31'}",,CHEMBL124597,,CHEMBL124597,5.64,0,http://www.openphacts.org/units/Nanomolar,238765,=,1,1,=,,IC50,nM,,2300.0,CHEMBL213,Homo sapiens,Beta-1 adrenergic receptor,9606,,,IC50,nM,UO_0000065,,2300.0
,,916399,[],CHEMBL649967,In vitro affinity at Beta-1 adrenergic receptor in the presence of [125I]iodocyanopindolol.,B,,,BAO_0000190,BAO_0000357,single protein format,O=C(Nc1ccc(S(=O)(=O)Nc2ccc(CCNC[C@H](O)COc3ccc(O)cc3)cc2)cc1)NC1CCCCC1,,,CHEMBL1131408,Bioorg Med Chem Lett,1998.0,"{'bei': '11.30', 'le': '0.22', 'lle': '2.37', 'sei': '4.42'}",,CHEMBL13432,,CHEMBL13432,6.58,0,http://www.openphacts.org/units/Nanomolar,12530,=,1,1,=,,IC50,nM,,260.0,CHEMBL213,Homo sapiens,Beta-1 adrenergic receptor,9606,,,IC50,nM,UO_0000065,,260.0
,,916403,[],CHEMBL652502,Tested for binding affinity against cloned human beta-1 adrenergic receptor from CHO cells using [125I]iodocyanopindolol as the radioligand.,B,,,BAO_0000190,BAO_0000219,cell-based format,O=S(=O)(Nc1ccc(CCNC[C@H](O)COc2ccc(O)cc2)cc1)c1cnc2ccccc2c1,,,CHEMBL1130810,Bioorg Med Chem Lett,1998.0,"{'bei': '12.77', 'le': '0.25', 'lle': '2.99', 'sei': '5.22'}",,CHEMBL12769,,CHEMBL12769,6.30,0,http://www.openphacts.org/units/Nanomolar,11678,=,1,1,=,,IC50,nM,,500.0,CHEMBL213,Homo sapiens,Beta-1 adrenergic receptor,9606,,,IC50,nM,UO_0000065,,500.0
,,916491,[],CHEMBL654211,Binding affinity for human Beta-1 adrenergic receptor using [125I]iodocyanopindolol as radioligand in CHO cells,B,,,BAO_0000190,BAO_0000219,cell-based format,N#CN/C(=N\c1ccc(I)cc1)Nc1ccc(CCNC[C@H](O)c2cccnc2)cc1,,,CHEMBL1134823,Bioorg Med Chem Lett,2001.0,"{'bei': '11.66', 'le': '0.27', 'lle': '2.42', 'sei': '5.82'}",,CHEMBL126055,,CHEMBL126055,6.14,0,http://www.openphacts.org/units/Nanomolar,238752,=,1,1,=,,IC50,nM,,730.0,CHEMBL213,Homo sapiens,Beta-1 adrenergic receptor,9606,,,IC50,nM,UO_0000065,,730.0
,,916495,[],CHEMBL654211,Binding affinity for human Beta-1 adrenergic receptor using [125I]iodocyanopindolol as radioligand in CHO cells,B,,,BAO_0000190,BAO_0000219,cell-based format,N#CN/C(=N\c1cccc(Oc2ccccc2)c1)Nc1ccc(CCNC[C@H](O)c2cccnc2)cc1,,,CHEMBL1134823,Bioorg Med Chem Lett,2001.0,"{'bei': '13.44', 'le': '0.24', 'lle': '1.71', 'sei': '5.78'}",,CHEMBL124863,,CHEMBL124863,6.62,0,http://www.openphacts.org/units/Nanomolar,238756,=,1,1,=,,IC50,nM,,240.0,CHEMBL213,Homo sapiens,Beta-1 adrenergic receptor,9606,,,IC50,nM,UO_0000065,,240.0
,Not Determined,917637,[],CHEMBL884127,Agonist activity against cloned human beta-1 adrenergic receptor as percent activation of adenyl cyclase activity at a concentration of 1000 nM; Not determined,F,,,BAO_0000190,BAO_0000019,assay format,O=S(=O)(CCCc1ccccc1)Nc1ccc(CCNC[C@H](O)COc2ccc(O)cc2)cc1,,,CHEMBL1130810,Bioorg Med Chem Lett,1998.0,,,CHEMBL13003,,CHEMBL13003,,0,http://www.openphacts.org/units/Nanomolar,11686,,1,0,,,IC50,nM,,,CHEMBL213,Homo sapiens,Beta-1 adrenergic receptor,9606,,,IC50,nM,UO_0000065,,
,,917638,[],CHEMBL649973,Tested for binding affinity against cloned human beta-1 adrenergic receptor from CHO cells using [125I]iodocyanopindolol as the radioligand,B,,,BAO_0000190,BAO_0000219,cell-based format,O=S(=O)(CCCc1ccccc1)Nc1ccc(CCNC[C@H](O)COc2ccc(O)cc2)cc1,,,CHEMBL1130810,Bioorg Med Chem Lett,1998.0,"{'bei': '12.38', 'le': '0.24', 'lle': '2.66', 'sei': '5.56'}",,CHEMBL13003,,CHEMBL13003,6.00,0,http://www.openphacts.org/units/Nanomolar,11686,=,1,1,=,,IC50,nM,,1000.0,CHEMBL213,Homo sapiens,Beta-1 adrenergic receptor,9606,,,IC50,nM,UO_0000065,,1000.0
,,917854,[],CHEMBL654211,Binding affinity for human Beta-1 adrenergic receptor using [125I]iodocyanopindolol as radioligand in CHO cells,B,,,BAO_0000190,BAO_0000219,cell-based format,N#CN/C(=N\c1cc(Cl)cc(Cl)c1)Nc1ccc(CCNC[C@H](O)c2cccnc2)cc1,,,CHEMBL1134823,Bioorg Med Chem Lett,2001.0,"{'bei': '13.93', 'le': '0.28', 'lle': '2.12', 'sei': '6.21'}",,CHEMBL338618,,CHEMBL338618,6.54,0,http://www.openphacts.org/units/Nanomolar,238754,=,1,1,=,,IC50,nM,,290.0,CHEMBL213,Homo sapiens,Beta-1 adrenergic receptor,9606,,,IC50,nM,UO_0000065,,290.0
,,918966,[],CHEMBL649973,Tested for binding affinity against cloned human beta-1 adrenergic receptor from CHO cells using [125I]iodocyanopindolol as the radioligand,B,,,BAO_0000190,BAO_0000219,cell-based format,O=S(=O)(Nc1ccc(CCNC[C@H](O)COc2ccc(O)cc2)cc1)c1ccc(Cl)c(Cl)c1,,,CHEMBL1130810,Bioorg Med Chem Lett,1998.0,,,CHEMBL12945,,CHEMBL12945,,0,http://www.openphacts.org/units/Nanomolar,11680,>,1,1,>,,IC50,nM,,10000.0,CHEMBL213,Homo sapiens,Beta-1 adrenergic receptor,9606,,,IC50,nM,UO_0000065,,10000.0
,,919963,[],CHEMBL649967,In vitro affinity at Beta-1 adrenergic receptor in the presence of [125I]iodocyanopindolol.,B,,,BAO_0000190,BAO_0000357,single protein format,CCCCCCN(C)C(=O)Nc1ccc(S(=O)(=O)Nc2ccc(CCNC[C@H](O)COc3ccc(O)cc3)cc2)cc1,,,CHEMBL1131408,Bioorg Med Chem Lett,1998.0,"{'bei': '10.18', 'le': '0.20', 'lle': '1.29', 'sei': '4.35'}",,CHEMBL274144,,CHEMBL274144,6.10,0,http://www.openphacts.org/units/Nanomolar,12529,=,1,1,=,,IC50,nM,,800.0,CHEMBL213,Homo sapiens,Beta-1 adrenergic receptor,9606,,,IC50,nM,UO_0000065,,800.0
,,920170,[],CHEMBL654211,Binding affinity for human Beta-1 adrenergic receptor using [125I]iodocyanopindolol as radioligand in CHO cells,B,,,BAO_0000190,BAO_0000219,cell-based format,O=[N+]([O-])/C=C(\Nc1ccc(CCNC[C@H](O)c2cccnc2)cc1)Nc1cccc(F)c1,,,CHEMBL1134823,Bioorg Med Chem Lett,2001.0,"{'bei': '12.62', 'le': '0.24', 'lle': '1.83', 'sei': '4.92'}",,CHEMBL124584,,CHEMBL124584,5.52,0,http://www.openphacts.org/units/Nanomolar,238762,=,1,1,=,,IC50,nM,,3000.0,CHEMBL213,Homo sapiens,Beta-1 adrenergic receptor,9606,,,IC50,nM,UO_0000065,,3000.0
,,920174,[],CHEMBL654211,Binding affinity for human Beta-1 adrenergic receptor using [125I]iodocyanopindolol as radioligand in CHO cells,B,,,BAO_0000190,BAO_0000219,cell-based format,NC(=O)c1cccc(N/C(=C/[N+](=O)[O-])Nc2ccc(CCNC[C@H](O)c3cccnc3)cc2)c1,,,CHEMBL1134823,Bioorg Med Chem Lett,2001.0,"{'bei': '13.19', 'le': '0.25', 'lle': '3.45', 'sei': '3.93'}",,CHEMBL127451,,CHEMBL127451,6.10,0,http://www.openphacts.org/units/Nanomolar,238761,=,1,1,=,,IC50,nM,,790.0,CHEMBL213,Homo sapiens,Beta-1 adrenergic receptor,9606,,,IC50,nM,UO_0000065,,790.0
,,920178,[],CHEMBL654211,Binding affinity for human Beta-1 adrenergic receptor using [125I]iodocyanopindolol as radioligand in CHO cells,B,,,BAO_0000190,BAO_0000219,cell-based format,O=[N+]([O-])/C=C(\Nc1ccc(CCNC[C@H](O)c2cccnc2)cc1)Nc1ccc2ccccc2c1,,,CHEMBL1134823,Bioorg Med Chem Lett,2001.0,"{'bei': '12.96', 'le': '0.24', 'lle': '1.39', 'sei': '5.42'}",,CHEMBL410702,,CHEMBL410702,6.09,0,http://www.openphacts.org/units/Nanomolar,238759,=,1,1,=,,IC50,nM,,820.0,CHEMBL213,Homo sapiens,Beta-1 adrenergic receptor,9606,,,IC50,nM,UO_0000065,,820.0
,,921204,[],CHEMBL649967,In vitro affinity at Beta-1 adrenergic receptor in the presence of [125I]iodocyanopindolol.,B,,,BAO_0000190,BAO_0000357,single protein format,CCCCCNC(=O)Nc1ccc(S(=O)(=O)Nc2ccc(CCNC[C@H](O)COc3ccc(O)cc3)cc2)cc1,,,CHEMBL1131408,Bioorg Med Chem Lett,1998.0,"{'bei': '11.43', 'le': '0.22', 'lle': '2.44', 'sei': '4.38'}",,CHEMBL13459,,CHEMBL13459,6.52,0,http://www.openphacts.org/units/Nanomolar,12536,=,1,1,=,,IC50,nM,,300.0,CHEMBL213,Homo sapiens,Beta-1 adrenergic receptor,9606,,,IC50,nM,UO_0000065,,300.0
,,921207,[],CHEMBL649973,Tested for binding affinity against cloned human beta-1 adrenergic receptor from CHO cells using [125I]iodocyanopindolol as the radioligand,B,,,BAO_0000190,BAO_0000219,cell-based format,Nc1ccc(CCNC[C@H](O)COc2ccc(O)cc2)cc1,,,CHEMBL1130810,Bioorg Med Chem Lett,1998.0,"{'bei': '19.84', 'le': '0.37', 'lle': '4.45', 'sei': '6.84'}",,CHEMBL13034,,CHEMBL13034,6.00,0,http://www.openphacts.org/units/Nanomolar,11697,=,1,1,=,,IC50,nM,,1000.0,CHEMBL213,Homo sapiens,Beta-1 adrenergic receptor,9606,,,IC50,nM,UO_0000065,,1000.0
,,921387,[],CHEMBL654211,Binding affinity for human Beta-1 adrenergic receptor using [125I]iodocyanopindolol as radioligand in CHO cells,B,,,BAO_0000190,BAO_0000219,cell-based format,N#CN/C(=N\c1ccc2ccccc2c1)Nc1ccc(CCNC[C@H](O)c2cccnc2)cc1,,,CHEMBL1134823,Bioorg Med Chem Lett,2001.0,"{'bei': '13.61', 'le': '0.25', 'lle': '1.86', 'sei': '5.82'}",,CHEMBL127422,,CHEMBL127422,6.13,0,http://www.openphacts.org/units/Nanomolar,238774,=,1,1,=,,IC50,nM,,740.0,CHEMBL213,Homo sapiens,Beta-1 adrenergic receptor,9606,,,IC50,nM,UO_0000065,,740.0
,,921391,[],CHEMBL654211,Binding affinity for human Beta-1 adrenergic receptor using [125I]iodocyanopindolol as radioligand in CHO cells,B,,,BAO_0000190,BAO_0000219,cell-based format,O=[N+]([O-])/C=C(\Nc1ccc(CCNC[C@H](O)c2cccnc2)cc1)Nc1cccc(I)c1,,,CHEMBL1134823,Bioorg Med Chem Lett,2001.0,"{'bei': '10.93', 'le': '0.25', 'lle': '1.81', 'sei': '5.30'}",,CHEMBL127428,,CHEMBL127428,5.96,0,http://www.openphacts.org/units/Nanomolar,238764,=,1,1,=,,IC50,nM,,1100.0,CHEMBL213,Homo sapiens,Beta-1 adrenergic receptor,9606,,,IC50,nM,UO_0000065,,1100.0
,,921395,[],CHEMBL654211,Binding affinity for human Beta-1 adrenergic receptor using [125I]iodocyanopindolol as radioligand in CHO cells,B,,,BAO_0000190,BAO_0000219,cell-based format,O=[N+]([O-])/C=C(\Nc1ccc(CCNC[C@H](O)c2cccnc2)cc1)Nc1cccc(Oc2ccccc2)c1,,,CHEMBL1134823,Bioorg Med Chem Lett,2001.0,"{'bei': '11.89', 'le': '0.22', 'lle': '0.74', 'sei': '5.00'}",,CHEMBL419787,,CHEMBL419787,6.08,0,http://www.openphacts.org/units/Nanomolar,238760,=,1,1,=,,IC50,nM,,830.0,CHEMBL213,Homo sapiens,Beta-1 adrenergic receptor,9606,,,IC50,nM,UO_0000065,,830.0
,,922478,[],CHEMBL649967,In vitro affinity at Beta-1 adrenergic receptor in the presence of [125I]iodocyanopindolol.,B,,,BAO_0000190,BAO_0000357,single protein format,CCCCCCOC(=O)Nc1ccc(S(=O)(=O)Nc2ccc(CCNC[C@H](O)COc3ccc(O)cc3)cc2)cc1,,,CHEMBL1131408,Bioorg Med Chem Lett,1998.0,"{'bei': '11.48', 'le': '0.22', 'lle': '1.83', 'sei': '4.60'}",,CHEMBL12939,,CHEMBL12939,6.72,0,http://www.openphacts.org/units/Nanomolar,12523,=,1,1,=,,IC50,nM,,190.0,CHEMBL213,Homo sapiens,Beta-1 adrenergic receptor,9606,,,IC50,nM,UO_0000065,,190.0
,,922573,[],CHEMBL649967,In vitro affinity at Beta-1 adrenergic receptor in the presence of [125I]iodocyanopindolol.,B,,,BAO_0000190,BAO_0000357,single protein format,CCOC(=O)Nc1ccc(S(=O)(=O)Nc2ccc(CCNC[C@H](O)COc3ccc(O)cc3)cc2)cc1,,,CHEMBL1131408,Bioorg Med Chem Lett,1998.0,"{'bei': '12.57', 'le': '0.25', 'lle': '3.33', 'sei': '4.55'}",,CHEMBL12911,,CHEMBL12911,6.66,0,http://www.openphacts.org/units/Nanomolar,12517,=,1,1,=,,IC50,nM,,220.0,CHEMBL213,Homo sapiens,Beta-1 adrenergic receptor,9606,,,IC50,nM,UO_0000065,,220.0
,,923674,[],CHEMBL649973,Tested for binding affinity against cloned human beta-1 adrenergic receptor from CHO cells using [125I]iodocyanopindolol as the radioligand,B,,,BAO_0000190,BAO_0000219,cell-based format,C[C@@H](Cc1ccc(O)cc1)NC[C@H](O)COc1ccc(O)cc1,,,CHEMBL1130810,Bioorg Med Chem Lett,1998.0,"{'bei': '22.34', 'le': '0.42', 'lle': '5.03', 'sei': '8.65'}",,CHEMBL12633,,CHEMBL12633,7.09,0,http://www.openphacts.org/units/Nanomolar,11698,=,1,1,=,,IC50,nM,,81.0,CHEMBL213,Homo sapiens,Beta-1 adrenergic receptor,9606,,,IC50,nM,UO_0000065,,81.0
,,923679,[],CHEMBL649973,Tested for binding affinity against cloned human beta-1 adrenergic receptor from CHO cells using [125I]iodocyanopindolol as the radioligand,B,,,BAO_0000190,BAO_0000219,cell-based format,CCCS(=O)(=O)Nc1ccc(CCNC[C@H](O)COc2ccc(O)cc2)cc1,,,CHEMBL1130810,Bioorg Med Chem Lett,1998.0,"{'bei': '14.69', 'le': '0.29', 'lle': '3.88', 'sei': '5.56'}",,CHEMBL276480,,CHEMBL276480,6.00,0,http://www.openphacts.org/units/Nanomolar,11692,=,1,1,=,,IC50,nM,,1000.0,CHEMBL213,Homo sapiens,Beta-1 adrenergic receptor,9606,,,IC50,nM,UO_0000065,,1000.0
,,926504,[],CHEMBL649973,Tested for binding affinity against cloned human beta-1 adrenergic receptor from CHO cells using [125I]iodocyanopindolol as the radioligand,B,,,BAO_0000190,BAO_0000219,cell-based format,O=S(=O)(Nc1ccc(CCNC[C@H](O)COc2ccc(O)cc2)cc1)C1CCCCC1,,,CHEMBL1130810,Bioorg Med Chem Lett,1998.0,"{'bei': '12.70', 'le': '0.25', 'lle': '2.66', 'sei': '5.28'}",,CHEMBL274807,,CHEMBL274807,5.70,0,http://www.openphacts.org/units/Nanomolar,11689,=,1,1,=,,IC50,nM,,2000.0,CHEMBL213,Homo sapiens,Beta-1 adrenergic receptor,9606,,,IC50,nM,UO_0000065,,2000.0
,,926667,[],CHEMBL649967,In vitro affinity at Beta-1 adrenergic receptor in the presence of [125I]iodocyanopindolol.,B,,,BAO_0000190,BAO_0000357,single protein format,CC(C)OC(=O)Nc1ccc(S(=O)(=O)Nc2ccc(CCNC[C@H](O)COc3ccc(O)cc3)cc2)cc1,,,CHEMBL1131408,Bioorg Med Chem Lett,1998.0,"{'bei': '12.18', 'le': '0.24', 'lle': '2.90', 'sei': '4.53'}",,CHEMBL13106,,CHEMBL13106,6.62,0,http://www.openphacts.org/units/Nanomolar,12518,=,1,1,=,,IC50,nM,,240.0,CHEMBL213,Homo sapiens,Beta-1 adrenergic receptor,9606,,,IC50,nM,UO_0000065,,240.0
,,926754,[],CHEMBL654211,Binding affinity for human Beta-1 adrenergic receptor using [125I]iodocyanopindolol as radioligand in CHO cells,B,,,BAO_0000190,BAO_0000219,cell-based format,CCCCCCCCc1csc(N2CCc3c(N/C(=N/c4ccc(CCNC[C@H](O)c5cccnc5)cc4)NC#N)cccc32)n1,,,CHEMBL1134823,Bioorg Med Chem Lett,2001.0,"{'bei': '9.30', 'le': '0.18', 'lle': '-1.25', 'sei': '4.87'}",,CHEMBL127656,,CHEMBL127656,5.92,0,http://www.openphacts.org/units/Nanomolar,238767,=,1,1,=,,IC50,nM,,1200.0,CHEMBL213,Homo sapiens,Beta-1 adrenergic receptor,9606,,,IC50,nM,UO_0000065,,1200.0
,,927952,[],CHEMBL649967,In vitro affinity at Beta-1 adrenergic receptor in the presence of [125I]iodocyanopindolol.,B,,,BAO_0000190,BAO_0000357,single protein format,COCCCNC(=O)Nc1ccc(S(=O)(=O)Nc2ccc(CCNC[C@H](O)COc3ccc(O)cc3)cc2)cc1,,,CHEMBL1131408,Bioorg Med Chem Lett,1998.0,"{'bei': '10.48', 'le': '0.20', 'lle': '3.08', 'sei': '3.79'}",,CHEMBL13521,,CHEMBL13521,6.00,0,http://www.openphacts.org/units/Nanomolar,12531,=,1,1,=,,IC50,nM,,1000.0,CHEMBL213,Homo sapiens,Beta-1 adrenergic receptor,9606,,,IC50,nM,UO_0000065,,1000.0
,,927955,[],CHEMBL649973,Tested for binding affinity against cloned human beta-1 adrenergic receptor from CHO cells using [125I]iodocyanopindolol as the radioligand,B,,,BAO_0000190,BAO_0000219,cell-based format,C[C@@H](CCc1ccc(O)cc1)NC[C@H](O)COc1ccc(O)cc1,,,CHEMBL1130810,Bioorg Med Chem Lett,1998.0,"{'bei': '23.61', 'le': '0.45', 'lle': '5.37', 'sei': '9.55'}",,CHEMBL12994,,CHEMBL12994,7.82,0,http://www.openphacts.org/units/Nanomolar,11701,=,1,1,=,,IC50,nM,,15.0,CHEMBL213,Homo sapiens,Beta-1 adrenergic receptor,9606,,,IC50,nM,UO_0000065,,15.0
,,927959,[],CHEMBL649973,Tested for binding affinity against cloned human beta-1 adrenergic receptor from CHO cells using [125I]iodocyanopindolol as the radioligand,B,,,BAO_0000190,BAO_0000219,cell-based format,O=S(=O)(Nc1ccc(CCNC[C@H](O)COc2ccc(O)cc2)cc1)c1ccccc1,,,CHEMBL1130810,Bioorg Med Chem Lett,1998.0,"{'bei': '15.24', 'le': '0.30', 'lle': '3.97', 'sei': '6.25'}",,CHEMBL417613,,CHEMBL417613,6.75,0,http://www.openphacts.org/units/Nanomolar,11693,=,1,1,=,,IC50,nM,,180.0,CHEMBL213,Homo sapiens,Beta-1 adrenergic receptor,9606,,,IC50,nM,UO_0000065,,180.0
,,929263,[],CHEMBL652502,Tested for binding affinity against cloned human beta-1 adrenergic receptor from CHO cells using [125I]iodocyanopindolol as the radioligand.,B,,,BAO_0000190,BAO_0000219,cell-based format,Cc1ccc(S(=O)(=O)Nc2ccc(CCNC[C@H](O)COc3ccc(O)cc3)cc2)cc1,,,CHEMBL1130810,Bioorg Med Chem Lett,1998.0,"{'bei': '14.95', 'le': '0.29', 'lle': '3.75', 'sei': '6.32'}",,CHEMBL12718,,CHEMBL12718,6.82,0,http://www.openphacts.org/units/Nanomolar,11682,=,1,1,=,,IC50,nM,,150.0,CHEMBL213,Homo sapiens,Beta-1 adrenergic receptor,9606,,,IC50,nM,UO_0000065,,150.0
,,929385,[],CHEMBL649967,In vitro affinity at Beta-1 adrenergic receptor in the presence of [125I]iodocyanopindolol.,B,,,BAO_0000190,BAO_0000357,single protein format,CC(=O)Nc1ccc(S(=O)(=O)Nc2ccc(CCNC[C@H](O)COc3ccc(O)cc3)cc2)cc1,,,CHEMBL1131408,Bioorg Med Chem Lett,1998.0,"{'bei': '12.01', 'le': '0.23', 'lle': '3.28', 'sei': '4.38'}",,CHEMBL273428,,CHEMBL273428,6.00,0,http://www.openphacts.org/units/Nanomolar,12512,=,1,1,=,,IC50,nM,,1000.0,CHEMBL213,Homo sapiens,Beta-1 adrenergic receptor,9606,,,IC50,nM,UO_0000065,,1000.0
,,930552,[],CHEMBL649973,Tested for binding affinity against cloned human beta-1 adrenergic receptor from CHO cells using [125I]iodocyanopindolol as the radioligand,B,,,BAO_0000190,BAO_0000219,cell-based format,CCCCCS(=O)(=O)Nc1ccc(CCNC[C@H](O)COc2ccc(O)cc2)cc1,,,CHEMBL1130810,Bioorg Med Chem Lett,1998.0,"{'bei': '13.74', 'le': '0.27', 'lle': '3.10', 'sei': '5.56'}",,CHEMBL12498,,CHEMBL12498,6.00,0,http://www.openphacts.org/units/Nanomolar,11691,=,1,1,=,,IC50,nM,,1000.0,CHEMBL213,Homo sapiens,Beta-1 adrenergic receptor,9606,,,IC50,nM,UO_0000065,,1000.0
,,930710,[],CHEMBL654211,Binding affinity for human Beta-1 adrenergic receptor using [125I]iodocyanopindolol as radioligand in CHO cells,B,,,BAO_0000190,BAO_0000219,cell-based format,CCCCCCCCc1csc(N2CCc3cc(N/C(S)=N/c4ccc(CCNC[C@H](O)c5cccnc5)cc4)ccc32)n1,,,CHEMBL1134823,Bioorg Med Chem Lett,2001.0,"{'bei': '11.06', 'le': '0.22', 'lle': '-1.07', 'sei': '8.12'}",,CHEMBL338664,,CHEMBL338664,6.96,0,http://www.openphacts.org/units/Nanomolar,238772,=,1,1,=,,IC50,nM,,110.0,CHEMBL213,Homo sapiens,Beta-1 adrenergic receptor,9606,,,IC50,nM,UO_0000065,,110.0
,,931907,[],CHEMBL649967,In vitro affinity at Beta-1 adrenergic receptor in the presence of [125I]iodocyanopindolol.,B,,,BAO_0000190,BAO_0000357,single protein format,CNC(=O)Nc1ccc(S(=O)(=O)Nc2ccc(CCNC[C@H](O)COc3ccc(O)cc3)cc2)cc1,,,CHEMBL1131408,Bioorg Med Chem Lett,1998.0,"{'bei': '12.55', 'le': '0.24', 'lle': '3.94', 'sei': '4.33'}",,CHEMBL13398,,CHEMBL13398,6.46,0,http://www.openphacts.org/units/Nanomolar,12533,=,1,1,=,,IC50,nM,,350.0,CHEMBL213,Homo sapiens,Beta-1 adrenergic receptor,9606,,,IC50,nM,UO_0000065,,350.0
,,933380,[],CHEMBL649967,In vitro affinity at Beta-1 adrenergic receptor in the presence of [125I]iodocyanopindolol.,B,,,BAO_0000190,BAO_0000357,single protein format,CCCCCCCCNC(=O)Nc1ccc(S(=O)(=O)Nc2ccc(CCNC[C@H](O)COc3ccc(O)cc3)cc2)cc1,,,CHEMBL1131408,Bioorg Med Chem Lett,1998.0,"{'bei': '11.14', 'le': '0.22', 'lle': '1.57', 'sei': '4.58'}",,CHEMBL13467,,CHEMBL13467,6.82,0,http://www.openphacts.org/units/Nanomolar,12524,=,1,1,=,,IC50,nM,,150.0,CHEMBL213,Homo sapiens,Beta-1 adrenergic receptor,9606,,,IC50,nM,UO_0000065,,150.0
,,933384,[],CHEMBL652502,Tested for binding affinity against cloned human beta-1 adrenergic receptor from CHO cells using [125I]iodocyanopindolol as the radioligand.,B,,,BAO_0000190,BAO_0000219,cell-based format,O=S(=O)(Nc1ccc(CCNC[C@H](O)COc2ccc(O)cc2)cc1)c1ccc(Cl)cc1,,,CHEMBL1130810,Bioorg Med Chem Lett,1998.0,"{'bei': '12.58', 'le': '0.26', 'lle': '2.58', 'sei': '5.56'}",,CHEMBL12450,,CHEMBL12450,6.00,0,http://www.openphacts.org/units/Nanomolar,11683,=,1,1,=,,IC50,nM,,1000.0,CHEMBL213,Homo sapiens,Beta-1 adrenergic receptor,9606,,,IC50,nM,UO_0000065,,1000.0
,Not Determined,933589,[],CHEMBL654212,Binding affinity towards human Beta-1 adrenergic receptor; ND= not determined,B,,,BAO_0000190,BAO_0000357,single protein format,CCCCCCCCc1csc(N2CCc3ccc(N/C(=N/c4ccc(CCNC[C@H](O)c5cccnc5)cc4)NC#N)cc32)n1,,,CHEMBL1134823,Bioorg Med Chem Lett,2001.0,,,CHEMBL124929,,CHEMBL124929,,0,http://www.openphacts.org/units/Nanomolar,238769,,1,0,,,IC50,nM,,,CHEMBL213,Homo sapiens,Beta-1 adrenergic receptor,9606,,,IC50,nM,UO_0000065,,
,,933590,[],CHEMBL654211,Binding affinity for human Beta-1 adrenergic receptor using [125I]iodocyanopindolol as radioligand in CHO cells,B,,,BAO_0000190,BAO_0000219,cell-based format,CCCCCCCCc1csc(N2CCc3ccc(N/C(=N/c4ccc(CCNC[C@H](O)c5cccnc5)cc4)NC#N)cc32)n1,,,CHEMBL1134823,Bioorg Med Chem Lett,2001.0,"{'bei': '11.20', 'le': '0.21', 'lle': '-0.04', 'sei': '5.87'}",,CHEMBL124929,,CHEMBL124929,7.13,0,http://www.openphacts.org/units/Nanomolar,238769,=,1,1,=,,IC50,nM,,74.0,CHEMBL213,Homo sapiens,Beta-1 adrenergic receptor,9606,,,IC50,nM,UO_0000065,,74.0
,,934881,[],CHEMBL649973,Tested for binding affinity against cloned human beta-1 adrenergic receptor from CHO cells using [125I]iodocyanopindolol as the radioligand,B,,,BAO_0000190,BAO_0000219,cell-based format,CC(C)S(=O)(=O)Nc1ccc(CCNC[C@H](O)COc2ccc(O)cc2)cc1,,,CHEMBL1130810,Bioorg Med Chem Lett,1998.0,"{'bei': '17.14', 'le': '0.34', 'lle': '4.89', 'sei': '6.49'}",,CHEMBL13238,,CHEMBL13238,7.00,0,http://www.openphacts.org/units/Nanomolar,11690,=,1,1,=,,IC50,nM,,100.0,CHEMBL213,Homo sapiens,Beta-1 adrenergic receptor,9606,,,IC50,nM,UO_0000065,,100.0
,,935000,[],CHEMBL649967,In vitro affinity at Beta-1 adrenergic receptor in the presence of [125I]iodocyanopindolol.,B,,,BAO_0000190,BAO_0000357,single protein format,O=C(Nc1ccc(S(=O)(=O)Nc2ccc(CCNC[C@H](O)COc3ccc(O)cc3)cc2)cc1)OCc1ccccc1,,,CHEMBL1131408,Bioorg Med Chem Lett,1998.0,"{'bei': '11.36', 'le': '0.22', 'lle': '2.21', 'sei': '4.60'}",,CHEMBL13132,,CHEMBL13132,6.72,0,http://www.openphacts.org/units/Nanomolar,12519,=,1,1,=,,IC50,nM,,190.0,CHEMBL213,Homo sapiens,Beta-1 adrenergic receptor,9606,,,IC50,nM,UO_0000065,,190.0
,,936241,[],CHEMBL649967,In vitro affinity at Beta-1 adrenergic receptor in the presence of [125I]iodocyanopindolol.,B,,,BAO_0000190,BAO_0000357,single protein format,CCCNC(=O)Nc1ccc(S(=O)(=O)Nc2ccc(CCNC[C@H](O)COc3ccc(O)cc3)cc2)cc1,,,CHEMBL1131408,Bioorg Med Chem Lett,1998.0,"{'bei': '11.55', 'le': '0.23', 'lle': '2.97', 'sei': '4.21'}",,CHEMBL275511,,CHEMBL275511,6.27,0,http://www.openphacts.org/units/Nanomolar,12534,=,1,1,=,,IC50,nM,,540.0,CHEMBL213,Homo sapiens,Beta-1 adrenergic receptor,9606,,,IC50,nM,UO_0000065,,540.0
,Not Determined,936247,[],CHEMBL652503,Compound was tested for binding affinity against cloned human beta-1 adrenergic receptor from CHO cells using [125I]-iodocyanopindolol as the radioligand; Not determined,B,,,BAO_0000190,BAO_0000219,cell-based format,COc1ccc(C[C@H](C)NC[C@H](O)COc2ccc(O)cc2)cc1,,,CHEMBL1130810,Bioorg Med Chem Lett,1998.0,,,CHEMBL12679,,CHEMBL12679,,0,http://www.openphacts.org/units/Nanomolar,11702,,1,0,,,IC50,nM,,,CHEMBL213,Homo sapiens,Beta-1 adrenergic receptor,9606,,,IC50,nM,UO_0000065,,
,,936252,[],CHEMBL649973,Tested for binding affinity against cloned human beta-1 adrenergic receptor from CHO cells using [125I]iodocyanopindolol as the radioligand,B,,,BAO_0000190,BAO_0000219,cell-based format,O=S(=O)(Nc1ccc(CCNC[C@H](O)COc2ccc(O)cc2)cc1)c1ccccc1Cl,,,CHEMBL1130810,Bioorg Med Chem Lett,1998.0,"{'bei': '13.03', 'le': '0.27', 'lle': '2.79', 'sei': '5.76'}",,CHEMBL267306,,CHEMBL267306,6.21,0,http://www.openphacts.org/units/Nanomolar,11685,=,1,1,=,,IC50,nM,,610.0,CHEMBL213,Homo sapiens,Beta-1 adrenergic receptor,9606,,,IC50,nM,UO_0000065,,610.0
,,936258,[],CHEMBL649973,Tested for binding affinity against cloned human beta-1 adrenergic receptor from CHO cells using [125I]iodocyanopindolol as the radioligand,B,,,BAO_0000190,BAO_0000219,cell-based format,O=S(=O)(Nc1ccc(CCNC[C@H](O)COc2ccc(O)cc2)cc1)c1ccc(I)cc1,,,CHEMBL1130810,Bioorg Med Chem Lett,1998.0,"{'bei': '11.91', 'le': '0.29', 'lle': '3.40', 'sei': '6.27'}",,CHEMBL276257,,CHEMBL276257,6.77,1,http://www.openphacts.org/units/Nanomolar,11676,=,1,1,=,,IC50,nM,,170.0,CHEMBL213,Homo sapiens,Beta-1 adrenergic receptor,9606,,,IC50,nM,UO_0000065,,170.0
,,937727,[],CHEMBL649973,Tested for binding affinity against cloned human beta-1 adrenergic receptor from CHO cells using [125I]iodocyanopindolol as the radioligand,B,,,BAO_0000190,BAO_0000219,cell-based format,Oc1ccc(CCNC[C@H](O)COc2ccc(O)cc2)cc1,,,CHEMBL1130810,Bioorg Med Chem Lett,1998.0,"{'bei': '19.93', 'le': '0.38', 'lle': '4.38', 'sei': '7.38'}",,CHEMBL12876,,CHEMBL12876,6.05,0,http://www.openphacts.org/units/Nanomolar,11675,=,1,1,=,,IC50,nM,,900.0,CHEMBL213,Homo sapiens,Beta-1 adrenergic receptor,9606,,,IC50,nM,UO_0000065,,900.0
,,937864,[],CHEMBL649967,In vitro affinity at Beta-1 adrenergic receptor in the presence of [125I]iodocyanopindolol.,B,,,BAO_0000190,BAO_0000357,single protein format,O=C(Nc1ccc(S(=O)(=O)Nc2ccc(CCNC[C@H](O)COc3ccc(O)cc3)cc2)cc1)c1ccccc1,,,CHEMBL1131408,Bioorg Med Chem Lett,1998.0,"{'bei': '11.85', 'le': '0.23', 'lle': '2.64', 'sei': '4.86'}",,CHEMBL417250,,CHEMBL417250,6.66,0,http://www.openphacts.org/units/Nanomolar,12516,=,1,1,=,,IC50,nM,,220.0,CHEMBL213,Homo sapiens,Beta-1 adrenergic receptor,9606,,,IC50,nM,UO_0000065,,220.0
,,939073,[],CHEMBL649971,Compound was tested for agonist activity against cloned human beta-1 adrenergic receptor,F,,,BAO_0000190,BAO_0000019,assay format,COc1ccc(CCCNC[C@H](O)COc2ccc(O)cc2)cc1,,,CHEMBL1130810,Bioorg Med Chem Lett,1998.0,,,CHEMBL12762,,CHEMBL12762,7.82,0,http://www.openphacts.org/units/Nanomolar,11700,=,1,1,=,,IC50,nM,,15.0,CHEMBL213,Homo sapiens,Beta-1 adrenergic receptor,9606,,,IC50,nM,UO_0000065,,15.0
,,940279,[],CHEMBL649973,Tested for binding affinity against cloned human beta-1 adrenergic receptor from CHO cells using [125I]iodocyanopindolol as the radioligand,B,,,BAO_0000190,BAO_0000219,cell-based format,CC(=O)Nc1ccc(CCNC[C@H](O)COc2ccc(O)cc2)cc1,,,CHEMBL1130810,Bioorg Med Chem Lett,1998.0,"{'bei': '22.07', 'le': '0.42', 'lle': '5.68', 'sei': '8.37'}",,CHEMBL13102,,CHEMBL13102,7.60,0,http://www.openphacts.org/units/Nanomolar,11696,=,1,1,=,,IC50,nM,,25.0,CHEMBL213,Homo sapiens,Beta-1 adrenergic receptor,9606,,,IC50,nM,UO_0000065,,25.0
,,940410,[],CHEMBL649967,In vitro affinity at Beta-1 adrenergic receptor in the presence of [125I]iodocyanopindolol.,B,,,BAO_0000190,BAO_0000357,single protein format,CCC(=O)Nc1ccc(S(=O)(=O)Nc2ccc(CCNC[C@H](O)COc3ccc(O)cc3)cc2)cc1,,,CHEMBL1131408,Bioorg Med Chem Lett,1998.0,"{'bei': '11.79', 'le': '0.23', 'lle': '2.95', 'sei': '4.42'}",,CHEMBL12943,,CHEMBL12943,6.06,0,http://www.openphacts.org/units/Nanomolar,12514,=,1,1,=,,IC50,nM,,880.0,CHEMBL213,Homo sapiens,Beta-1 adrenergic receptor,9606,,,IC50,nM,UO_0000065,,880.0
,,940414,[],CHEMBL649967,In vitro affinity at Beta-1 adrenergic receptor in the presence of [125I]iodocyanopindolol.,B,,,BAO_0000190,BAO_0000357,single protein format,CCCC(=O)Nc1ccc(S(=O)(=O)Nc2ccc(CCNC[C@H](O)COc3ccc(O)cc3)cc2)cc1,,,CHEMBL1131408,Bioorg Med Chem Lett,1998.0,"{'bei': '11.89', 'le': '0.23', 'lle': '2.78', 'sei': '4.58'}",,CHEMBL13453,,CHEMBL13453,6.28,0,http://www.openphacts.org/units/Nanomolar,12522,=,1,1,=,,IC50,nM,,530.0,CHEMBL213,Homo sapiens,Beta-1 adrenergic receptor,9606,,,IC50,nM,UO_0000065,,530.0
,,941830,[],CHEMBL654211,Binding affinity for human Beta-1 adrenergic receptor using [125I]iodocyanopindolol as radioligand in CHO cells,B,,,BAO_0000190,BAO_0000219,cell-based format,N#CN/C(=N\c1cccc2c1CCN2c1nc(-c2ccc(OC(F)(F)F)cc2)cs1)Nc1ccc(CCNC[C@H](O)c2cccnc2)cc1,,,CHEMBL1134823,Bioorg Med Chem Lett,2001.0,"{'bei': '7.41', 'le': '0.14', 'lle': '-1.75', 'sei': '3.88'}",,CHEMBL120238,,CHEMBL120238,5.08,0,http://www.openphacts.org/units/Nanomolar,238766,=,1,1,=,,IC50,nM,,8400.0,CHEMBL213,Homo sapiens,Beta-1 adrenergic receptor,9606,,,IC50,nM,UO_0000065,,8400.0
,,941835,[],CHEMBL654211,Binding affinity for human Beta-1 adrenergic receptor using [125I]iodocyanopindolol as radioligand in CHO cells,B,,,BAO_0000190,BAO_0000219,cell-based format,O=[N+]([O-])/C=C(\Nc1ccc(CCNC[C@H](O)c2cccnc2)cc1)Nc1cccc2ccccc12,,,CHEMBL1134823,Bioorg Med Chem Lett,2001.0,"{'bei': '12.23', 'le': '0.22', 'lle': '1.04', 'sei': '5.11'}",,CHEMBL338748,,CHEMBL338748,5.75,0,http://www.openphacts.org/units/Nanomolar,238758,=,1,1,=,,IC50,nM,,1800.0,CHEMBL213,Homo sapiens,Beta-1 adrenergic receptor,9606,,,IC50,nM,UO_0000065,,1800.0
,,942850,[],CHEMBL649967,In vitro affinity at Beta-1 adrenergic receptor in the presence of [125I]iodocyanopindolol.,B,,,BAO_0000190,BAO_0000357,single protein format,CC(C)NC(=O)Nc1ccc(S(=O)(=O)Nc2ccc(CCNC[C@H](O)COc3ccc(O)cc3)cc2)cc1,,,CHEMBL1131408,Bioorg Med Chem Lett,1998.0,"{'bei': '12.57', 'le': '0.25', 'lle': '3.53', 'sei': '4.58'}",,CHEMBL275291,,CHEMBL275291,6.82,0,http://www.openphacts.org/units/Nanomolar,12525,=,1,1,=,,IC50,nM,,150.0,CHEMBL213,Homo sapiens,Beta-1 adrenergic receptor,9606,,,IC50,nM,UO_0000065,,150.0
,,942854,[],CHEMBL649967,In vitro affinity at Beta-1 adrenergic receptor in the presence of [125I]iodocyanopindolol.,B,,,BAO_0000190,BAO_0000357,single protein format,CCCCCCNC(=O)N(C)c1ccc(S(=O)(=O)Nc2ccc(CCNC[C@H](O)COc3ccc(O)cc3)cc2)cc1,,,CHEMBL1131408,Bioorg Med Chem Lett,1998.0,"{'bei': '10.24', 'le': '0.20', 'lle': '1.64', 'sei': '4.37'}",,CHEMBL274143,,CHEMBL274143,6.13,0,http://www.openphacts.org/units/Nanomolar,12528,=,1,1,=,,IC50,nM,,740.0,CHEMBL213,Homo sapiens,Beta-1 adrenergic receptor,9606,,,IC50,nM,UO_0000065,,740.0
,,942945,[],CHEMBL649967,In vitro affinity at Beta-1 adrenergic receptor in the presence of [125I]iodocyanopindolol.,B,,,BAO_0000190,BAO_0000357,single protein format,CCCCCCC(=O)Nc1ccc(S(=O)(=O)Nc2ccc(CCNC[C@H](O)COc3ccc(O)cc3)cc2)cc1,,,CHEMBL1131408,Bioorg Med Chem Lett,1998.0,"{'bei': '11.35', 'le': '0.22', 'lle': '1.80', 'sei': '4.72'}",,CHEMBL268289,,CHEMBL268289,6.47,0,http://www.openphacts.org/units/Nanomolar,12521,=,1,1,=,,IC50,nM,,340.0,CHEMBL213,Homo sapiens,Beta-1 adrenergic receptor,9606,,,IC50,nM,UO_0000065,,340.0
,,943021,[],CHEMBL654211,Binding affinity for human Beta-1 adrenergic receptor using [125I]iodocyanopindolol as radioligand in CHO cells,B,,,BAO_0000190,BAO_0000219,cell-based format,N#CN/C(=N\c1ccc(CCNC[C@H](O)c2cccnc2)cc1)Nc1cccc(C(N)=O)c1,,,CHEMBL1134823,Bioorg Med Chem Lett,2001.0,"{'bei': '13.55', 'le': '0.25', 'lle': '3.79', 'sei': '4.05'}",,CHEMBL332010,,CHEMBL332010,6.01,0,http://www.openphacts.org/units/Nanomolar,238775,=,1,1,=,,IC50,nM,,980.0,CHEMBL213,Homo sapiens,Beta-1 adrenergic receptor,9606,,,IC50,nM,UO_0000065,,980.0
,,945547,[],CHEMBL649967,In vitro affinity at Beta-1 adrenergic receptor in the presence of [125I]iodocyanopindolol.,B,,,BAO_0000190,BAO_0000357,single protein format,CCCCCCN(C)C(=O)N(C)c1ccc(S(=O)(=O)Nc2ccc(CCNC[C@H](O)COc3ccc(O)cc3)cc2)cc1,,,CHEMBL1131408,Bioorg Med Chem Lett,1998.0,"{'bei': '10.27', 'le': '0.20', 'lle': '1.46', 'sei': '4.79'}",,CHEMBL275114,,CHEMBL275114,6.29,0,http://www.openphacts.org/units/Nanomolar,12527,=,1,1,=,,IC50,nM,,510.0,CHEMBL213,Homo sapiens,Beta-1 adrenergic receptor,9606,,,IC50,nM,UO_0000065,,510.0
,,945645,[],CHEMBL649967,In vitro affinity at Beta-1 adrenergic receptor in the presence of [125I]iodocyanopindolol.,B,,,BAO_0000190,BAO_0000357,single protein format,CC(C)C(=O)Nc1ccc(S(=O)(=O)Nc2ccc(CCNC[C@H](O)COc3ccc(O)cc3)cc2)cc1,,,CHEMBL1131408,Bioorg Med Chem Lett,1998.0,"{'bei': '11.63', 'le': '0.23', 'lle': '2.78', 'sei': '4.48'}",,CHEMBL13068,,CHEMBL13068,6.14,0,http://www.openphacts.org/units/Nanomolar,12515,=,1,1,=,,IC50,nM,,730.0,CHEMBL213,Homo sapiens,Beta-1 adrenergic receptor,9606,,,IC50,nM,UO_0000065,,730.0
,Not Determined,945721,[],CHEMBL654212,Binding affinity towards human Beta-1 adrenergic receptor; ND= not determined,B,,,BAO_0000190,BAO_0000357,single protein format,CCCCCCCCc1csc(N2CCc3cc(N/C(=N/c4ccc(CCNC[C@H](O)c5cccnc5)cc4)NC#N)ccc32)n1,,,CHEMBL1134823,Bioorg Med Chem Lett,2001.0,,,CHEMBL123745,,CHEMBL123745,,0,http://www.openphacts.org/units/Nanomolar,238771,,1,0,,,IC50,nM,,,CHEMBL213,Homo sapiens,Beta-1 adrenergic receptor,9606,,,IC50,nM,UO_0000065,,
,,945722,[],CHEMBL654211,Binding affinity for human Beta-1 adrenergic receptor using [125I]iodocyanopindolol as radioligand in CHO cells,B,,,BAO_0000190,BAO_0000219,cell-based format,CCCCCCCCc1csc(N2CCc3cc(N/C(=N/c4ccc(CCNC[C@H](O)c5cccnc5)cc4)NC#N)ccc32)n1,,,CHEMBL1134823,Bioorg Med Chem Lett,2001.0,"{'bei': '12.24', 'le': '0.23', 'lle': '0.63', 'sei': '6.42'}",,CHEMBL123745,,CHEMBL123745,7.80,0,http://www.openphacts.org/units/Nanomolar,238771,=,1,1,=,,IC50,nM,,16.0,CHEMBL213,Homo sapiens,Beta-1 adrenergic receptor,9606,,,IC50,nM,UO_0000065,,16.0
,,962618,[],CHEMBL820723,Binding affinity against beta-1 adrenergic receptor,B,,,BAO_0000190,BAO_0000357,single protein format,O=C1NCN(c2ccccc2)C12CCN(Cc1cccc(Oc3ccccc3)c1)CC2,,,CHEMBL1134625,J Med Chem,2001.0,"{'bei': '13.17', 'le': '0.24', 'lle': '1.03', 'sei': '12.15'}",,CHEMBL115280,,CHEMBL115280,5.45,0,http://www.openphacts.org/units/Nanomolar,216628,=,1,1,=,,IC50,nM,,3590.0,CHEMBL213,Homo sapiens,Beta-1 adrenergic receptor,9606,,,IC50,nM,UO_0000065,,3590.0
,,989855,[],CHEMBL654207,Binding affinity towards Beta-1 adrenergic receptor in CHO cells expressing the cloned human receptor using 125I]iodocyanopindolol,B,,,BAO_0000190,BAO_0000219,cell-based format,CCCCCCn1cnn(-c2ccc(S(=O)(=O)Nc3ccc(CCNC[C@H](O)c4cccnc4)cc3)cc2)c1=O,,,CHEMBL1132063,Bioorg Med Chem Lett,1999.0,"{'bei': '8.98', 'le': '0.17', 'lle': '1.39', 'sei': '3.87'}",,CHEMBL79806,,CHEMBL79806,5.07,0,http://www.openphacts.org/units/Nanomolar,322597,=,1,1,=,,IC50,nM,,8500.0,CHEMBL213,Homo sapiens,Beta-1 adrenergic receptor,9606,,,IC50,nM,UO_0000065,,8500.0
,,989859,[],CHEMBL654207,Binding affinity towards Beta-1 adrenergic receptor in CHO cells expressing the cloned human receptor using 125I]iodocyanopindolol,B,,,BAO_0000190,BAO_0000219,cell-based format,CCCCCCCCN1C(=O)CN(c2ccc(S(=O)(=O)Nc3ccc(CCNC[C@H](O)c4cccnc4)cc3)cc2)C1=O,,,CHEMBL1132063,Bioorg Med Chem Lett,1999.0,"{'bei': '9.22', 'le': '0.18', 'lle': '0.72', 'sei': '4.25'}",,CHEMBL83698,,CHEMBL83698,5.60,0,http://www.openphacts.org/units/Nanomolar,322590,=,1,1,=,,IC50,nM,,2500.0,CHEMBL213,Homo sapiens,Beta-1 adrenergic receptor,9606,,,IC50,nM,UO_0000065,,2500.0
,,992196,[],CHEMBL654207,Binding affinity towards Beta-1 adrenergic receptor in CHO cells expressing the cloned human receptor using 125I]iodocyanopindolol,B,,,BAO_0000190,BAO_0000219,cell-based format,CCCCCCCCn1c(C)cn(-c2ccc(S(=O)(=O)Nc3ccc(CCNC[C@H](O)c4cccnc4)cc3)cc2)c1=O,,,CHEMBL1132063,Bioorg Med Chem Lett,1999.0,"{'bei': '9.41', 'le': '0.18', 'lle': '0.33', 'sei': '4.82'}",,CHEMBL79363,,CHEMBL79363,5.70,0,http://www.openphacts.org/units/Nanomolar,322598,=,1,1,=,,IC50,nM,,2000.0,CHEMBL213,Homo sapiens,Beta-1 adrenergic receptor,9606,,,IC50,nM,UO_0000065,,2000.0
,,993238,[],CHEMBL654207,Binding affinity towards Beta-1 adrenergic receptor in CHO cells expressing the cloned human receptor using 125I]iodocyanopindolol,B,,,BAO_0000190,BAO_0000219,cell-based format,CCCCCCCCn1c(=O)[nH]n(-c2ccc(S(=O)(=O)Nc3ccc(CCNC[C@H](O)c4cccnc4)cc3)cc2)c1=O,,,CHEMBL1132063,Bioorg Med Chem Lett,1999.0,"{'bei': '8.21', 'le': '0.16', 'lle': '1.25', 'sei': '3.31'}",,CHEMBL312364,,CHEMBL312364,5.00,0,http://www.openphacts.org/units/Nanomolar,322588,=,1,1,=,,IC50,nM,,10000.0,CHEMBL213,Homo sapiens,Beta-1 adrenergic receptor,9606,,,IC50,nM,UO_0000065,,10000.0
,,994563,[],CHEMBL654207,Binding affinity towards Beta-1 adrenergic receptor in CHO cells expressing the cloned human receptor using 125I]iodocyanopindolol,B,,,BAO_0000190,BAO_0000219,cell-based format,CCCCCCCCN1CC(=O)N(c2ccc(S(=O)(=O)Nc3ccc(CCNC[C@H](O)c4cccnc4)cc3)cc2)C1=O,,,CHEMBL1132063,Bioorg Med Chem Lett,1999.0,"{'bei': '8.72', 'le': '0.17', 'lle': '0.42', 'sei': '4.02'}",,CHEMBL66936,,CHEMBL66936,5.30,0,http://www.openphacts.org/units/Nanomolar,322592,=,1,1,=,,IC50,nM,,5000.0,CHEMBL213,Homo sapiens,Beta-1 adrenergic receptor,9606,,,IC50,nM,UO_0000065,,5000.0
,,1000633,[],CHEMBL654207,Binding affinity towards Beta-1 adrenergic receptor in CHO cells expressing the cloned human receptor using 125I]iodocyanopindolol,B,,,BAO_0000190,BAO_0000219,cell-based format,CCCCCCCCN1CCN(c2ccc(S(=O)(=O)Nc3ccc(CCNC[C@H](O)c4cccnc4)cc3)cc2)C1=O,,,CHEMBL1132063,Bioorg Med Chem Lett,1999.0,"{'bei': '10.50', 'le': '0.20', 'lle': '0.89', 'sei': '5.43'}",,CHEMBL84190,,CHEMBL84190,6.24,0,http://www.openphacts.org/units/Nanomolar,322601,=,1,1,=,,IC50,nM,,580.0,CHEMBL213,Homo sapiens,Beta-1 adrenergic receptor,9606,,,IC50,nM,UO_0000065,,580.0
,,1003148,[],CHEMBL654207,Binding affinity towards Beta-1 adrenergic receptor in CHO cells expressing the cloned human receptor using 125I]iodocyanopindolol,B,,,BAO_0000190,BAO_0000219,cell-based format,CCCCCCN1CC(=O)N(c2ccc(S(=O)(=O)Nc3ccc(CCNC[C@H](O)c4cccnc4)cc3)cc2)C1=O,,,CHEMBL1132063,Bioorg Med Chem Lett,1999.0,,,CHEMBL309673,,CHEMBL309673,,0,http://www.openphacts.org/units/Nanomolar,322593,>,1,1,>,,IC50,nM,,10000.0,CHEMBL213,Homo sapiens,Beta-1 adrenergic receptor,9606,,,IC50,nM,UO_0000065,,10000.0
,,1004416,[],CHEMBL654207,Binding affinity towards Beta-1 adrenergic receptor in CHO cells expressing the cloned human receptor using 125I]iodocyanopindolol,B,,,BAO_0000190,BAO_0000219,cell-based format,CCCCCCCCn1ccn(-c2ccc(S(=O)(=O)Nc3ccc(CCNC[C@H](O)c4cccnc4)cc3)cc2)c1=O,,,CHEMBL1132063,Bioorg Med Chem Lett,1999.0,"{'bei': '8.89', 'le': '0.17', 'lle': '0.20', 'sei': '4.45'}",,CHEMBL83753,,CHEMBL83753,5.26,1,http://www.openphacts.org/units/Nanomolar,322600,=,1,1,=,,IC50,nM,,5500.0,CHEMBL213,Homo sapiens,Beta-1 adrenergic receptor,9606,,,IC50,nM,UO_0000065,,5500.0
,,1005907,[],CHEMBL654207,Binding affinity towards Beta-1 adrenergic receptor in CHO cells expressing the cloned human receptor using 125I]iodocyanopindolol,B,,,BAO_0000190,BAO_0000219,cell-based format,CCCCCCn1c(=O)[nH]n(-c2ccc(S(=O)(=O)Nc3ccc(CCNC[C@H](O)c4cccnc4)cc3)cc2)c1=O,,,CHEMBL1132063,Bioorg Med Chem Lett,1999.0,"{'bei': '8.61', 'le': '0.17', 'lle': '2.03', 'sei': '3.31'}",,CHEMBL351467,,CHEMBL351467,5.00,0,http://www.openphacts.org/units/Nanomolar,322589,=,1,1,=,,IC50,nM,,10000.0,CHEMBL213,Homo sapiens,Beta-1 adrenergic receptor,9606,,,IC50,nM,UO_0000065,,10000.0
,,1010779,[],CHEMBL654207,Binding affinity towards Beta-1 adrenergic receptor in CHO cells expressing the cloned human receptor using 125I]iodocyanopindolol,B,,,BAO_0000190,BAO_0000219,cell-based format,CCCCCCn1ncn(-c2ccc(S(=O)(=O)Nc3ccc(CCNC[C@H](O)c4cccnc4)cc3)cc2)c1=O,,,CHEMBL1132063,Bioorg Med Chem Lett,1999.0,,,CHEMBL314893,,CHEMBL314893,,0,http://www.openphacts.org/units/Nanomolar,322595,>,1,1,>,,IC50,nM,,10000.0,CHEMBL213,Homo sapiens,Beta-1 adrenergic receptor,9606,,,IC50,nM,UO_0000065,,10000.0
,,1015858,[],CHEMBL654207,Binding affinity towards Beta-1 adrenergic receptor in CHO cells expressing the cloned human receptor using 125I]iodocyanopindolol,B,,,BAO_0000190,BAO_0000219,cell-based format,CCCCCCN1CCN(c2ccc(S(=O)(=O)Nc3ccc(CCNC[C@H](O)c4cccnc4)cc3)cc2)C1=O,,,CHEMBL1132063,Bioorg Med Chem Lett,1999.0,"{'bei': '9.37', 'le': '0.18', 'lle': '0.73', 'sei': '4.61'}",,CHEMBL82296,,CHEMBL82296,5.30,1,http://www.openphacts.org/units/Nanomolar,322586,=,1,1,=,,IC50,nM,,5000.0,CHEMBL213,Homo sapiens,Beta-1 adrenergic receptor,9606,,,IC50,nM,UO_0000065,,5000.0
,,1015893,[],CHEMBL654207,Binding affinity towards Beta-1 adrenergic receptor in CHO cells expressing the cloned human receptor using 125I]iodocyanopindolol,B,,,BAO_0000190,BAO_0000219,cell-based format,CCCCCCCCn1cnn(-c2ccc(S(=O)(=O)Nc3ccc(CCNC[C@H](O)c4cccnc4)cc3)cc2)c1=O,,,CHEMBL1132063,Bioorg Med Chem Lett,1999.0,"{'bei': '10.24', 'le': '0.20', 'lle': '1.61', 'sei': '4.63'}",,CHEMBL163579,,CHEMBL163579,6.07,0,http://www.openphacts.org/units/Nanomolar,322596,=,1,1,=,,IC50,nM,,850.0,CHEMBL213,Homo sapiens,Beta-1 adrenergic receptor,9606,,,IC50,nM,UO_0000065,,850.0
,,1019790,[],CHEMBL654207,Binding affinity towards Beta-1 adrenergic receptor in CHO cells expressing the cloned human receptor using 125I]iodocyanopindolol,B,,,BAO_0000190,BAO_0000219,cell-based format,CCCCCCn1ccn(-c2ccc(S(=O)(=O)Nc3ccc(CCNC[C@H](O)c4cccnc4)cc3)cc2)c1=O,,,CHEMBL1132063,Bioorg Med Chem Lett,1999.0,"{'bei': '8.42', 'le': '0.16', 'lle': '0.46', 'sei': '4.01'}",,CHEMBL22386,L-764646,CHEMBL22386,4.75,1,http://www.openphacts.org/units/Nanomolar,322587,=,1,1,=,,IC50,nM,,18000.0,CHEMBL213,Homo sapiens,Beta-1 adrenergic receptor,9606,,,IC50,nM,UO_0000065,,18000.0
,,1019823,[],CHEMBL654207,Binding affinity towards Beta-1 adrenergic receptor in CHO cells expressing the cloned human receptor using 125I]iodocyanopindolol,B,,,BAO_0000190,BAO_0000219,cell-based format,CCCCCCCCn1ncn(-c2ccc(S(=O)(=O)Nc3ccc(CCNC[C@H](O)c4cccnc4)cc3)cc2)c1=O,,,CHEMBL1132063,Bioorg Med Chem Lett,1999.0,"{'bei': '9.61', 'le': '0.19', 'lle': '1.24', 'sei': '4.35'}",,CHEMBL163531,,CHEMBL163531,5.70,0,http://www.openphacts.org/units/Nanomolar,322594,=,1,1,=,,IC50,nM,,2000.0,CHEMBL213,Homo sapiens,Beta-1 adrenergic receptor,9606,,,IC50,nM,UO_0000065,,2000.0
,,1019827,[],CHEMBL654207,Binding affinity towards Beta-1 adrenergic receptor in CHO cells expressing the cloned human receptor using 125I]iodocyanopindolol,B,,,BAO_0000190,BAO_0000219,cell-based format,CCCCCCN1C(=O)CN(c2ccc(S(=O)(=O)Nc3ccc(CCNC[C@H](O)c4cccnc4)cc3)cc2)C1=O,,,CHEMBL1132063,Bioorg Med Chem Lett,1999.0,"{'bei': '8.89', 'le': '0.17', 'lle': '1.05', 'sei': '3.91'}",,CHEMBL84117,,CHEMBL84117,5.16,0,http://www.openphacts.org/units/Nanomolar,322591,=,1,1,=,,IC50,nM,,7000.0,CHEMBL213,Homo sapiens,Beta-1 adrenergic receptor,9606,,,IC50,nM,UO_0000065,,7000.0
,,1023728,[],CHEMBL654207,Binding affinity towards Beta-1 adrenergic receptor in CHO cells expressing the cloned human receptor using 125I]iodocyanopindolol,B,,,BAO_0000190,BAO_0000219,cell-based format,CCCCCCn1c(C)cn(-c2ccc(S(=O)(=O)Nc3ccc(CCNC[C@H](O)c4cccnc4)cc3)cc2)c1=O,,,CHEMBL1132063,Bioorg Med Chem Lett,1999.0,"{'bei': '9.86', 'le': '0.19', 'lle': '1.11', 'sei': '4.82'}",,CHEMBL312546,,CHEMBL312546,5.70,0,http://www.openphacts.org/units/Nanomolar,322599,=,1,1,=,,IC50,nM,,2000.0,CHEMBL213,Homo sapiens,Beta-1 adrenergic receptor,9606,,,IC50,nM,UO_0000065,,2000.0
,,1066873,[],CHEMBL654210,Binding affinity to recombinant human beta-1 adrenergic receptor expressed in CHO cells in the presence of [125I]iodocyanopindolol,B,,,BAO_0000190,BAO_0000219,cell-based format,O=S(=O)(Nc1ccc(CCNC[C@H](O)c2cccnc2)cc1)c1ccc(-c2noc(Cc3ccc(C(F)(F)F)cc3)n2)cc1,,,CHEMBL1133209,Bioorg Med Chem Lett,2000.0,"{'bei': '9.14', 'le': '0.18', 'lle': '0.29', 'sei': '4.38'}",,CHEMBL415039,,CHEMBL415039,5.70,0,http://www.openphacts.org/units/Nanomolar,49801,=,1,1,=,,IC50,nM,,2000.0,CHEMBL213,Homo sapiens,Beta-1 adrenergic receptor,9606,,,IC50,nM,UO_0000065,,2000.0
,,1066877,[],CHEMBL654210,Binding affinity to recombinant human beta-1 adrenergic receptor expressed in CHO cells in the presence of [125I]iodocyanopindolol,B,,,BAO_0000190,BAO_0000219,cell-based format,O=S(=O)(Nc1ccc(CCNC[C@H](O)c2cccnc2)cc1)c1ccc(-c2noc(COc3ccc(OC(F)(F)F)cc3)n2)cc1,,,CHEMBL1133209,Bioorg Med Chem Lett,2000.0,"{'bei': '9.15', 'le': '0.18', 'lle': '0.72', 'sei': '4.03'}",,CHEMBL287567,,CHEMBL287567,6.00,0,http://www.openphacts.org/units/Nanomolar,49790,=,1,1,=,,IC50,nM,,1000.0,CHEMBL213,Homo sapiens,Beta-1 adrenergic receptor,9606,,,IC50,nM,UO_0000065,,1000.0
,,1068081,[],CHEMBL654210,Binding affinity to recombinant human beta-1 adrenergic receptor expressed in CHO cells in the presence of [125I]iodocyanopindolol,B,,,BAO_0000190,BAO_0000219,cell-based format,O=S(=O)(Nc1ccc(CCNC[C@H](O)c2cccnc2)cc1)c1ccc(-c2nc(Cc3ccc(F)c(F)c3)no2)cc1,,,CHEMBL1133209,Bioorg Med Chem Lett,2000.0,"{'bei': '8.96', 'le': '0.17', 'lle': '0.63', 'sei': '4.07'}",,CHEMBL28405,,CHEMBL28405,5.30,0,http://www.openphacts.org/units/Nanomolar,49786,=,1,1,=,,IC50,nM,,5000.0,CHEMBL213,Homo sapiens,Beta-1 adrenergic receptor,9606,,,IC50,nM,UO_0000065,,5000.0
,,1069389,[],CHEMBL654210,Binding affinity to recombinant human beta-1 adrenergic receptor expressed in CHO cells in the presence of [125I]iodocyanopindolol,B,,,BAO_0000190,BAO_0000219,cell-based format,O=S(=O)(Nc1ccc(CCNC[C@H](O)c2cccnc2)cc1)c1ccc(-c2noc(COc3ccc4ccccc4c3)n2)cc1,,,CHEMBL1133209,Bioorg Med Chem Lett,2000.0,"{'bei': '9.01', 'le': '0.17', 'lle': '0.07', 'sei': '4.02'}",,CHEMBL287562,,CHEMBL287562,5.60,0,http://www.openphacts.org/units/Nanomolar,49791,=,1,1,=,,IC50,nM,,2500.0,CHEMBL213,Homo sapiens,Beta-1 adrenergic receptor,9606,,,IC50,nM,UO_0000065,,2500.0
,,1070577,[],CHEMBL654210,Binding affinity to recombinant human beta-1 adrenergic receptor expressed in CHO cells in the presence of [125I]iodocyanopindolol,B,,,BAO_0000190,BAO_0000219,cell-based format,O=S(=O)(Nc1ccc(CCNC[C@H](O)c2cccnc2)cc1)c1ccc(-c2nc(Cc3ccc(F)cc3)no2)cc1,,,CHEMBL1133209,Bioorg Med Chem Lett,2000.0,"{'bei': '8.89', 'le': '0.17', 'lle': '0.57', 'sei': '3.91'}",,CHEMBL285240,,CHEMBL285240,5.10,0,http://www.openphacts.org/units/Nanomolar,49787,=,1,1,=,,IC50,nM,,8000.0,CHEMBL213,Homo sapiens,Beta-1 adrenergic receptor,9606,,,IC50,nM,UO_0000065,,8000.0
,,1071615,[],CHEMBL654210,Binding affinity to recombinant human beta-1 adrenergic receptor expressed in CHO cells in the presence of [125I]iodocyanopindolol,B,,,BAO_0000190,BAO_0000219,cell-based format,O=S(=O)(Nc1ccc(CCNC[C@H](O)c2cccnc2)cc1)c1ccc(-c2noc(COc3ccc(F)c(F)c3)n2)cc1,,,CHEMBL1133209,Bioorg Med Chem Lett,2000.0,"{'bei': '8.95', 'le': '0.17', 'lle': '0.78', 'sei': '3.90'}",,CHEMBL32411,,CHEMBL32411,5.44,0,http://www.openphacts.org/units/Nanomolar,49795,=,1,1,=,,IC50,nM,,3660.0,CHEMBL213,Homo sapiens,Beta-1 adrenergic receptor,9606,,,IC50,nM,UO_0000065,,3660.0
,,1072711,[],CHEMBL654210,Binding affinity to recombinant human beta-1 adrenergic receptor expressed in CHO cells in the presence of [125I]iodocyanopindolol,B,,,BAO_0000190,BAO_0000219,cell-based format,O=S(=O)(Nc1ccc(CCNC[C@H](O)c2cccnc2)cc1)c1ccc(-c2noc(Cc3cc(F)c(F)c(F)c3)n2)cc1,,,CHEMBL1133209,Bioorg Med Chem Lett,2000.0,"{'bei': '9.06', 'le': '0.18', 'lle': '0.71', 'sei': '4.24'}",,CHEMBL285499,,CHEMBL285499,5.52,0,http://www.openphacts.org/units/Nanomolar,49777,=,1,1,=,,IC50,nM,,3000.0,CHEMBL213,Homo sapiens,Beta-1 adrenergic receptor,9606,,,IC50,nM,UO_0000065,,3000.0
,,1072715,[],CHEMBL654210,Binding affinity to recombinant human beta-1 adrenergic receptor expressed in CHO cells in the presence of [125I]iodocyanopindolol,B,,,BAO_0000190,BAO_0000219,cell-based format,O=S(=O)(Nc1ccc(CCNC[C@H](O)c2cccnc2)cc1)c1ccc(-c2noc(COc3ccc(F)cc3)n2)cc1,,,CHEMBL1133209,Bioorg Med Chem Lett,2000.0,"{'bei': '10.42', 'le': '0.20', 'lle': '1.63', 'sei': '4.41'}",,CHEMBL286435,,CHEMBL286435,6.15,0,http://www.openphacts.org/units/Nanomolar,49794,=,1,1,=,,IC50,nM,,715.0,CHEMBL213,Homo sapiens,Beta-1 adrenergic receptor,9606,,,IC50,nM,UO_0000065,,715.0
,,1072719,[],CHEMBL654210,Binding affinity to recombinant human beta-1 adrenergic receptor expressed in CHO cells in the presence of [125I]iodocyanopindolol,B,,,BAO_0000190,BAO_0000219,cell-based format,O=S(=O)(Nc1ccc(CCNC[C@H](O)c2cccnc2)cc1)c1ccc(-c2nc(COc3ccc(F)cc3)no2)cc1,,,CHEMBL1133209,Bioorg Med Chem Lett,2000.0,"{'bei': '9.15', 'le': '0.18', 'lle': '0.88', 'sei': '3.87'}",,CHEMBL288550,,CHEMBL288550,5.40,0,http://www.openphacts.org/units/Nanomolar,49785,=,1,1,=,,IC50,nM,,4000.0,CHEMBL213,Homo sapiens,Beta-1 adrenergic receptor,9606,,,IC50,nM,UO_0000065,,4000.0
,,1073984,[],CHEMBL654210,Binding affinity to recombinant human beta-1 adrenergic receptor expressed in CHO cells in the presence of [125I]iodocyanopindolol,B,,,BAO_0000190,BAO_0000219,cell-based format,O=S(=O)(Nc1ccc(CCNC[C@H](O)c2cccnc2)cc1)c1ccc(-c2noc(Cc3cccc(OC(F)(F)F)c3)n2)cc1,,,CHEMBL1133209,Bioorg Med Chem Lett,2000.0,"{'bei': '8.91', 'le': '0.17', 'lle': '0.41', 'sei': '4.09'}",,CHEMBL33515,,CHEMBL33515,5.70,0,http://www.openphacts.org/units/Nanomolar,49783,=,1,1,=,,IC50,nM,,2000.0,CHEMBL213,Homo sapiens,Beta-1 adrenergic receptor,9606,,,IC50,nM,UO_0000065,,2000.0
,,1073988,[],CHEMBL654210,Binding affinity to recombinant human beta-1 adrenergic receptor expressed in CHO cells in the presence of [125I]iodocyanopindolol,B,,,BAO_0000190,BAO_0000219,cell-based format,CC(=O)Nc1ccc(Cc2nc(-c3ccc(S(=O)(=O)Nc4ccc(CCNC[C@H](O)c5cccnc5)cc4)cc3)no2)cc1,,,CHEMBL1133209,Bioorg Med Chem Lett,2000.0,"{'bei': '9.01', 'le': '0.17', 'lle': '1.17', 'sei': '3.47'}",,CHEMBL289250,,CHEMBL289250,5.52,0,http://www.openphacts.org/units/Nanomolar,49799,=,1,1,=,,IC50,nM,,3000.0,CHEMBL213,Homo sapiens,Beta-1 adrenergic receptor,9606,,,IC50,nM,UO_0000065,,3000.0
,,1075179,[],CHEMBL654210,Binding affinity to recombinant human beta-1 adrenergic receptor expressed in CHO cells in the presence of [125I]iodocyanopindolol,B,,,BAO_0000190,BAO_0000219,cell-based format,O=S(=O)(Nc1ccc(CCNC[C@H](O)c2cccnc2)cc1)c1ccc(-c2noc(Cc3ccc(-c4ccccn4)cc3)n2)cc1,,,CHEMBL1133209,Bioorg Med Chem Lett,2000.0,"{'bei': '8.97', 'le': '0.17', 'lle': '0.23', 'sei': '3.97'}",,CHEMBL286438,,CHEMBL286438,5.68,0,http://www.openphacts.org/units/Nanomolar,49806,=,1,1,=,,IC50,nM,,2100.0,CHEMBL213,Homo sapiens,Beta-1 adrenergic receptor,9606,,,IC50,nM,UO_0000065,,2100.0
,,1075183,[],CHEMBL654210,Binding affinity to recombinant human beta-1 adrenergic receptor expressed in CHO cells in the presence of [125I]iodocyanopindolol,B,,,BAO_0000190,BAO_0000219,cell-based format,O=S(=O)(Nc1ccc(CCNC[C@H](O)c2cccnc2)cc1)c1ccc(-c2noc(Cc3ccc(OC(F)(F)F)cc3)n2)cc1,,,CHEMBL1133209,Bioorg Med Chem Lett,2000.0,"{'bei': '9.21', 'le': '0.18', 'lle': '0.60', 'sei': '4.22'}",,CHEMBL33292,,CHEMBL33292,5.89,0,http://www.openphacts.org/units/Nanomolar,49804,=,1,1,=,,IC50,nM,,1290.0,CHEMBL213,Homo sapiens,Beta-1 adrenergic receptor,9606,,,IC50,nM,UO_0000065,,1290.0
,,1077606,[],CHEMBL654210,Binding affinity to recombinant human beta-1 adrenergic receptor expressed in CHO cells in the presence of [125I]iodocyanopindolol,B,,,BAO_0000190,BAO_0000219,cell-based format,CS(=O)(=O)NC(c1ccc(F)cc1)c1nc(-c2ccc(S(=O)(=O)Nc3ccc(CCNC[C@H](O)c4cccnc4)cc3)cc2)no1,,,CHEMBL1133209,Bioorg Med Chem Lett,2000.0,"{'bei': '7.73', 'le': '0.15', 'lle': '1.57', 'sei': '2.92'}",,CHEMBL289248,,CHEMBL289248,5.16,0,http://www.openphacts.org/units/Nanomolar,49796,=,1,1,=,,IC50,nM,,7000.0,CHEMBL213,Homo sapiens,Beta-1 adrenergic receptor,9606,,,IC50,nM,UO_0000065,,7000.0
,,1078770,[],CHEMBL654210,Binding affinity to recombinant human beta-1 adrenergic receptor expressed in CHO cells in the presence of [125I]iodocyanopindolol,B,,,BAO_0000190,BAO_0000219,cell-based format,O=S(=O)(Nc1ccc(CCNC[C@H](O)c2cccnc2)cc1)c1ccc(-c2noc(Cc3ccc(F)cc3)n2)cc1,,,CHEMBL1133209,Bioorg Med Chem Lett,2000.0,"{'bei': '9.63', 'le': '0.18', 'lle': '0.99', 'sei': '4.24'}",,CHEMBL286859,,CHEMBL286859,5.52,0,http://www.openphacts.org/units/Nanomolar,49782,=,1,1,=,,IC50,nM,,3000.0,CHEMBL213,Homo sapiens,Beta-1 adrenergic receptor,9606,,,IC50,nM,UO_0000065,,3000.0
,,1078774,[],CHEMBL654210,Binding affinity to recombinant human beta-1 adrenergic receptor expressed in CHO cells in the presence of [125I]iodocyanopindolol,B,,,BAO_0000190,BAO_0000219,cell-based format,O=C(c1ccc(F)cc1)c1nc(-c2ccc(S(=O)(=O)Nc3ccc(CCNC[C@H](O)c4cccnc4)cc3)cc2)no1,,,CHEMBL1133209,Bioorg Med Chem Lett,2000.0,"{'bei': '9.55', 'le': '0.18', 'lle': '1.44', 'sei': '3.81'}",,CHEMBL289249,,CHEMBL289249,5.61,0,http://www.openphacts.org/units/Nanomolar,49798,=,1,1,=,,IC50,nM,,2430.0,CHEMBL213,Homo sapiens,Beta-1 adrenergic receptor,9606,,,IC50,nM,UO_0000065,,2430.0
,,1081005,[],CHEMBL654210,Binding affinity to recombinant human beta-1 adrenergic receptor expressed in CHO cells in the presence of [125I]iodocyanopindolol,B,,,BAO_0000190,BAO_0000219,cell-based format,COC(=O)NC(c1ccc(F)cc1)c1nc(-c2ccc(S(=O)(=O)Nc3ccc(CCNC[C@H](O)c4cccnc4)cc3)cc2)no1,,,CHEMBL1133209,Bioorg Med Chem Lett,2000.0,"{'bei': '8.64', 'le': '0.17', 'lle': '1.21', 'sei': '3.31'}",,CHEMBL33155,,CHEMBL33155,5.58,0,http://www.openphacts.org/units/Nanomolar,49797,=,1,1,=,,IC50,nM,,2600.0,CHEMBL213,Homo sapiens,Beta-1 adrenergic receptor,9606,,,IC50,nM,UO_0000065,,2600.0
,,1083324,[],CHEMBL654210,Binding affinity to recombinant human beta-1 adrenergic receptor expressed in CHO cells in the presence of [125I]iodocyanopindolol,B,,,BAO_0000190,BAO_0000219,cell-based format,O=S(=O)(Nc1ccc(CCNC[C@H](O)c2cccnc2)cc1)c1ccc(-c2nc(COc3ccc(F)c(F)c3)no2)cc1,,,CHEMBL1133209,Bioorg Med Chem Lett,2000.0,"{'bei': '8.98', 'le': '0.17', 'lle': '0.80', 'sei': '3.91'}",,CHEMBL33384,,CHEMBL33384,5.46,0,http://www.openphacts.org/units/Nanomolar,49784,=,1,1,=,,IC50,nM,,3500.0,CHEMBL213,Homo sapiens,Beta-1 adrenergic receptor,9606,,,IC50,nM,UO_0000065,,3500.0
,,1084417,[],CHEMBL654210,Binding affinity to recombinant human beta-1 adrenergic receptor expressed in CHO cells in the presence of [125I]iodocyanopindolol,B,,,BAO_0000190,BAO_0000219,cell-based format,O=S(=O)(Nc1ccc(CCNC[C@H](O)c2cccnc2)cc1)c1ccc(-c2noc(C(O)c3ccc(F)cc3)n2)cc1,,,CHEMBL1133209,Bioorg Med Chem Lett,2000.0,"{'bei': '7.10', 'le': '0.14', 'lle': '0.17', 'sei': '2.78'}",,CHEMBL33224,,CHEMBL33224,4.19,0,http://www.openphacts.org/units/Nanomolar,49803,=,1,1,=,,IC50,nM,,65000.0,CHEMBL213,Homo sapiens,Beta-1 adrenergic receptor,9606,,,IC50,nM,UO_0000065,,65000.0
,,1084421,[],CHEMBL654210,Binding affinity to recombinant human beta-1 adrenergic receptor expressed in CHO cells in the presence of [125I]iodocyanopindolol,B,,,BAO_0000190,BAO_0000219,cell-based format,O=S(=O)(Nc1ccc(CCNC[C@H](O)c2cccnc2)cc1)c1ccc(-c2noc(Cc3cccc(F)c3)n2)cc1,,,CHEMBL1133209,Bioorg Med Chem Lett,2000.0,"{'bei': '9.24', 'le': '0.18', 'lle': '0.77', 'sei': '4.07'}",,CHEMBL287561,,CHEMBL287561,5.30,0,http://www.openphacts.org/units/Nanomolar,49802,=,1,1,=,,IC50,nM,,5000.0,CHEMBL213,Homo sapiens,Beta-1 adrenergic receptor,9606,,,IC50,nM,UO_0000065,,5000.0
,,1085473,[],CHEMBL654210,Binding affinity to recombinant human beta-1 adrenergic receptor expressed in CHO cells in the presence of [125I]iodocyanopindolol,B,,,BAO_0000190,BAO_0000219,cell-based format,NC(c1ccc(F)cc1)c1nc(-c2ccc(S(=O)(=O)Nc3ccc(CCNC[C@H](O)c4cccnc4)cc3)cc2)no1,,,CHEMBL1133209,Bioorg Med Chem Lett,2000.0,"{'bei': '9.17', 'le': '0.18', 'lle': '1.41', 'sei': '3.45'}",,CHEMBL32891,,CHEMBL32891,5.40,0,http://www.openphacts.org/units/Nanomolar,49781,=,1,1,=,,IC50,nM,,4000.0,CHEMBL213,Homo sapiens,Beta-1 adrenergic receptor,9606,,,IC50,nM,UO_0000065,,4000.0
,,1086545,[],CHEMBL654210,Binding affinity to recombinant human beta-1 adrenergic receptor expressed in CHO cells in the presence of [125I]iodocyanopindolol,B,,,BAO_0000190,BAO_0000219,cell-based format,O=S(=O)(Nc1ccc(CCNC[C@H](O)c2cccnc2)cc1)c1ccc(-c2noc(Cc3ccc4ccccc4c3)n2)cc1,,,CHEMBL1133209,Bioorg Med Chem Lett,2000.0,"{'bei': '10.33', 'le': '0.19', 'lle': '0.72', 'sei': '4.81'}",,CHEMBL286437,,CHEMBL286437,6.26,0,http://www.openphacts.org/units/Nanomolar,49805,=,1,1,=,,IC50,nM,,550.0,CHEMBL213,Homo sapiens,Beta-1 adrenergic receptor,9606,,,IC50,nM,UO_0000065,,550.0
,,1087590,[],CHEMBL654210,Binding affinity to recombinant human beta-1 adrenergic receptor expressed in CHO cells in the presence of [125I]iodocyanopindolol,B,,,BAO_0000190,BAO_0000219,cell-based format,O=S(=O)(Nc1ccc(CCNC[C@H](O)c2cccnc2)cc1)c1ccc(-c2noc(Cc3ccc(F)c(F)c3)n2)cc1,,,CHEMBL1133209,Bioorg Med Chem Lett,2000.0,"{'bei': '9.53', 'le': '0.18', 'lle': '0.97', 'sei': '4.33'}",,CHEMBL285001,,CHEMBL285001,5.64,0,http://www.openphacts.org/units/Nanomolar,49779,=,1,1,=,,IC50,nM,,2300.0,CHEMBL213,Homo sapiens,Beta-1 adrenergic receptor,9606,,,IC50,nM,UO_0000065,,2300.0
,,1088748,[],CHEMBL654210,Binding affinity to recombinant human beta-1 adrenergic receptor expressed in CHO cells in the presence of [125I]iodocyanopindolol,B,,,BAO_0000190,BAO_0000219,cell-based format,COc1ccc(OCc2nc(-c3ccc(S(=O)(=O)Nc4ccc(CCNC[C@H](O)c5cccnc5)cc4)cc3)no2)cc1,,,CHEMBL1133209,Bioorg Med Chem Lett,2000.0,"{'bei': '9.47', 'le': '0.18', 'lle': '1.31', 'sei': '3.83'}",,CHEMBL34406,,CHEMBL34406,5.70,0,http://www.openphacts.org/units/Nanomolar,49792,=,1,1,=,,IC50,nM,,2000.0,CHEMBL213,Homo sapiens,Beta-1 adrenergic receptor,9606,,,IC50,nM,UO_0000065,,2000.0
,,1088752,[],CHEMBL654210,Binding affinity to recombinant human beta-1 adrenergic receptor expressed in CHO cells in the presence of [125I]iodocyanopindolol,B,,,BAO_0000190,BAO_0000219,cell-based format,O=S(=O)(Nc1ccc(CCNC[C@H](O)c2cccnc2)cc1)c1ccc(-c2noc(COc3ccc(C4N=NN=N4)cc3)n2)cc1,,,CHEMBL1133209,Bioorg Med Chem Lett,2000.0,"{'bei': '7.89', 'le': '0.15', 'lle': '-0.16', 'sei': '2.67'}",,CHEMBL32418,,CHEMBL32418,5.05,0,http://www.openphacts.org/units/Nanomolar,49788,=,1,1,=,,IC50,nM,,9000.0,CHEMBL213,Homo sapiens,Beta-1 adrenergic receptor,9606,,,IC50,nM,UO_0000065,,9000.0
,,1089861,[],CHEMBL654210,Binding affinity to recombinant human beta-1 adrenergic receptor expressed in CHO cells in the presence of [125I]iodocyanopindolol,B,,,BAO_0000190,BAO_0000219,cell-based format,CSc1ccc(Cc2nc(-c3ccc(S(=O)(=O)Nc4ccc(CCNC[C@H](O)c5cccnc5)cc4)cc3)no2)cc1,,,CHEMBL1133209,Bioorg Med Chem Lett,2000.0,"{'bei': '7.97', 'le': '0.16', 'lle': '-0.31', 'sei': '3.68'}",,CHEMBL291246,,CHEMBL291246,4.80,0,http://www.openphacts.org/units/Nanomolar,49778,=,1,1,=,,IC50,nM,,16000.0,CHEMBL213,Homo sapiens,Beta-1 adrenergic receptor,9606,,,IC50,nM,UO_0000065,,16000.0
,,1094421,[],CHEMBL654210,Binding affinity to recombinant human beta-1 adrenergic receptor expressed in CHO cells in the presence of [125I]iodocyanopindolol,B,,,BAO_0000190,BAO_0000219,cell-based format,O=S(=O)(Nc1ccc(CCNC[C@H](O)c2cccnc2)cc1)c1ccc(-c2noc(COc3ccccc3O)n2)cc1,,,CHEMBL1133209,Bioorg Med Chem Lett,2000.0,"{'bei': '8.67', 'le': '0.17', 'lle': '1.02', 'sei': '3.19'}",,CHEMBL286231,,CHEMBL286231,5.10,0,http://www.openphacts.org/units/Nanomolar,49793,=,1,1,=,,IC50,nM,,8000.0,CHEMBL213,Homo sapiens,Beta-1 adrenergic receptor,9606,,,IC50,nM,UO_0000065,,8000.0
,,1095482,[],CHEMBL654210,Binding affinity to recombinant human beta-1 adrenergic receptor expressed in CHO cells in the presence of [125I]iodocyanopindolol,B,,,BAO_0000190,BAO_0000219,cell-based format,CNC(=O)NC(c1ccc(F)cc1)c1nc(-c2ccc(S(=O)(=O)Nc3ccc(CCNC[C@H](O)c4cccnc4)cc3)cc2)no1,,,CHEMBL1133209,Bioorg Med Chem Lett,2000.0,"{'bei': '8.28', 'le': '0.16', 'lle': '1.39', 'sei': '3.12'}",,CHEMBL405245,,CHEMBL405245,5.35,0,http://www.openphacts.org/units/Nanomolar,49780,=,1,1,=,,IC50,nM,,4500.0,CHEMBL213,Homo sapiens,Beta-1 adrenergic receptor,9606,,,IC50,nM,UO_0000065,,4500.0
,,1095486,[],CHEMBL654210,Binding affinity to recombinant human beta-1 adrenergic receptor expressed in CHO cells in the presence of [125I]iodocyanopindolol,B,,,BAO_0000190,BAO_0000219,cell-based format,CC(=O)Nc1ccc(OCc2nc(-c3ccc(S(=O)(=O)Nc4ccc(CCNC[C@H](O)c5cccnc5)cc4)cc3)no2)cc1,,,CHEMBL1133209,Bioorg Med Chem Lett,2000.0,"{'bei': '9.06', 'le': '0.17', 'lle': '1.36', 'sei': '3.38'}",,CHEMBL285704,,CHEMBL285704,5.70,0,http://www.openphacts.org/units/Nanomolar,49789,=,1,1,=,,IC50,nM,,2000.0,CHEMBL213,Homo sapiens,Beta-1 adrenergic receptor,9606,,,IC50,nM,UO_0000065,,2000.0
,,1100014,[],CHEMBL654210,Binding affinity to recombinant human beta-1 adrenergic receptor expressed in CHO cells in the presence of [125I]iodocyanopindolol,B,,,BAO_0000190,BAO_0000219,cell-based format,CS(=O)(=O)Nc1ccc(Cc2nc(-c3ccc(S(=O)(=O)Nc4ccc(CCNC[C@H](O)c5cccnc5)cc4)cc3)no2)cc1,,,CHEMBL1133209,Bioorg Med Chem Lett,2000.0,"{'bei': '8.78', 'le': '0.17', 'lle': '1.94', 'sei': '3.23'}",,CHEMBL34441,,CHEMBL34441,5.70,0,http://www.openphacts.org/units/Nanomolar,49800,=,1,1,=,,IC50,nM,,2000.0,CHEMBL213,Homo sapiens,Beta-1 adrenergic receptor,9606,,,IC50,nM,UO_0000065,,2000.0
,,1103939,[],CHEMBL654268,"Binding affinity for Beta-1 adrenergic receptor by displacing [3H]dihydroalprenolol, in partially purified membrane fractions from canine ventricular muscle in the presence of 1 uM zinterol",B,,,BAO_0000190,BAO_0000249,cell membrane format,CS(=O)(=O)Nc1ccc(CNCC2CN(c3ccccc3)CCN2)cc1,,,CHEMBL1125380,J Med Chem,1992.0,"{'bei': '14.75', 'le': '0.29', 'lle': '3.89', 'sei': '7.52'}",,CHEMBL163153,,CHEMBL163153,5.52,0,http://www.openphacts.org/units/Nanomolar,322239,=,1,1,=,,IC50,nM,,3000.0,CHEMBL213,Homo sapiens,Beta-1 adrenergic receptor,9606,,,IC50,uM,UO_0000065,,3.0
,,1103943,[],CHEMBL654268,"Binding affinity for Beta-1 adrenergic receptor by displacing [3H]dihydroalprenolol, in partially purified membrane fractions from canine ventricular muscle in the presence of 1 uM zinterol",B,,,BAO_0000190,BAO_0000249,cell membrane format,CS(=O)(=O)Nc1ccc(C(=O)NCC2CNCCN2c2ccccc2)cc1,,,CHEMBL1125380,J Med Chem,1992.0,"{'bei': '11.61', 'le': '0.23', 'lle': '3.24', 'sei': '4.98'}",,CHEMBL162095,,CHEMBL162095,4.51,0,http://www.openphacts.org/units/Nanomolar,322237,=,1,1,=,,IC50,nM,,31000.0,CHEMBL213,Homo sapiens,Beta-1 adrenergic receptor,9606,,,IC50,uM,UO_0000065,,31.0
,,1104745,[],CHEMBL646903,Compound was evaluated for its inhibitory activity against CHO cells expressing the cloned human beta-1 adrenergic receptor (AR) in the presence of [125I]iodocyanopindolol,F,,,BAO_0000190,BAO_0000219,cell-based format,COc1cc(C[C@@H]2NCCc3cc(O)c(O)cc32)cc(OC)c1OC,,,CHEMBL1132774,Bioorg Med Chem Lett,2000.0,,,CHEMBL174984,TRETOQUINOL,CHEMBL174984,8.21,0,http://www.openphacts.org/units/Nanomolar,131766,=,1,1,=,,IC50,nM,,6.1,CHEMBL213,Homo sapiens,Beta-1 adrenergic receptor,9606,,,IC50,nM,UO_0000065,,6.1
,,1106517,[],CHEMBL654268,"Binding affinity for Beta-1 adrenergic receptor by displacing [3H]dihydroalprenolol, in partially purified membrane fractions from canine ventricular muscle in the presence of 1 uM zinterol",B,,,BAO_0000190,BAO_0000249,cell membrane format,CS(=O)(=O)Nc1ccc(OCC2CN(c3ccccc3)CCN2)cc1,,,CHEMBL1125380,J Med Chem,1992.0,"{'bei': '15.16', 'le': '0.30', 'lle': '3.56', 'sei': '7.76'}",,CHEMBL350581,,CHEMBL350581,5.48,0,http://www.openphacts.org/units/Nanomolar,322238,=,1,1,=,,IC50,nM,,3300.0,CHEMBL213,Homo sapiens,Beta-1 adrenergic receptor,9606,,,IC50,uM,UO_0000065,,3.3
,,1107244,[],CHEMBL646903,Compound was evaluated for its inhibitory activity against CHO cells expressing the cloned human beta-1 adrenergic receptor (AR) in the presence of [125I]iodocyanopindolol,F,,,BAO_0000190,BAO_0000219,cell-based format,CCCCCCNC(=O)Nc1ccc(S(=O)(=O)Nc2ccc(-c3cccc(CC4NCCc5cc(O)c(O)cc54)c3)cc2)cc1,,,CHEMBL1132774,Bioorg Med Chem Lett,2000.0,,,CHEMBL74860,,CHEMBL74860,4.00,0,http://www.openphacts.org/units/Nanomolar,131778,=,1,1,=,,IC50,nM,,100000.0,CHEMBL213,Homo sapiens,Beta-1 adrenergic receptor,9606,,,IC50,nM,UO_0000065,,100000.0
,,1107638,[],CHEMBL654268,"Binding affinity for Beta-1 adrenergic receptor by displacing [3H]dihydroalprenolol, in partially purified membrane fractions from canine ventricular muscle in the presence of 1 uM zinterol",B,,,BAO_0000190,BAO_0000249,cell membrane format,Clc1ccccc1N1CCNCC1,,,CHEMBL1125380,J Med Chem,1992.0,"{'bei': '25.02', 'le': '0.52', 'lle': '3.17', 'sei': '32.23'}",,CHEMBL9841,,CHEMBL9841,4.92,0,http://www.openphacts.org/units/Nanomolar,322228,=,1,1,=,,IC50,nM,,12000.0,CHEMBL213,Homo sapiens,Beta-1 adrenergic receptor,9606,,,IC50,uM,UO_0000065,,12.0
,,1108229,[],CHEMBL649970,Compound was evaluated for its inhibitory activity against CHO cells expressing the cloned human Beta-1 adrenergic receptor in the presence of [125I]iodocyanopindolol,B,,,BAO_0000190,BAO_0000219,cell-based format,CCCCCCNC(=O)Nc1ccc(S(=O)(=O)Nc2ccc(-c3ccc(OCC4NCCc5cc(O)c(O)cc54)cc3)cc2)cc1,,,CHEMBL1132774,Bioorg Med Chem Lett,2000.0,"{'bei': '8.84', 'le': '0.17', 'lle': '-0.83', 'sei': '3.82'}",,CHEMBL312074,,CHEMBL312074,5.70,0,http://www.openphacts.org/units/Nanomolar,131776,=,1,1,=,,IC50,nM,,2000.0,CHEMBL213,Homo sapiens,Beta-1 adrenergic receptor,9606,,,IC50,nM,UO_0000065,,2000.0
,,1108763,[],CHEMBL654268,"Binding affinity for Beta-1 adrenergic receptor by displacing [3H]dihydroalprenolol, in partially purified membrane fractions from canine ventricular muscle in the presence of 1 uM zinterol",B,,,BAO_0000190,BAO_0000249,cell membrane format,c1ccc(N2CCNCC2)cc1,,,CHEMBL1125380,J Med Chem,1992.0,"{'bei': '29.10', 'le': '0.54', 'lle': '3.62', 'sei': '30.92'}",,CHEMBL9434,PHENYLPIPERAZINE,CHEMBL9434,4.72,0,http://www.openphacts.org/units/Nanomolar,322232,=,1,1,=,,IC50,nM,,19000.0,CHEMBL213,Homo sapiens,Beta-1 adrenergic receptor,9606,,,IC50,uM,UO_0000065,,19.0
,,1109338,[],CHEMBL651255,Compound was tested for the antagonistic activity against Beta-1 adrenergic receptor,F,,,BAO_0000190,BAO_0000019,assay format,CCCCCCCCNC(=O)Nc1ccc(S(=O)(=O)N2CCC(CNC[C@H](O)COc3ccc(O)cc3)CC2)cc1,,,CHEMBL1134913,Bioorg Med Chem Lett,2002.0,,,CHEMBL102194,,CHEMBL102194,7.57,0,http://www.openphacts.org/units/Nanomolar,186966,=,1,1,=,,IC50,nM,,27.0,CHEMBL213,Homo sapiens,Beta-1 adrenergic receptor,9606,,,IC50,nM,UO_0000065,,27.0
,,1110604,[],CHEMBL649970,Compound was evaluated for its inhibitory activity against CHO cells expressing the cloned human Beta-1 adrenergic receptor in the presence of [125I]iodocyanopindolol,B,,,BAO_0000190,BAO_0000219,cell-based format,COc1c(I)cc(CC2NCCc3nc(N)sc32)cc1I,,,CHEMBL1132774,Bioorg Med Chem Lett,2000.0,"{'bei': '11.59', 'le': '0.40', 'lle': '2.74', 'sei': '10.15'}",,CHEMBL307647,,CHEMBL307647,6.11,0,http://www.openphacts.org/units/Nanomolar,131767,=,1,1,=,,IC50,nM,,780.0,CHEMBL213,Homo sapiens,Beta-1 adrenergic receptor,9606,,,IC50,nM,UO_0000065,,780.0
,,1111156,[],CHEMBL654268,"Binding affinity for Beta-1 adrenergic receptor by displacing [3H]dihydroalprenolol, in partially purified membrane fractions from canine ventricular muscle in the presence of 1 uM zinterol",B,,,BAO_0000190,BAO_0000249,cell membrane format,COc1ccccc1N1CCNCC1,,,CHEMBL1125380,J Med Chem,1992.0,"{'bei': '29.64', 'le': '0.56', 'lle': '4.60', 'sei': '23.26'}",,CHEMBL9666,,CHEMBL9666,5.70,0,http://www.openphacts.org/units/Nanomolar,322235,=,1,1,=,,IC50,nM,,2000.0,CHEMBL213,Homo sapiens,Beta-1 adrenergic receptor,9606,,,IC50,uM,UO_0000065,,2.0
,,1112280,[],CHEMBL654268,"Binding affinity for Beta-1 adrenergic receptor by displacing [3H]dihydroalprenolol, in partially purified membrane fractions from canine ventricular muscle in the presence of 1 uM zinterol",B,,,BAO_0000190,BAO_0000249,cell membrane format,COc1ccc(N2CCNCC2)cc1,,,CHEMBL1125380,J Med Chem,1992.0,"{'bei': '22.99', 'le': '0.43', 'lle': '3.32', 'sei': '18.04'}",,CHEMBL59517,,CHEMBL59517,4.42,0,http://www.openphacts.org/units/Nanomolar,322249,=,1,1,=,,IC50,nM,,38000.0,CHEMBL213,Homo sapiens,Beta-1 adrenergic receptor,9606,,,IC50,uM,UO_0000065,,38.0
,,1113401,[],CHEMBL654268,"Binding affinity for Beta-1 adrenergic receptor by displacing [3H]dihydroalprenolol, in partially purified membrane fractions from canine ventricular muscle in the presence of 1 uM zinterol",B,,,BAO_0000190,BAO_0000249,cell membrane format,CS(=O)(=O)Nc1ccc(NCC2CN(c3ccccc3)CCN2)cc1,,,CHEMBL1125380,J Med Chem,1992.0,"{'bei': '15.64', 'le': '0.31', 'lle': '3.69', 'sei': '7.67'}",,CHEMBL162182,,CHEMBL162182,5.64,0,http://www.openphacts.org/units/Nanomolar,322225,=,1,1,=,,IC50,nM,,2300.0,CHEMBL213,Homo sapiens,Beta-1 adrenergic receptor,9606,,,IC50,uM,UO_0000065,,2.3
,,1113506,[],CHEMBL654268,"Binding affinity for Beta-1 adrenergic receptor by displacing [3H]dihydroalprenolol, in partially purified membrane fractions from canine ventricular muscle in the presence of 1 uM zinterol",B,,,BAO_0000190,BAO_0000249,cell membrane format,CS(=O)(=O)Nc1ccc(C(=O)NCC2CN(c3cccc(Cl)c3)CCN2)cc1,,,CHEMBL1125380,J Med Chem,1992.0,"{'bei': '14.09', 'le': '0.29', 'lle': '4.04', 'sei': '6.58'}",,CHEMBL350432,,CHEMBL350432,5.96,0,http://www.openphacts.org/units/Nanomolar,322240,=,1,1,=,,IC50,nM,,1100.0,CHEMBL213,Homo sapiens,Beta-1 adrenergic receptor,9606,,,IC50,uM,UO_0000065,,1.1
,,1114194,[],CHEMBL651255,Compound was tested for the antagonistic activity against Beta-1 adrenergic receptor,F,,,BAO_0000190,BAO_0000019,assay format,CS(=O)(=O)Nc1cc(OC[C@@H](O)CNCC2CCN(S(=O)(=O)c3ccc(NC(=O)NCc4cc(F)ccc4F)cc3)CC2)ccc1O,,,CHEMBL1134913,Bioorg Med Chem Lett,2002.0,,,CHEMBL431048,,CHEMBL431048,5.21,0,http://www.openphacts.org/units/Nanomolar,186972,=,1,1,=,,IC50,nM,,6156.0,CHEMBL213,Homo sapiens,Beta-1 adrenergic receptor,9606,,,IC50,nM,UO_0000065,,6156.0
,,1114241,[],CHEMBL649970,Compound was evaluated for its inhibitory activity against CHO cells expressing the cloned human Beta-1 adrenergic receptor in the presence of [125I]iodocyanopindolol,B,,,BAO_0000190,BAO_0000219,cell-based format,CCCCCCNC(=O)Nc1ccc(S(=O)(=O)Nc2ccc3cc(OCC4NCCc5cc(O)c(O)cc54)ccc3c2)cc1,,,CHEMBL1132774,Bioorg Med Chem Lett,2000.0,"{'bei': '6.62', 'le': '0.13', 'lle': '-1.92', 'sei': '2.75'}",,CHEMBL76403,,CHEMBL76403,4.10,0,http://www.openphacts.org/units/Nanomolar,131773,=,1,1,=,,IC50,nM,,80000.0,CHEMBL213,Homo sapiens,Beta-1 adrenergic receptor,9606,,,IC50,nM,UO_0000065,,80000.0
,,1114785,[],CHEMBL654268,"Binding affinity for Beta-1 adrenergic receptor by displacing [3H]dihydroalprenolol, in partially purified membrane fractions from canine ventricular muscle in the presence of 1 uM zinterol",B,,,BAO_0000190,BAO_0000249,cell membrane format,COc1cccc(N2CCNCC2)c1,,,CHEMBL1125380,J Med Chem,1992.0,"{'bei': '26.51', 'le': '0.50', 'lle': '4.00', 'sei': '20.80'}",,CHEMBL59597,,CHEMBL59597,5.10,0,http://www.openphacts.org/units/Nanomolar,322250,=,1,1,=,,IC50,nM,,8000.0,CHEMBL213,Homo sapiens,Beta-1 adrenergic receptor,9606,,,IC50,uM,UO_0000065,,8.0
,,1114793,[],CHEMBL654268,"Binding affinity for Beta-1 adrenergic receptor by displacing [3H]dihydroalprenolol, in partially purified membrane fractions from canine ventricular muscle in the presence of 1 uM zinterol",B,,,BAO_0000190,BAO_0000249,cell membrane format,Clc1cccc(N2CCNCC2)c1,,,CHEMBL1125380,J Med Chem,1992.0,"{'bei': '28.98', 'le': '0.60', 'lle': '3.95', 'sei': '37.32'}",,CHEMBL478,CHLOROPHENYLPIPERAZINE,CHEMBL478,5.70,0,http://www.openphacts.org/units/Nanomolar,322236,=,1,1,=,,IC50,nM,,2000.0,CHEMBL213,Homo sapiens,Beta-1 adrenergic receptor,9606,,,IC50,uM,UO_0000065,,2.0
,,1116590,[],CHEMBL649970,Compound was evaluated for its inhibitory activity against CHO cells expressing the cloned human Beta-1 adrenergic receptor in the presence of [125I]iodocyanopindolol,B,,,BAO_0000190,BAO_0000219,cell-based format,CCCCCCNC(=O)Nc1ccc(S(=O)(=O)Nc2cccc(-c3ccc(OCC4NCCc5cc(O)c(O)cc54)cc3)c2)cc1,,,CHEMBL1132774,Bioorg Med Chem Lett,2000.0,"{'bei': '8.04', 'le': '0.15', 'lle': '-1.34', 'sei': '3.48'}",,CHEMBL308860,,CHEMBL308860,5.19,0,http://www.openphacts.org/units/Nanomolar,131771,=,1,1,=,,IC50,nM,,6500.0,CHEMBL213,Homo sapiens,Beta-1 adrenergic receptor,9606,,,IC50,nM,UO_0000065,,6500.0
,,1118308,[],CHEMBL654268,"Binding affinity for Beta-1 adrenergic receptor by displacing [3H]dihydroalprenolol, in partially purified membrane fractions from canine ventricular muscle in the presence of 1 uM zinterol",B,,,BAO_0000190,BAO_0000249,cell membrane format,O=[N+]([O-])c1ccc(N2CCNCC2)cc1,,,CHEMBL1125380,J Med Chem,1992.0,"{'bei': '23.58', 'le': '0.44', 'lle': '3.89', 'sei': '8.37'}",,CHEMBL165012,,CHEMBL165012,4.89,0,http://www.openphacts.org/units/Nanomolar,322247,=,1,1,=,,IC50,nM,,13000.0,CHEMBL213,Homo sapiens,Beta-1 adrenergic receptor,9606,,,IC50,uM,UO_0000065,,13.0
,,1118997,[],CHEMBL646903,Compound was evaluated for its inhibitory activity against CHO cells expressing the cloned human beta-1 adrenergic receptor (AR) in the presence of [125I]iodocyanopindolol,F,,,BAO_0000190,BAO_0000219,cell-based format,CCCCCCNC(=O)Nc1ccc(S(=O)(=O)Nc2cccc(-c3cccc(CC4NCCc5cc(O)c(O)cc54)c3)c2)cc1,,,CHEMBL1132774,Bioorg Med Chem Lett,2000.0,,,CHEMBL308868,,CHEMBL308868,6.28,0,http://www.openphacts.org/units/Nanomolar,131769,=,1,1,=,,IC50,nM,,530.0,CHEMBL213,Homo sapiens,Beta-1 adrenergic receptor,9606,,,IC50,nM,UO_0000065,,530.0
,,1120195,[],CHEMBL649970,Compound was evaluated for its inhibitory activity against CHO cells expressing the cloned human Beta-1 adrenergic receptor in the presence of [125I]iodocyanopindolol,B,,,BAO_0000190,BAO_0000219,cell-based format,CCCCCCNC(=O)Nc1ccc(S(=O)(=O)Nc2ccc3cc(CC4NCCc5cc(O)c(O)cc54)ccc3c2)cc1,,,CHEMBL1132774,Bioorg Med Chem Lett,2000.0,"{'bei': '9.95', 'le': '0.19', 'lle': '-0.18', 'sei': '4.29'}",,CHEMBL67998,,CHEMBL67998,6.00,0,http://www.openphacts.org/units/Nanomolar,131774,=,1,1,=,,IC50,nM,,1000.0,CHEMBL213,Homo sapiens,Beta-1 adrenergic receptor,9606,,,IC50,nM,UO_0000065,,1000.0
,,1120639,[],CHEMBL654268,"Binding affinity for Beta-1 adrenergic receptor by displacing [3H]dihydroalprenolol, in partially purified membrane fractions from canine ventricular muscle in the presence of 1 uM zinterol",B,,,BAO_0000190,BAO_0000249,cell membrane format,CC(=O)c1ccc(N2CCNCC2)cc1,,,CHEMBL1125380,J Med Chem,1992.0,,,CHEMBL166330,,CHEMBL166330,,0,http://www.openphacts.org/units/Nanomolar,322246,>,1,1,>,,IC50,nM,,100000.0,CHEMBL213,Homo sapiens,Beta-1 adrenergic receptor,9606,,,IC50,uM,UO_0000065,,100.0
,,1120641,[],CHEMBL654268,"Binding affinity for Beta-1 adrenergic receptor by displacing [3H]dihydroalprenolol, in partially purified membrane fractions from canine ventricular muscle in the presence of 1 uM zinterol",B,,,BAO_0000190,BAO_0000249,cell membrane format,CN(c1ccc(C(=O)NCC2CN(c3ccccc3)CCN2)cc1)S(C)(=O)=O,,,CHEMBL1125380,J Med Chem,1992.0,"{'bei': '14.80', 'le': '0.29', 'lle': '4.67', 'sei': '7.29'}",,CHEMBL162200,,CHEMBL162200,5.96,0,http://www.openphacts.org/units/Nanomolar,322242,=,1,1,=,,IC50,nM,,1100.0,CHEMBL213,Homo sapiens,Beta-1 adrenergic receptor,9606,,,IC50,uM,UO_0000065,,1.1
,,1121351,[],CHEMBL884032,Compound was evaluated for its inhibitory activity against CHO cells expressing the cloned human beta-1 adrenergic receptor (AR) in the presence of [125I]-iodocyanopindolol,B,,,BAO_0000190,BAO_0000219,cell-based format,COc1cc(-c2ccc(CC3NCCc4cc(O)c(O)cc43)cc2)cc(OC)c1OC,,,CHEMBL1132774,Bioorg Med Chem Lett,2000.0,"{'bei': '13.63', 'le': '0.25', 'lle': '1.52', 'sei': '7.16'}",,CHEMBL421871,,CHEMBL421871,5.75,0,http://www.openphacts.org/units/Nanomolar,131772,=,1,1,=,,IC50,nM,,1800.0,CHEMBL213,Homo sapiens,Beta-1 adrenergic receptor,9606,,,IC50,nM,UO_0000065,,1800.0
,,1121816,[],CHEMBL654268,"Binding affinity for Beta-1 adrenergic receptor by displacing [3H]dihydroalprenolol, in partially purified membrane fractions from canine ventricular muscle in the presence of 1 uM zinterol",B,,,BAO_0000190,BAO_0000249,cell membrane format,Cc1ccc(N2CCNCC2)cc1,,,CHEMBL1125380,J Med Chem,1992.0,"{'bei': '25.08', 'le': '0.46', 'lle': '3.02', 'sei': '28.95'}",,CHEMBL165462,,CHEMBL165462,4.42,0,http://www.openphacts.org/units/Nanomolar,322231,=,1,1,=,,IC50,nM,,38000.0,CHEMBL213,Homo sapiens,Beta-1 adrenergic receptor,9606,,,IC50,uM,UO_0000065,,38.0
,,1122471,[],CHEMBL646903,Compound was evaluated for its inhibitory activity against CHO cells expressing the cloned human beta-1 adrenergic receptor (AR) in the presence of [125I]iodocyanopindolol,F,,,BAO_0000190,BAO_0000219,cell-based format,CCCCCCNC(=O)Nc1ccc(S(=O)(=O)Nc2ccc(-c3ccc(CC4NCCc5cc(O)c(O)cc54)cc3)cc2)cc1,,,CHEMBL1132774,Bioorg Med Chem Lett,2000.0,,,CHEMBL75604,,CHEMBL75604,5.52,0,http://www.openphacts.org/units/Nanomolar,131777,=,1,1,=,,IC50,nM,,3000.0,CHEMBL213,Homo sapiens,Beta-1 adrenergic receptor,9606,,,IC50,nM,UO_0000065,,3000.0
,,1123014,[],CHEMBL654268,"Binding affinity for Beta-1 adrenergic receptor by displacing [3H]dihydroalprenolol, in partially purified membrane fractions from canine ventricular muscle in the presence of 1 uM zinterol",B,,,BAO_0000190,BAO_0000249,cell membrane format,COc1cccc(N2CCNC(CNC(=O)c3ccc(NS(C)(=O)=O)cc3)C2)c1,,,CHEMBL1125380,J Med Chem,1992.0,"{'bei': '13.79', 'le': '0.27', 'lle': '4.50', 'sei': '5.78'}",,CHEMBL163587,,CHEMBL163587,5.77,0,http://www.openphacts.org/units/Nanomolar,322234,=,1,1,=,,IC50,nM,,1700.0,CHEMBL213,Homo sapiens,Beta-1 adrenergic receptor,9606,,,IC50,uM,UO_0000065,,1.7
,,1124237,[],CHEMBL654268,"Binding affinity for Beta-1 adrenergic receptor by displacing [3H]dihydroalprenolol, in partially purified membrane fractions from canine ventricular muscle in the presence of 1 uM zinterol",B,,,BAO_0000190,BAO_0000249,cell membrane format,CC(C)NCC(O)c1ccc(NS(C)(=O)=O)cc1,,,CHEMBL1125380,J Med Chem,1992.0,"{'bei': '18.53', 'le': '0.38', 'lle': '3.96', 'sei': '6.43'}",,CHEMBL471,SOTALOL,CHEMBL471,5.05,1,http://www.openphacts.org/units/Nanomolar,322244,=,1,1,=,,IC50,nM,,9000.0,CHEMBL213,Homo sapiens,Beta-1 adrenergic receptor,9606,,,IC50,uM,UO_0000065,,9.0
,,1126732,[],CHEMBL654268,"Binding affinity for Beta-1 adrenergic receptor by displacing [3H]dihydroalprenolol, in partially purified membrane fractions from canine ventricular muscle in the presence of 1 uM zinterol",B,,,BAO_0000190,BAO_0000249,cell membrane format,Cc1cccc(N2CCNCC2)c1,,,CHEMBL1125380,J Med Chem,1992.0,"{'bei': '27.92', 'le': '0.52', 'lle': '3.52', 'sei': '32.23'}",,CHEMBL165175,,CHEMBL165175,4.92,0,http://www.openphacts.org/units/Nanomolar,322248,=,1,1,=,,IC50,nM,,12000.0,CHEMBL213,Homo sapiens,Beta-1 adrenergic receptor,9606,,,IC50,uM,UO_0000065,,12.0
,,1127280,[],CHEMBL646903,Compound was evaluated for its inhibitory activity against CHO cells expressing the cloned human beta-1 adrenergic receptor (AR) in the presence of [125I]iodocyanopindolol,F,,,BAO_0000190,BAO_0000219,cell-based format,CCCCCCNC(=O)Nc1ccc(S(=O)(=O)Nc2cccc(-c3ccc(CC4NCCc5cc(O)c(O)cc54)cc3)c2)cc1,,,CHEMBL1132774,Bioorg Med Chem Lett,2000.0,,,CHEMBL305891,,CHEMBL305891,5.00,0,http://www.openphacts.org/units/Nanomolar,131770,=,1,1,=,,IC50,nM,,10000.0,CHEMBL213,Homo sapiens,Beta-1 adrenergic receptor,9606,,,IC50,nM,UO_0000065,,10000.0
,,1129269,[],CHEMBL654268,"Binding affinity for Beta-1 adrenergic receptor by displacing [3H]dihydroalprenolol, in partially purified membrane fractions from canine ventricular muscle in the presence of 1 uM zinterol",B,,,BAO_0000190,BAO_0000249,cell membrane format,O=C(NCC1CN(c2ccccc2)CCN1)c1ccc(-n2ccnc2)cc1,,,CHEMBL1125380,J Med Chem,1992.0,"{'bei': '17.34', 'le': '0.32', 'lle': '4.19', 'sei': '10.08'}",,CHEMBL350847,,CHEMBL350847,6.27,0,http://www.openphacts.org/units/Nanomolar,322243,=,1,1,=,,IC50,nM,,540.0,CHEMBL213,Homo sapiens,Beta-1 adrenergic receptor,9606,,,IC50,uM,UO_0000065,,0.54
,,1130281,[],CHEMBL654268,"Binding affinity for Beta-1 adrenergic receptor by displacing [3H]dihydroalprenolol, in partially purified membrane fractions from canine ventricular muscle in the presence of 1 uM zinterol",B,,,BAO_0000190,BAO_0000249,cell membrane format,Cc1ccccc1N1CCNCC1,,,CHEMBL1125380,J Med Chem,1992.0,"{'bei': '27.54', 'le': '0.51', 'lle': '3.45', 'sei': '31.79'}",,CHEMBL9746,,CHEMBL9746,4.85,0,http://www.openphacts.org/units/Nanomolar,322230,=,1,1,=,,IC50,nM,,14000.0,CHEMBL213,Homo sapiens,Beta-1 adrenergic receptor,9606,,,IC50,uM,UO_0000065,,14.0
,,1131408,[],CHEMBL654268,"Binding affinity for Beta-1 adrenergic receptor by displacing [3H]dihydroalprenolol, in partially purified membrane fractions from canine ventricular muscle in the presence of 1 uM zinterol",B,,,BAO_0000190,BAO_0000249,cell membrane format,CS(=O)(=O)Nc1ccc(NC(=O)C2CN(c3ccccc3)CCN2)cc1,,,CHEMBL1125380,J Med Chem,1992.0,,,CHEMBL163363,,CHEMBL163363,,0,http://www.openphacts.org/units/Nanomolar,322227,>,1,1,>,,IC50,nM,,100000.0,CHEMBL213,Homo sapiens,Beta-1 adrenergic receptor,9606,,,IC50,uM,UO_0000065,,100.0
,,1133816,[],CHEMBL654268,"Binding affinity for Beta-1 adrenergic receptor by displacing [3H]dihydroalprenolol, in partially purified membrane fractions from canine ventricular muscle in the presence of 1 uM zinterol",B,,,BAO_0000190,BAO_0000249,cell membrane format,CS(=O)(=O)Nc1ccc(C(=O)NCC2CN(c3ccccc3)CCN2)cc1,,,CHEMBL1125380,J Med Chem,1992.0,"{'bei': '17.49', 'le': '0.34', 'lle': '5.53', 'sei': '7.51'}",,CHEMBL162513,,CHEMBL162513,6.80,0,http://www.openphacts.org/units/Nanomolar,322233,=,1,1,=,,IC50,nM,,160.0,CHEMBL213,Homo sapiens,Beta-1 adrenergic receptor,9606,,,IC50,uM,UO_0000065,,0.16
,,1133827,[],CHEMBL654268,"Binding affinity for Beta-1 adrenergic receptor by displacing [3H]dihydroalprenolol, in partially purified membrane fractions from canine ventricular muscle in the presence of 1 uM zinterol",B,,,BAO_0000190,BAO_0000249,cell membrane format,O=C(NCC1CN(c2ccccc2)CCN1)c1ccccc1,,,CHEMBL1125380,J Med Chem,1992.0,"{'bei': '20.88', 'le': '0.38', 'lle': '4.28', 'sei': '13.90'}",,CHEMBL165901,,CHEMBL165901,6.17,0,http://www.openphacts.org/units/Nanomolar,322241,=,1,1,=,,IC50,nM,,680.0,CHEMBL213,Homo sapiens,Beta-1 adrenergic receptor,9606,,,IC50,uM,UO_0000065,,0.68
,,1136010,[],CHEMBL649970,Compound was evaluated for its inhibitory activity against CHO cells expressing the cloned human Beta-1 adrenergic receptor in the presence of [125I]iodocyanopindolol,B,,,BAO_0000190,BAO_0000219,cell-based format,CCCCCCNC(=O)Nc1ccc(S(=O)(=O)Nc2ccc(OCC3NCCc4cc(O)c(O)cc43)cc2)cc1,,,CHEMBL1132774,Bioorg Med Chem Lett,2000.0,"{'bei': '10.55', 'le': '0.20', 'lle': '1.13', 'sei': '4.03'}",,CHEMBL308126,,CHEMBL308126,6.00,0,http://www.openphacts.org/units/Nanomolar,131775,=,1,1,=,,IC50,nM,,1000.0,CHEMBL213,Homo sapiens,Beta-1 adrenergic receptor,9606,,,IC50,nM,UO_0000065,,1000.0
,,1136481,[],CHEMBL654268,"Binding affinity for Beta-1 adrenergic receptor by displacing [3H]dihydroalprenolol, in partially purified membrane fractions from canine ventricular muscle in the presence of 1 uM zinterol",B,,,BAO_0000190,BAO_0000249,cell membrane format,Clc1ccc(N2CCNCC2)cc1,,,CHEMBL1125380,J Med Chem,1992.0,"{'bei': '24.53', 'le': '0.51', 'lle': '3.07', 'sei': '31.59'}",,CHEMBL114478,,CHEMBL114478,4.82,0,http://www.openphacts.org/units/Nanomolar,322229,=,1,1,=,,IC50,nM,,15000.0,CHEMBL213,Homo sapiens,Beta-1 adrenergic receptor,9606,,,IC50,uM,UO_0000065,,15.0
,,1137829,[],CHEMBL654268,"Binding affinity for Beta-1 adrenergic receptor by displacing [3H]dihydroalprenolol, in partially purified membrane fractions from canine ventricular muscle in the presence of 1 uM zinterol",B,,,BAO_0000190,BAO_0000249,cell membrane format,COc1ccccc1N1CCNC(CNC(=O)c2ccc(NS(C)(=O)=O)cc2)C1,,,CHEMBL1125380,J Med Chem,1992.0,"{'bei': '15.86', 'le': '0.31', 'lle': '5.37', 'sei': '6.65'}",,CHEMBL349978,,CHEMBL349978,6.64,0,http://www.openphacts.org/units/Nanomolar,322245,=,1,1,=,,IC50,nM,,230.0,CHEMBL213,Homo sapiens,Beta-1 adrenergic receptor,9606,,,IC50,uM,UO_0000065,,0.23
,,1138502,[],CHEMBL649970,Compound was evaluated for its inhibitory activity against CHO cells expressing the cloned human Beta-1 adrenergic receptor in the presence of [125I]iodocyanopindolol,B,,,BAO_0000190,BAO_0000219,cell-based format,CCCCCCNC(=O)Nc1ccc(S(=O)(=O)Nc2ccc(CC3NCCc4cc(O)c(O)cc43)cc2)cc1,,,CHEMBL1132774,Bioorg Med Chem Lett,2000.0,"{'bei': '10.71', 'le': '0.21', 'lle': '0.89', 'sei': '4.24'}",,CHEMBL74085,,CHEMBL74085,5.92,0,http://www.openphacts.org/units/Nanomolar,131768,=,1,1,=,,IC50,nM,,1200.0,CHEMBL213,Homo sapiens,Beta-1 adrenergic receptor,9606,,,IC50,nM,UO_0000065,,1200.0
,,1138982,[],CHEMBL654268,"Binding affinity for Beta-1 adrenergic receptor by displacing [3H]dihydroalprenolol, in partially purified membrane fractions from canine ventricular muscle in the presence of 1 uM zinterol",B,,,BAO_0000190,BAO_0000249,cell membrane format,CS(=O)(=O)Nc1ccc(NCC2CNCCN2c2ccccc2)cc1,,,CHEMBL1125380,J Med Chem,1992.0,"{'bei': '12.72', 'le': '0.25', 'lle': '2.64', 'sei': '6.24'}",,CHEMBL351183,,CHEMBL351183,4.58,0,http://www.openphacts.org/units/Nanomolar,322226,=,1,1,=,,IC50,nM,,26000.0,CHEMBL213,Homo sapiens,Beta-1 adrenergic receptor,9606,,,IC50,uM,UO_0000065,,26.0
,,1143379,[],CHEMBL654208,"Binding affinity towards human Beta-1 adrenergic receptor expressed in CHO cells, using 125I]iodocyanopindolol",B,,,BAO_0000190,BAO_0000219,cell-based format,O=C1N(CCCC(F)(F)C(F)(F)F)CCN1c1ccc(S(=O)(=O)Nc2ccc(CCNC[C@H](O)c3cccnc3)cc2)cc1,,,CHEMBL1132064,Bioorg Med Chem Lett,1999.0,"{'bei': '7.79', 'le': '0.16', 'lle': '0.03', 'sei': '4.35'}",,CHEMBL83754,,CHEMBL83754,5.00,0,http://www.openphacts.org/units/Nanomolar,322973,=,1,1,=,,IC50,nM,,10000.0,CHEMBL213,Homo sapiens,Beta-1 adrenergic receptor,9606,,,IC50,nM,UO_0000065,,10000.0
,,1143457,[],CHEMBL649969,Binding affinity (measured using [125I]iodocyanopindolol) against human Beta-1 adrenergic receptor expressed in CHO cells,B,,,BAO_0000190,BAO_0000219,cell-based format,CCCCCCc1csc(-c2ccc(S(=O)(=O)Nc3ccc(CCNC[C@H](O)c4cccnc4)cc3)cc2)n1,,,CHEMBL1133294,Bioorg Med Chem Lett,2000.0,"{'bei': '7.79', 'le': '0.15', 'lle': '-1.59', 'sei': '4.22'}",,CHEMBL291992,,CHEMBL291992,4.40,0,http://www.openphacts.org/units/Nanomolar,103043,=,1,1,=,,IC50,nM,,40000.0,CHEMBL213,Homo sapiens,Beta-1 adrenergic receptor,9606,,,IC50,nM,UO_0000065,,40000.0
,,1143461,[],CHEMBL649969,Binding affinity (measured using [125I]iodocyanopindolol) against human Beta-1 adrenergic receptor expressed in CHO cells,B,,,BAO_0000190,BAO_0000219,cell-based format,O=S(=O)(Nc1ccc(CCNC[C@H](O)c2cccnc2)cc1)c1ccc(-c2nc(-c3c[nH]c4ccccc34)cs2)cc1,,,CHEMBL1133294,Bioorg Med Chem Lett,2000.0,"{'bei': '7.59', 'le': '0.15', 'lle': '-1.50', 'sei': '3.77'}",,CHEMBL291516,,CHEMBL291516,4.52,0,http://www.openphacts.org/units/Nanomolar,103052,=,1,1,=,,IC50,nM,,30000.0,CHEMBL213,Homo sapiens,Beta-1 adrenergic receptor,9606,,,IC50,nM,UO_0000065,,30000.0
,,1143465,[],CHEMBL649969,Binding affinity (measured using [125I]iodocyanopindolol) against human Beta-1 adrenergic receptor expressed in CHO cells,B,,,BAO_0000190,BAO_0000219,cell-based format,O=S(=O)(Nc1ccc(CCNC[C@H](O)c2cccnc2)cc1)c1ccc(-c2nc(-c3ccc(O)cc3)cs2)cc1,,,CHEMBL1133294,Bioorg Med Chem Lett,2000.0,"{'bei': '10.40', 'le': '0.20', 'lle': '0.72', 'sei': '4.79'}",,CHEMBL61962,,CHEMBL61962,5.96,0,http://www.openphacts.org/units/Nanomolar,103059,=,1,1,=,,IC50,nM,,1100.0,CHEMBL213,Homo sapiens,Beta-1 adrenergic receptor,9606,,,IC50,nM,UO_0000065,,1100.0
,,1143469,[],CHEMBL649969,Binding affinity (measured using [125I]iodocyanopindolol) against human Beta-1 adrenergic receptor expressed in CHO cells,B,,,BAO_0000190,BAO_0000219,cell-based format,O=S(=O)(Nc1ccc(CCNC[C@H](O)c2cccnc2)cc1)c1ccc(Cc2nc(Cc3ccc4ccccc4c3)cs2)cc1,,,CHEMBL1133294,Bioorg Med Chem Lett,2000.0,"{'bei': '8.82', 'le': '0.17', 'lle': '-0.94', 'sei': '5.38'}",,CHEMBL61429,,CHEMBL61429,5.60,0,http://www.openphacts.org/units/Nanomolar,103056,=,1,1,=,,IC50,nM,,2500.0,CHEMBL213,Homo sapiens,Beta-1 adrenergic receptor,9606,,,IC50,nM,UO_0000065,,2500.0
,,1144709,[],CHEMBL654208,"Binding affinity towards human Beta-1 adrenergic receptor expressed in CHO cells, using 125I]iodocyanopindolol",B,,,BAO_0000190,BAO_0000219,cell-based format,CCCCCCN1CCN(c2ccc(S(=O)(=O)Nc3ccc(CCNC[C@H](O)c4cccnc4)cc3)cc2)C1=O,,,CHEMBL1132064,Bioorg Med Chem Lett,1999.0,"{'bei': '9.37', 'le': '0.18', 'lle': '0.73', 'sei': '4.61'}",,CHEMBL82296,,CHEMBL82296,5.30,0,http://www.openphacts.org/units/Nanomolar,322981,=,1,1,=,,IC50,nM,,5000.0,CHEMBL213,Homo sapiens,Beta-1 adrenergic receptor,9606,,,IC50,nM,UO_0000065,,5000.0
,,1144789,[],CHEMBL649969,Binding affinity (measured using [125I]iodocyanopindolol) against human Beta-1 adrenergic receptor expressed in CHO cells,B,,,BAO_0000190,BAO_0000219,cell-based format,O=S(=O)(Nc1ccc(CCNC[C@H](O)c2cccnc2)cc1)c1ccc(-c2nc(-c3cc4ccccc4s3)cs2)cc1,,,CHEMBL1133294,Bioorg Med Chem Lett,2000.0,"{'bei': '6.53', 'le': '0.13', 'lle': '-2.75', 'sei': '3.84'}",,CHEMBL291306,,CHEMBL291306,4.00,0,http://www.openphacts.org/units/Nanomolar,103062,=,1,1,=,,IC50,nM,,100000.0,CHEMBL213,Homo sapiens,Beta-1 adrenergic receptor,9606,,,IC50,nM,UO_0000065,,100000.0
,,1146110,[],CHEMBL649969,Binding affinity (measured using [125I]iodocyanopindolol) against human Beta-1 adrenergic receptor expressed in CHO cells,B,,,BAO_0000190,BAO_0000219,cell-based format,O=S(=O)(Nc1ccc(CCNC[C@H](O)c2cccnc2)cc1)c1ccc(-c2nc(-c3ccc(F)cc3)cs2)cc1,,,CHEMBL1133294,Bioorg Med Chem Lett,2000.0,"{'bei': '10.13', 'le': '0.20', 'lle': '0.14', 'sei': '5.59'}",,CHEMBL58798,,CHEMBL58798,5.82,0,http://www.openphacts.org/units/Nanomolar,103046,=,1,1,=,,IC50,nM,,1500.0,CHEMBL213,Homo sapiens,Beta-1 adrenergic receptor,9606,,,IC50,nM,UO_0000065,,1500.0
,,1147529,[],CHEMBL649969,Binding affinity (measured using [125I]iodocyanopindolol) against human Beta-1 adrenergic receptor expressed in CHO cells,B,,,BAO_0000190,BAO_0000219,cell-based format,CC(=O)Nc1ccc(-c2csc(-c3ccc(S(=O)(=O)Nc4ccc(CCNC[C@H](O)c5cccnc5)cc4)cc3)n2)cc1,,,CHEMBL1133294,Bioorg Med Chem Lett,2000.0,"{'bei': '9.80', 'le': '0.19', 'lle': '0.52', 'sei': '4.51'}",,CHEMBL291594,,CHEMBL291594,6.02,0,http://www.openphacts.org/units/Nanomolar,103058,=,1,1,=,,IC50,nM,,960.0,CHEMBL213,Homo sapiens,Beta-1 adrenergic receptor,9606,,,IC50,nM,UO_0000065,,960.0
,,1152247,[],CHEMBL654208,"Binding affinity towards human Beta-1 adrenergic receptor expressed in CHO cells, using 125I]iodocyanopindolol",B,,,BAO_0000190,BAO_0000219,cell-based format,CCCCCCn1ccn(-c2ccc(S(=O)(=O)Nc3ccc(CCNC[C@H](O)c4cccnc4)cc3)cc2)c1=O,,,CHEMBL1132064,Bioorg Med Chem Lett,1999.0,"{'bei': '8.42', 'le': '0.16', 'lle': '0.46', 'sei': '4.01'}",,CHEMBL22386,L-764646,CHEMBL22386,4.75,0,http://www.openphacts.org/units/Nanomolar,322965,=,1,1,=,,IC50,nM,,18000.0,CHEMBL213,Homo sapiens,Beta-1 adrenergic receptor,9606,,,IC50,nM,UO_0000065,,18000.0
,,1152350,[],CHEMBL649969,Binding affinity (measured using [125I]iodocyanopindolol) against human Beta-1 adrenergic receptor expressed in CHO cells,B,,,BAO_0000190,BAO_0000219,cell-based format,O=S(=O)(Nc1ccc(CCNC[C@H](O)c2cccnc2)cc1)c1ccc(-c2nc(Cc3ccc4ccccc4c3)cs2)cc1,,,CHEMBL1133294,Bioorg Med Chem Lett,2000.0,"{'bei': '8.83', 'le': '0.17', 'lle': '-1.14', 'sei': '5.26'}",,CHEMBL418308,,CHEMBL418308,5.48,0,http://www.openphacts.org/units/Nanomolar,103064,=,1,1,=,,IC50,nM,,3300.0,CHEMBL213,Homo sapiens,Beta-1 adrenergic receptor,9606,,,IC50,nM,UO_0000065,,3300.0
,,1153540,[],CHEMBL654208,"Binding affinity towards human Beta-1 adrenergic receptor expressed in CHO cells, using 125I]iodocyanopindolol",B,,,BAO_0000190,BAO_0000219,cell-based format,CN1CCN(c2ccc(S(=O)(=O)Nc3ccc(CCNC[C@H](O)c4cccnc4)cc3)cc2)C1=O,,,CHEMBL1132064,Bioorg Med Chem Lett,1999.0,"{'bei': '10.09', 'le': '0.20', 'lle': '2.38', 'sei': '4.35'}",,CHEMBL164401,,CHEMBL164401,5.00,0,http://www.openphacts.org/units/Nanomolar,322970,=,1,1,=,,IC50,nM,,10000.0,CHEMBL213,Homo sapiens,Beta-1 adrenergic receptor,9606,,,IC50,nM,UO_0000065,,10000.0
,,1153544,[],CHEMBL654208,"Binding affinity towards human Beta-1 adrenergic receptor expressed in CHO cells, using 125I]iodocyanopindolol",B,,,BAO_0000190,BAO_0000219,cell-based format,O=C1N(CCCC(F)(F)F)CCN1c1ccc(S(=O)(=O)Nc2ccc(CCNC[C@H](O)c3cccnc3)cc2)cc1,,,CHEMBL1132064,Bioorg Med Chem Lett,1999.0,"{'bei': '8.45', 'le': '0.17', 'lle': '0.67', 'sei': '4.35'}",,CHEMBL79675,,CHEMBL79675,5.00,0,http://www.openphacts.org/units/Nanomolar,322974,=,1,1,=,,IC50,nM,,10000.0,CHEMBL213,Homo sapiens,Beta-1 adrenergic receptor,9606,,,IC50,nM,UO_0000065,,10000.0
,,1153623,[],CHEMBL649969,Binding affinity (measured using [125I]iodocyanopindolol) against human Beta-1 adrenergic receptor expressed in CHO cells,B,,,BAO_0000190,BAO_0000219,cell-based format,O=S(=O)(Nc1ccc(CCNC[C@H](O)c2cccnc2)cc1)c1ccc(-c2nc(-c3cnc4ccccc4c3)cs2)cc1,,,CHEMBL1133294,Bioorg Med Chem Lett,2000.0,"{'bei': '7.77', 'le': '0.15', 'lle': '-1.37', 'sei': '4.03'}",,CHEMBL293577,,CHEMBL293577,4.72,0,http://www.openphacts.org/units/Nanomolar,103051,=,1,1,=,,IC50,nM,,19000.0,CHEMBL213,Homo sapiens,Beta-1 adrenergic receptor,9606,,,IC50,nM,UO_0000065,,19000.0
,,1154818,[],CHEMBL654208,"Binding affinity towards human Beta-1 adrenergic receptor expressed in CHO cells, using 125I]iodocyanopindolol",B,,,BAO_0000190,BAO_0000219,cell-based format,O=C1N(CCC2CCCCC2)CCN1c1ccc(S(=O)(=O)Nc2ccc(CCNC[C@H](O)c3cccnc3)cc2)cc1,,,CHEMBL1132064,Bioorg Med Chem Lett,1999.0,"{'bei': '9.12', 'le': '0.18', 'lle': '0.44', 'sei': '4.70'}",,CHEMBL350590,,CHEMBL350590,5.40,0,http://www.openphacts.org/units/Nanomolar,322964,=,1,1,=,,IC50,nM,,4000.0,CHEMBL213,Homo sapiens,Beta-1 adrenergic receptor,9606,,,IC50,nM,UO_0000065,,4000.0
,,1154971,[],CHEMBL649969,Binding affinity (measured using [125I]iodocyanopindolol) against human Beta-1 adrenergic receptor expressed in CHO cells,B,,,BAO_0000190,BAO_0000219,cell-based format,O=S(=O)(Nc1ccc(CCNC[C@H](O)c2cccnc2)cc1)c1ccc(-c2nc(CCCC3CCCC3)cs2)cc1,,,CHEMBL1133294,Bioorg Med Chem Lett,2000.0,"{'bei': '8.73', 'le': '0.17', 'lle': '-1.23', 'sei': '4.95'}",,CHEMBL294172,,CHEMBL294172,5.16,0,http://www.openphacts.org/units/Nanomolar,103067,=,1,1,=,,IC50,nM,,7000.0,CHEMBL213,Homo sapiens,Beta-1 adrenergic receptor,9606,,,IC50,nM,UO_0000065,,7000.0
,,1156208,[],CHEMBL654208,"Binding affinity towards human Beta-1 adrenergic receptor expressed in CHO cells, using 125I]iodocyanopindolol",B,,,BAO_0000190,BAO_0000219,cell-based format,O=c1n(CCCC(F)(F)F)ccn1-c1ccc(S(=O)(=O)Nc2ccc(CCNC[C@H](O)c3cccnc3)cc2)cc1,,,CHEMBL1132064,Bioorg Med Chem Lett,1999.0,"{'bei': '6.78', 'le': '0.13', 'lle': '-0.04', 'sei': '3.38'}",,CHEMBL349689,,CHEMBL349689,4.00,0,http://www.openphacts.org/units/Nanomolar,322968,=,1,1,=,,IC50,nM,,100000.0,CHEMBL213,Homo sapiens,Beta-1 adrenergic receptor,9606,,,IC50,nM,UO_0000065,,100000.0
,,1157604,[],CHEMBL649969,Binding affinity (measured using [125I]iodocyanopindolol) against human Beta-1 adrenergic receptor expressed in CHO cells,B,,,BAO_0000190,BAO_0000219,cell-based format,O=S(=O)(Nc1ccc(CCNC[C@H](O)c2cccnc2)cc1)c1ccc(-c2nc(-c3ccc4ccccc4c3)cs2)cc1,,,CHEMBL1133294,Bioorg Med Chem Lett,2000.0,"{'bei': '8.05', 'le': '0.16', 'lle': '-1.80', 'sei': '4.69'}",,CHEMBL58407,,CHEMBL58407,4.89,0,http://www.openphacts.org/units/Nanomolar,103063,=,1,1,=,,IC50,nM,,13000.0,CHEMBL213,Homo sapiens,Beta-1 adrenergic receptor,9606,,,IC50,nM,UO_0000065,,13000.0
,,1157608,[],CHEMBL649969,Binding affinity (measured using [125I]iodocyanopindolol) against human Beta-1 adrenergic receptor expressed in CHO cells,B,,,BAO_0000190,BAO_0000219,cell-based format,CC(C)(C)c1ccc(-c2csc(-c3ccc(S(=O)(=O)Nc4ccc(CCNC[C@H](O)c5cccnc5)cc4)cc3)n2)cc1,,,CHEMBL1133294,Bioorg Med Chem Lett,2000.0,"{'bei': '9.46', 'le': '0.18', 'lle': '-1.04', 'sei': '5.56'}",,CHEMBL294753,,CHEMBL294753,5.80,0,http://www.openphacts.org/units/Nanomolar,103060,=,1,1,=,,IC50,nM,,1600.0,CHEMBL213,Homo sapiens,Beta-1 adrenergic receptor,9606,,,IC50,nM,UO_0000065,,1600.0
,,1158741,[],CHEMBL654208,"Binding affinity towards human Beta-1 adrenergic receptor expressed in CHO cells, using 125I]iodocyanopindolol",B,,,BAO_0000190,BAO_0000219,cell-based format,O=C1N(CCCC2CCCCC2)CCN1c1ccc(S(=O)(=O)Nc2ccc(CCNC[C@H](O)c3cccnc3)cc2)cc1,,,CHEMBL1132064,Bioorg Med Chem Lett,1999.0,"{'bei': '9.90', 'le': '0.19', 'lle': '0.65', 'sei': '5.22'}",,CHEMBL165177,,CHEMBL165177,6.00,0,http://www.openphacts.org/units/Nanomolar,322963,=,1,1,=,,IC50,nM,,1000.0,CHEMBL213,Homo sapiens,Beta-1 adrenergic receptor,9606,,,IC50,nM,UO_0000065,,1000.0
,,1161604,[],CHEMBL649969,Binding affinity (measured using [125I]iodocyanopindolol) against human Beta-1 adrenergic receptor expressed in CHO cells,B,,,BAO_0000190,BAO_0000219,cell-based format,CCCCCCCCc1csc(-c2ccc(S(=O)(=O)Nc3ccc(CCNC[C@H](O)c4cccnc4)cc3)cc2)n1,,,CHEMBL1133294,Bioorg Med Chem Lett,2000.0,"{'bei': '9.16', 'le': '0.18', 'lle': '-1.34', 'sei': '5.21'}",,CHEMBL60281,,CHEMBL60281,5.43,0,http://www.openphacts.org/units/Nanomolar,103068,=,1,1,=,,IC50,nM,,3700.0,CHEMBL213,Homo sapiens,Beta-1 adrenergic receptor,9606,,,IC50,nM,UO_0000065,,3700.0
,,1164448,[],CHEMBL649969,Binding affinity (measured using [125I]iodocyanopindolol) against human Beta-1 adrenergic receptor expressed in CHO cells,B,,,BAO_0000190,BAO_0000219,cell-based format,CCCCCCCCc1csc(Cc2ccc(S(=O)(=O)Nc3ccc(CCNC[C@H](O)c4cccnc4)cc3)cc2)n1,,,CHEMBL1133294,Bioorg Med Chem Lett,2000.0,"{'bei': '10.00', 'le': '0.20', 'lle': '-0.63', 'sei': '5.83'}",,CHEMBL291593,,CHEMBL291593,6.07,0,http://www.openphacts.org/units/Nanomolar,103057,=,1,1,=,,IC50,nM,,850.0,CHEMBL213,Homo sapiens,Beta-1 adrenergic receptor,9606,,,IC50,nM,UO_0000065,,850.0
,,1165505,[],CHEMBL654208,"Binding affinity towards human Beta-1 adrenergic receptor expressed in CHO cells, using 125I]iodocyanopindolol",B,,,BAO_0000190,BAO_0000219,cell-based format,CCCCCCCCn1ccn(-c2ccc(S(=O)(=O)Nc3ccc(CCNC[C@H](O)c4cccnc4)cc3)cc2)c1=O,,,CHEMBL1132064,Bioorg Med Chem Lett,1999.0,"{'bei': '8.89', 'le': '0.17', 'lle': '0.20', 'sei': '4.45'}",,CHEMBL83753,,CHEMBL83753,5.26,0,http://www.openphacts.org/units/Nanomolar,322969,=,1,1,=,,IC50,nM,,5500.0,CHEMBL213,Homo sapiens,Beta-1 adrenergic receptor,9606,,,IC50,nM,UO_0000065,,5500.0
,,1165579,[],CHEMBL654208,"Binding affinity towards human Beta-1 adrenergic receptor expressed in CHO cells, using 125I]iodocyanopindolol",B,,,BAO_0000190,BAO_0000219,cell-based format,COCCCCN1CCN(c2ccc(S(=O)(=O)Nc3ccc(CCNC[C@H](O)c4cccnc4)cc3)cc2)C1=O,,,CHEMBL1132064,Bioorg Med Chem Lett,1999.0,"{'bei': '7.58', 'le': '0.15', 'lle': '0.88', 'sei': '3.47'}",,CHEMBL434284,,CHEMBL434284,4.30,0,http://www.openphacts.org/units/Nanomolar,322971,=,1,1,=,,IC50,nM,,50000.0,CHEMBL213,Homo sapiens,Beta-1 adrenergic receptor,9606,,,IC50,nM,UO_0000065,,50000.0
,,1167177,[],CHEMBL649969,Binding affinity (measured using [125I]iodocyanopindolol) against human Beta-1 adrenergic receptor expressed in CHO cells,B,,,BAO_0000190,BAO_0000219,cell-based format,O=S(=O)(Nc1ccc(CCNC[C@H](O)c2cccnc2)cc1)c1ccc(-c2nc(CCc3ccccc3)cs2)cc1,,,CHEMBL1133294,Bioorg Med Chem Lett,2000.0,"{'bei': '8.63', 'le': '0.17', 'lle': '-0.61', 'sei': '4.84'}",,CHEMBL59270,,CHEMBL59270,5.05,0,http://www.openphacts.org/units/Nanomolar,103065,=,1,1,=,,IC50,nM,,9000.0,CHEMBL213,Homo sapiens,Beta-1 adrenergic receptor,9606,,,IC50,nM,UO_0000065,,9000.0
,,1168292,[],CHEMBL654208,"Binding affinity towards human Beta-1 adrenergic receptor expressed in CHO cells, using 125I]iodocyanopindolol",B,,,BAO_0000190,BAO_0000219,cell-based format,O=c1n(CCCC2CCCC2)ccn1-c1ccc(S(=O)(=O)Nc2ccc(CCNC[C@H](O)c3cccnc3)cc2)cc1,,,CHEMBL1132064,Bioorg Med Chem Lett,1999.0,"{'bei': '8.95', 'le': '0.17', 'lle': '0.61', 'sei': '4.46'}",,CHEMBL349651,,CHEMBL349651,5.28,0,http://www.openphacts.org/units/Nanomolar,322967,=,1,1,=,,IC50,nM,,5300.0,CHEMBL213,Homo sapiens,Beta-1 adrenergic receptor,9606,,,IC50,nM,UO_0000065,,5300.0
,,1169666,[],CHEMBL654208,"Binding affinity towards human Beta-1 adrenergic receptor expressed in CHO cells, using 125I]iodocyanopindolol",B,,,BAO_0000190,BAO_0000219,cell-based format,CCCCCCCCN1CCN(c2ccc(S(=O)(=O)Nc3ccc(CCNC[C@H](O)c4cccnc4)cc3)cc2)C1=O,,,CHEMBL1132064,Bioorg Med Chem Lett,1999.0,"{'bei': '10.50', 'le': '0.20', 'lle': '0.89', 'sei': '5.43'}",,CHEMBL84190,,CHEMBL84190,6.24,1,http://www.openphacts.org/units/Nanomolar,322983,=,1,1,=,,IC50,nM,,580.0,CHEMBL213,Homo sapiens,Beta-1 adrenergic receptor,9606,,,IC50,nM,UO_0000065,,580.0
,,1169670,[],CHEMBL654208,"Binding affinity towards human Beta-1 adrenergic receptor expressed in CHO cells, using 125I]iodocyanopindolol",B,,,BAO_0000190,BAO_0000219,cell-based format,O=C(CCN1CCN(c2ccc(S(=O)(=O)Nc3ccc(CCNC[C@H](O)c4cccnc4)cc3)cc2)C1=O)N1CCCC1,,,CHEMBL1132064,Bioorg Med Chem Lett,1999.0,"{'bei': '6.59', 'le': '0.13', 'lle': '1.00', 'sei': '2.96'}",,CHEMBL79915,,CHEMBL79915,4.00,0,http://www.openphacts.org/units/Nanomolar,322978,=,1,1,=,,IC50,nM,,100000.0,CHEMBL213,Homo sapiens,Beta-1 adrenergic receptor,9606,,,IC50,nM,UO_0000065,,100000.0
,,1169754,[],CHEMBL649969,Binding affinity (measured using [125I]iodocyanopindolol) against human Beta-1 adrenergic receptor expressed in CHO cells,B,,,BAO_0000190,BAO_0000219,cell-based format,O=S(=O)(Nc1ccc(CCNC[C@H](O)c2cccnc2)cc1)c1ccc(-c2nc(Cc3ccc(F)cc3)cs2)cc1,,,CHEMBL1133294,Bioorg Med Chem Lett,2000.0,"{'bei': '9.38', 'le': '0.18', 'lle': '-0.08', 'sei': '5.30'}",,CHEMBL430594,,CHEMBL430594,5.52,0,http://www.openphacts.org/units/Nanomolar,103047,=,1,1,=,,IC50,nM,,3000.0,CHEMBL213,Homo sapiens,Beta-1 adrenergic receptor,9606,,,IC50,nM,UO_0000065,,3000.0
,,1170861,[],CHEMBL654208,"Binding affinity towards human Beta-1 adrenergic receptor expressed in CHO cells, using 125I]iodocyanopindolol",B,,,BAO_0000190,BAO_0000219,cell-based format,O=C1N(CCCc2ccccc2)CCN1c1ccc(S(=O)(=O)Nc2ccc(CCNC[C@H](O)c3cccnc3)cc2)cc1,,,CHEMBL1132064,Bioorg Med Chem Lett,1999.0,"{'bei': '9.00', 'le': '0.17', 'lle': '0.78', 'sei': '4.70'}",,CHEMBL166188,,CHEMBL166188,5.40,0,http://www.openphacts.org/units/Nanomolar,322977,=,1,1,=,,IC50,nM,,4000.0,CHEMBL213,Homo sapiens,Beta-1 adrenergic receptor,9606,,,IC50,nM,UO_0000065,,4000.0
,,1172032,[],CHEMBL654208,"Binding affinity towards human Beta-1 adrenergic receptor expressed in CHO cells, using 125I]iodocyanopindolol",B,,,BAO_0000190,BAO_0000219,cell-based format,O=C1N(Cc2ccc(F)c(F)c2)CCN1c1ccc(S(=O)(=O)Nc2ccc(CCNC[C@H](O)c3cccnc3)cc2)cc1,,,CHEMBL1132064,Bioorg Med Chem Lett,1999.0,"{'bei': '8.72', 'le': '0.17', 'lle': '0.83', 'sei': '4.61'}",,CHEMBL350931,,CHEMBL350931,5.30,0,http://www.openphacts.org/units/Nanomolar,322975,=,1,1,=,,IC50,nM,,5000.0,CHEMBL213,Homo sapiens,Beta-1 adrenergic receptor,9606,,,IC50,nM,UO_0000065,,5000.0
,,1172036,[],CHEMBL654208,"Binding affinity towards human Beta-1 adrenergic receptor expressed in CHO cells, using 125I]iodocyanopindolol",B,,,BAO_0000190,BAO_0000219,cell-based format,O=C1N(CCCC2CCCC2)CCN1c1ccc(S(=O)(=O)Nc2ccc(CCNC[C@H](O)c3cccnc3)cc2)cc1,,,CHEMBL1132064,Bioorg Med Chem Lett,1999.0,"{'bei': '9.50', 'le': '0.18', 'lle': '0.66', 'sei': '4.89'}",,CHEMBL22317,L-766892,CHEMBL22317,5.62,0,http://www.openphacts.org/units/Nanomolar,322972,=,1,1,=,,IC50,nM,,2400.0,CHEMBL213,Homo sapiens,Beta-1 adrenergic receptor,9606,,,IC50,nM,UO_0000065,,2400.0
,,1172157,[],CHEMBL649969,Binding affinity (measured using [125I]iodocyanopindolol) against human Beta-1 adrenergic receptor expressed in CHO cells,B,,,BAO_0000190,BAO_0000219,cell-based format,CCCCCCc1ccc(-c2csc(-c3ccc(S(=O)(=O)Nc4ccc(CCNC[C@H](O)c5cccnc5)cc4)cc3)n2)cc1,,,CHEMBL1133294,Bioorg Med Chem Lett,2000.0,"{'bei': '6.68', 'le': '0.13', 'lle': '-3.38', 'sei': '4.11'}",,CHEMBL58241,,CHEMBL58241,4.28,0,http://www.openphacts.org/units/Nanomolar,103044,=,1,1,=,,IC50,nM,,52000.0,CHEMBL213,Homo sapiens,Beta-1 adrenergic receptor,9606,,,IC50,nM,UO_0000065,,52000.0
,,1173417,[],CHEMBL654208,"Binding affinity towards human Beta-1 adrenergic receptor expressed in CHO cells, using 125I]iodocyanopindolol",B,,,BAO_0000190,BAO_0000219,cell-based format,O=c1n(Cc2ccc(F)c(F)c2)ccn1-c1ccc(S(=O)(=O)Nc2ccc(CCNC[C@H](O)c3cccnc3)cc2)cc1,,,CHEMBL1132064,Bioorg Med Chem Lett,1999.0,"{'bei': '7.54', 'le': '0.15', 'lle': '0.54', 'sei': '3.86'}",,CHEMBL349505,,CHEMBL349505,4.57,0,http://www.openphacts.org/units/Nanomolar,322966,=,1,1,=,,IC50,nM,,27000.0,CHEMBL213,Homo sapiens,Beta-1 adrenergic receptor,9606,,,IC50,nM,UO_0000065,,27000.0
,,1174681,[],CHEMBL654208,"Binding affinity towards human Beta-1 adrenergic receptor expressed in CHO cells, using 125I]iodocyanopindolol",B,,,BAO_0000190,BAO_0000219,cell-based format,CCCCCN1CCN(c2ccc(S(=O)(=O)Nc3ccc(CCNC[C@H](O)c4cccnc4)cc3)cc2)C1=O,,,CHEMBL1132064,Bioorg Med Chem Lett,1999.0,"{'bei': '9.06', 'le': '0.18', 'lle': '0.82', 'sei': '4.35'}",,CHEMBL165015,,CHEMBL165015,5.00,0,http://www.openphacts.org/units/Nanomolar,322984,=,1,1,=,,IC50,nM,,10000.0,CHEMBL213,Homo sapiens,Beta-1 adrenergic receptor,9606,,,IC50,nM,UO_0000065,,10000.0
,,1174685,[],CHEMBL654208,"Binding affinity towards human Beta-1 adrenergic receptor expressed in CHO cells, using 125I]iodocyanopindolol",B,,,BAO_0000190,BAO_0000219,cell-based format,CCCCCCCN1CCN(c2ccc(S(=O)(=O)Nc3ccc(CCNC[C@H](O)c4cccnc4)cc3)cc2)C1=O,,,CHEMBL1132064,Bioorg Med Chem Lett,1999.0,"{'bei': '9.53', 'le': '0.18', 'lle': '0.56', 'sei': '4.81'}",,CHEMBL165513,,CHEMBL165513,5.52,0,http://www.openphacts.org/units/Nanomolar,322982,=,1,1,=,,IC50,nM,,3000.0,CHEMBL213,Homo sapiens,Beta-1 adrenergic receptor,9606,,,IC50,nM,UO_0000065,,3000.0
,,1176106,[],CHEMBL654208,"Binding affinity towards human Beta-1 adrenergic receptor expressed in CHO cells, using 125I]iodocyanopindolol",B,,,BAO_0000190,BAO_0000219,cell-based format,CCCCN1CCN(c2ccc(S(=O)(=O)Nc3ccc(CCNC[C@H](O)c4cccnc4)cc3)cc2)C1=O,,,CHEMBL1132064,Bioorg Med Chem Lett,1999.0,"{'bei': '9.30', 'le': '0.18', 'lle': '1.21', 'sei': '4.35'}",,CHEMBL166013,,CHEMBL166013,5.00,0,http://www.openphacts.org/units/Nanomolar,322980,=,1,1,=,,IC50,nM,,10000.0,CHEMBL213,Homo sapiens,Beta-1 adrenergic receptor,9606,,,IC50,nM,UO_0000065,,10000.0
,,1176185,[],CHEMBL649969,Binding affinity (measured using [125I]iodocyanopindolol) against human Beta-1 adrenergic receptor expressed in CHO cells,B,,,BAO_0000190,BAO_0000219,cell-based format,O=S(=O)(Nc1ccc(CCNC[C@H](O)c2cccnc2)cc1)c1ccc(-c2nc(-c3cccnc3)cs2)cc1,,,CHEMBL1133294,Bioorg Med Chem Lett,2000.0,"{'bei': '9.24', 'le': '0.18', 'lle': '0.22', 'sei': '4.40'}",,CHEMBL294492,,CHEMBL294492,5.16,0,http://www.openphacts.org/units/Nanomolar,103049,=,1,1,=,,IC50,nM,,7000.0,CHEMBL213,Homo sapiens,Beta-1 adrenergic receptor,9606,,,IC50,nM,UO_0000065,,7000.0
,,1177378,[],CHEMBL654208,"Binding affinity towards human Beta-1 adrenergic receptor expressed in CHO cells, using 125I]iodocyanopindolol",B,,,BAO_0000190,BAO_0000219,cell-based format,O=C1N(CCC2CCCC2)CCN1c1ccc(S(=O)(=O)Nc2ccc(CCNC[C@H](O)c3cccnc3)cc2)cc1,,,CHEMBL1132064,Bioorg Med Chem Lett,1999.0,"{'bei': '8.65', 'le': '0.17', 'lle': '0.43', 'sei': '4.35'}",,CHEMBL351967,,CHEMBL351967,5.00,0,http://www.openphacts.org/units/Nanomolar,322962,=,1,1,=,,IC50,nM,,10000.0,CHEMBL213,Homo sapiens,Beta-1 adrenergic receptor,9606,,,IC50,nM,UO_0000065,,10000.0
,,1177530,[],CHEMBL649969,Binding affinity (measured using [125I]iodocyanopindolol) against human Beta-1 adrenergic receptor expressed in CHO cells,B,,,BAO_0000190,BAO_0000219,cell-based format,CC(=O)NCCCCCc1csc(-c2ccc(S(=O)(=O)Nc3ccc(CCNC[C@H](O)c4cccnc4)cc3)cc2)n1,,,CHEMBL1133294,Bioorg Med Chem Lett,2000.0,"{'bei': '7.08', 'le': '0.14', 'lle': '-0.42', 'sei': '3.23'}",,CHEMBL294849,,CHEMBL294849,4.30,0,http://www.openphacts.org/units/Nanomolar,103066,=,1,1,=,,IC50,nM,,50000.0,CHEMBL213,Homo sapiens,Beta-1 adrenergic receptor,9606,,,IC50,nM,UO_0000065,,50000.0
,,1177534,[],CHEMBL649969,Binding affinity (measured using [125I]iodocyanopindolol) against human Beta-1 adrenergic receptor expressed in CHO cells,B,,,BAO_0000190,BAO_0000219,cell-based format,O=S(=O)(Nc1ccc(CCNC[C@H](O)c2cccnc2)cc1)c1ccc(-c2nc(-c3ccc(F)c(F)c3)cs2)cc1,,,CHEMBL1133294,Bioorg Med Chem Lett,2000.0,"{'bei': '9.73', 'le': '0.19', 'lle': '-0.05', 'sei': '5.54'}",,CHEMBL293994,,CHEMBL293994,5.77,0,http://www.openphacts.org/units/Nanomolar,103045,=,1,1,=,,IC50,nM,,1700.0,CHEMBL213,Homo sapiens,Beta-1 adrenergic receptor,9606,,,IC50,nM,UO_0000065,,1700.0
,,1178708,[],CHEMBL649969,Binding affinity (measured using [125I]iodocyanopindolol) against human Beta-1 adrenergic receptor expressed in CHO cells,B,,,BAO_0000190,BAO_0000219,cell-based format,O=S(=O)(Nc1ccc(CCNC[C@H](O)c2cccnc2)cc1)c1ccc(-c2nc(-c3cc4ccccc4o3)cs2)cc1,,,CHEMBL1133294,Bioorg Med Chem Lett,2000.0,"{'bei': '6.78', 'le': '0.13', 'lle': '-2.23', 'sei': '3.45'}",,CHEMBL57908,,CHEMBL57908,4.05,0,http://www.openphacts.org/units/Nanomolar,103061,=,1,1,=,,IC50,nM,,90000.0,CHEMBL213,Homo sapiens,Beta-1 adrenergic receptor,9606,,,IC50,nM,UO_0000065,,90000.0
,,1178712,[],CHEMBL649969,Binding affinity (measured using [125I]iodocyanopindolol) against human Beta-1 adrenergic receptor expressed in CHO cells,B,,,BAO_0000190,BAO_0000219,cell-based format,O=S(=O)(Nc1ccc(CCNC[C@H](O)c2cccnc2)cc1)c1ccc(-c2nc(-c3ccccn3)cs2)cc1,,,CHEMBL1133294,Bioorg Med Chem Lett,2000.0,"{'bei': '9.30', 'le': '0.18', 'lle': '0.26', 'sei': '4.43'}",,CHEMBL433248,,CHEMBL433248,5.19,0,http://www.openphacts.org/units/Nanomolar,103048,=,1,1,=,,IC50,nM,,6500.0,CHEMBL213,Homo sapiens,Beta-1 adrenergic receptor,9606,,,IC50,nM,UO_0000065,,6500.0
,,1180023,[],CHEMBL649969,Binding affinity (measured using [125I]iodocyanopindolol) against human Beta-1 adrenergic receptor expressed in CHO cells,B,,,BAO_0000190,BAO_0000219,cell-based format,O=S(=O)(Nc1ccc(CCNC[C@H](O)c2cccnc2)cc1)c1ccc(-c2nc(-c3ccc4ncccc4c3)cs2)cc1,,,CHEMBL1133294,Bioorg Med Chem Lett,2000.0,"{'bei': '8.59', 'le': '0.17', 'lle': '-0.87', 'sei': '4.46'}",,CHEMBL292598,,CHEMBL292598,5.22,0,http://www.openphacts.org/units/Nanomolar,103050,=,1,1,=,,IC50,nM,,6000.0,CHEMBL213,Homo sapiens,Beta-1 adrenergic receptor,9606,,,IC50,nM,UO_0000065,,6000.0
,,1181358,[],CHEMBL654208,"Binding affinity towards human Beta-1 adrenergic receptor expressed in CHO cells, using 125I]iodocyanopindolol",B,,,BAO_0000190,BAO_0000219,cell-based format,CCCCC(C)(C)CN1CCN(c2ccc(S(=O)(=O)Nc3ccc(CCNC[C@H](O)c4cccnc4)cc3)cc2)C1=O,,,CHEMBL1132064,Bioorg Med Chem Lett,1999.0,"{'bei': '8.54', 'le': '0.16', 'lle': '-0.14', 'sei': '4.41'}",,CHEMBL351596,,CHEMBL351596,5.07,0,http://www.openphacts.org/units/Nanomolar,322979,=,1,1,=,,IC50,nM,,8500.0,CHEMBL213,Homo sapiens,Beta-1 adrenergic receptor,9606,,,IC50,nM,UO_0000065,,8500.0
,,1182588,[],CHEMBL654208,"Binding affinity towards human Beta-1 adrenergic receptor expressed in CHO cells, using 125I]iodocyanopindolol",B,,,BAO_0000190,BAO_0000219,cell-based format,O=C1N(CCCc2ccc(Cl)cc2)CCN1c1ccc(S(=O)(=O)Nc2ccc(CCNC[C@H](O)c3cccnc3)cc2)cc1,,,CHEMBL1132064,Bioorg Med Chem Lett,1999.0,"{'bei': '8.99', 'le': '0.18', 'lle': '0.42', 'sei': '4.96'}",,CHEMBL162043,,CHEMBL162043,5.70,0,http://www.openphacts.org/units/Nanomolar,322976,=,1,1,=,,IC50,nM,,2000.0,CHEMBL213,Homo sapiens,Beta-1 adrenergic receptor,9606,,,IC50,nM,UO_0000065,,2000.0
,,1185673,[],CHEMBL649965,Binding affinity was evaluated on chinese hamster ovary (CHO) cells expressing the cloned human beta-1 adrenergic receptor in the presence of [125I]- iodocyanopindolol.,B,,,BAO_0000190,BAO_0000219,cell-based format,O=S(=O)(Nc1ccc(CCNC[C@H](O)c2cccnc2)cc1)c1ccc(-c2nc(-c3ccc(OC(F)(F)F)cc3)cs2)cc1,,,CHEMBL1133690,J Med Chem,2000.0,"{'bei': '7.92', 'le': '0.16', 'lle': '-1.36', 'sei': '4.47'}",,CHEMBL331744,,CHEMBL331744,5.08,0,http://www.openphacts.org/units/Nanomolar,239488,=,1,1,=,,IC50,nM,,8400.0,CHEMBL213,Homo sapiens,Beta-1 adrenergic receptor,9606,,,IC50,nM,UO_0000065,,8400.0
,,1197456,[],CHEMBL649965,Binding affinity was evaluated on chinese hamster ovary (CHO) cells expressing the cloned human beta-1 adrenergic receptor in the presence of [125I]- iodocyanopindolol.,B,,,BAO_0000190,BAO_0000219,cell-based format,O=S(=O)(Nc1ccc(CCNC[C@H](O)c2cccnc2)cc1)c1ccc(-c2nc(-c3ccc(C(F)(F)F)cc3)cs2)cc1,,,CHEMBL1133690,J Med Chem,2000.0,"{'bei': '9.03', 'le': '0.18', 'lle': '-0.92', 'sei': '5.41'}",,CHEMBL111201,,CHEMBL111201,5.64,0,http://www.openphacts.org/units/Nanomolar,239490,=,1,1,=,,IC50,nM,,2300.0,CHEMBL213,Homo sapiens,Beta-1 adrenergic receptor,9606,,,IC50,nM,UO_0000065,,2300.0
,,1210734,[],CHEMBL649965,Binding affinity was evaluated on chinese hamster ovary (CHO) cells expressing the cloned human beta-1 adrenergic receptor in the presence of [125I]- iodocyanopindolol.,B,,,BAO_0000190,BAO_0000219,cell-based format,O=S(=O)(Nc1ccc(CCNC[C@H](O)c2cccnc2)cc1)c1ccc(-c2nc(-c3ccc(F)c(F)c3)cs2)cc1,,,CHEMBL1133690,J Med Chem,2000.0,"{'bei': '9.73', 'le': '0.19', 'lle': '-0.05', 'sei': '5.54'}",,CHEMBL293994,,CHEMBL293994,5.77,1,http://www.openphacts.org/units/Nanomolar,239484,=,1,1,=,,IC50,nM,,1700.0,CHEMBL213,Homo sapiens,Beta-1 adrenergic receptor,9606,,,IC50,nM,UO_0000065,,1700.0
,,1212208,[],CHEMBL649965,Binding affinity was evaluated on chinese hamster ovary (CHO) cells expressing the cloned human beta-1 adrenergic receptor in the presence of [125I]- iodocyanopindolol.,B,,,BAO_0000190,BAO_0000219,cell-based format,O=S(=O)(Nc1ccc(CCNC[C@H](O)c2cccnc2)cc1)c1ccc(-c2nc(-c3cccc(C(F)(F)F)c3)cs2)cc1,,,CHEMBL1133690,J Med Chem,2000.0,"{'bei': '9.20', 'le': '0.18', 'lle': '-0.82', 'sei': '5.51'}",,CHEMBL338794,,CHEMBL338794,5.75,0,http://www.openphacts.org/units/Nanomolar,239487,=,1,1,=,,IC50,nM,,1800.0,CHEMBL213,Homo sapiens,Beta-1 adrenergic receptor,9606,,,IC50,nM,UO_0000065,,1800.0
,,1212213,[],CHEMBL649965,Binding affinity was evaluated on chinese hamster ovary (CHO) cells expressing the cloned human beta-1 adrenergic receptor in the presence of [125I]- iodocyanopindolol.,B,,,BAO_0000190,BAO_0000219,cell-based format,O=S(=O)(Nc1ccc(CCNC[C@H](O)c2cccnc2)cc1)c1ccc(-c2nc(-c3ccccc3C(F)(F)F)cs2)cc1,,,CHEMBL1133690,J Med Chem,2000.0,"{'bei': '9.16', 'le': '0.18', 'lle': '-0.84', 'sei': '5.49'}",,CHEMBL333417,,CHEMBL333417,5.72,0,http://www.openphacts.org/units/Nanomolar,239489,=,1,1,=,,IC50,nM,,1900.0,CHEMBL213,Homo sapiens,Beta-1 adrenergic receptor,9606,,,IC50,nM,UO_0000065,,1900.0
,,1214674,[],CHEMBL649965,Binding affinity was evaluated on chinese hamster ovary (CHO) cells expressing the cloned human beta-1 adrenergic receptor in the presence of [125I]- iodocyanopindolol.,B,,,BAO_0000190,BAO_0000219,cell-based format,O=S(=O)(Nc1ccc(CCNC[C@H](O)c2cccnc2)cc1)c1ccc(-c2nc(-c3ccc(F)cc3F)cs2)cc1,,,CHEMBL1133690,J Med Chem,2000.0,"{'bei': '9.45', 'le': '0.19', 'lle': '-0.22', 'sei': '5.38'}",,CHEMBL338976,,CHEMBL338976,5.60,0,http://www.openphacts.org/units/Nanomolar,239491,=,1,1,=,,IC50,nM,,2500.0,CHEMBL213,Homo sapiens,Beta-1 adrenergic receptor,9606,,,IC50,nM,UO_0000065,,2500.0
,,1216078,[],CHEMBL649965,Binding affinity was evaluated on chinese hamster ovary (CHO) cells expressing the cloned human beta-1 adrenergic receptor in the presence of [125I]- iodocyanopindolol.,B,,,BAO_0000190,BAO_0000219,cell-based format,O=S(=O)(Nc1ccc(CCNC[C@H](O)c2cccnc2)cc1)c1ccc(-c2nc(-c3cccc(F)c3F)cs2)cc1,,,CHEMBL1133690,J Med Chem,2000.0,"{'bei': '9.42', 'le': '0.19', 'lle': '-0.23', 'sei': '5.36'}",,CHEMBL125963,,CHEMBL125963,5.58,0,http://www.openphacts.org/units/Nanomolar,239485,=,1,1,=,,IC50,nM,,2600.0,CHEMBL213,Homo sapiens,Beta-1 adrenergic receptor,9606,,,IC50,nM,UO_0000065,,2600.0
,,1223894,[],CHEMBL649965,Binding affinity was evaluated on chinese hamster ovary (CHO) cells expressing the cloned human beta-1 adrenergic receptor in the presence of [125I]- iodocyanopindolol.,B,,,BAO_0000190,BAO_0000219,cell-based format,O=S(=O)(Nc1ccc(CCNC[C@H](O)c2cccnc2)cc1)c1ccc(-c2nc(-c3cc(F)c(F)c(F)c3)cs2)cc1,,,CHEMBL1133690,J Med Chem,2000.0,"{'bei': '9.33', 'le': '0.19', 'lle': '-0.26', 'sei': '5.47'}",,CHEMBL338216,,CHEMBL338216,5.70,0,http://www.openphacts.org/units/Nanomolar,239486,=,1,1,=,,IC50,nM,,2000.0,CHEMBL213,Homo sapiens,Beta-1 adrenergic receptor,9606,,,IC50,nM,UO_0000065,,2000.0
,,1611105,[],CHEMBL884281,Percent inhibition against Beta-1 adrenergic receptor at 1 uM,B,,,BAO_0000190,BAO_0000357,single protein format,CC(C)NCC(O)COc1ccc(CC(N)=O)cc1,,,CHEMBL1140374,J Med Chem,2005.0,"{'bei': '32.86', 'le': '0.63', 'lle': '8.30', 'sei': '10.35'}",,CHEMBL24,ATENOLOL,CHEMBL24,8.75,0,http://www.openphacts.org/units/Nanomolar,403319,=,1,1,=,,IC50,nM,,1.77,CHEMBL213,Homo sapiens,Beta-1 adrenergic receptor,9606,,,IC50,nM,UO_0000065,,1.77
,,1654248,[],CHEMBL869393,Inhibition of human adrenergic beta-1 receptor,B,,,BAO_0000190,BAO_0000357,single protein format,CC(=O)Nc1cc(Cl)ccc1/C=C/C(=O)N1CCN(Cc2ccc(F)cc2)C[C@H]1C,,,CHEMBL1141202,Bioorg Med Chem Lett,2005.0,,,CHEMBL198949,,CHEMBL198949,,0,http://www.openphacts.org/units/Nanomolar,408008,>,1,1,>,,IC50,nM,,1000.0,CHEMBL213,Homo sapiens,Beta-1 adrenergic receptor,9606,,,IC50,uM,UO_0000065,,1.0
,,1676534,[],CHEMBL858808,Binding affinity to adrenergic beta-1 receptor,B,,,BAO_0000190,BAO_0000357,single protein format,COc1cc(N)c(Cl)cc1C(=O)NC[C@@H]1CCN2CCC[C@@H]12,,,CHEMBL1149398,J Med Chem,2006.0,,,CHEMBL34291,,CHEMBL34291,,0,http://www.openphacts.org/units/Nanomolar,423712,>,1,1,>,,IC50,nM,,10000.0,CHEMBL213,Homo sapiens,Beta-1 adrenergic receptor,9606,,,IC50,nM,UO_0000065,,10000.0
,,1676708,[],CHEMBL858808,Binding affinity to adrenergic beta-1 receptor,B,,,BAO_0000190,BAO_0000357,single protein format,Cn1nc(C(=O)OC[C@@H]2CCN3CCC[C@@H]23)c2ccccc21,,,CHEMBL1149398,J Med Chem,2006.0,,,CHEMBL383577,,CHEMBL383577,,0,http://www.openphacts.org/units/Nanomolar,423730,>,1,1,>,,IC50,nM,,10000.0,CHEMBL213,Homo sapiens,Beta-1 adrenergic receptor,9606,,,IC50,nM,UO_0000065,,10000.0
,,1676709,[],CHEMBL858808,Binding affinity to adrenergic beta-1 receptor,B,,,BAO_0000190,BAO_0000357,single protein format,O=C(OC[C@@H]1CCN2CCC[C@@H]12)c1[nH]nc2ccccc12,,,CHEMBL1149398,J Med Chem,2006.0,,,CHEMBL201878,,CHEMBL201878,,0,http://www.openphacts.org/units/Nanomolar,423729,>,1,1,>,,IC50,nM,,10000.0,CHEMBL213,Homo sapiens,Beta-1 adrenergic receptor,9606,,,IC50,nM,UO_0000065,,10000.0
,,1676710,[],CHEMBL858808,Binding affinity to adrenergic beta-1 receptor,B,,,BAO_0000190,BAO_0000357,single protein format,O=C(OC[C@@H]1CCN2CCC[C@@H]12)c1c[nH]c2ccccc12,,,CHEMBL1149398,J Med Chem,2006.0,,,CHEMBL201946,,CHEMBL201946,,0,http://www.openphacts.org/units/Nanomolar,423726,>,1,1,>,,IC50,nM,,10000.0,CHEMBL213,Homo sapiens,Beta-1 adrenergic receptor,9606,,,IC50,nM,UO_0000065,,10000.0
,,1676748,[],CHEMBL858808,Binding affinity to adrenergic beta-1 receptor,B,,,BAO_0000190,BAO_0000357,single protein format,COc1cc(N)c(Cl)cc1C(=O)N[C@@H]1C2CC3CN(C2)CC31,,,CHEMBL1149398,J Med Chem,2006.0,,,CHEMBL2448165,,CHEMBL2448165,,0,http://www.openphacts.org/units/Nanomolar,423733,>,1,1,>,,IC50,nM,,10000.0,CHEMBL213,Homo sapiens,Beta-1 adrenergic receptor,9606,,,IC50,nM,UO_0000065,,10000.0
,,1676749,[],CHEMBL858808,Binding affinity to adrenergic beta-1 receptor,B,,,BAO_0000190,BAO_0000357,single protein format,COc1cc(N)c(Cl)cc1C(=O)NC1CCN(CCCOc2ccc(F)cc2)CC1OC,,,CHEMBL1149398,J Med Chem,2006.0,,,CHEMBL1729,CISAPRIDE,CHEMBL1729,,0,http://www.openphacts.org/units/Nanomolar,423731,>,1,1,>,,IC50,nM,,10000.0,CHEMBL213,Homo sapiens,Beta-1 adrenergic receptor,9606,,,IC50,nM,UO_0000065,,10000.0
,,1676750,[],CHEMBL858808,Binding affinity to adrenergic beta-1 receptor,B,,,BAO_0000190,BAO_0000357,single protein format,O=C(NC[C@@H]1CCN2CCC[C@@H]12)c1cc(Cl)cn2ccnc12,,,CHEMBL1149398,J Med Chem,2006.0,,,CHEMBL202434,,CHEMBL202434,,0,http://www.openphacts.org/units/Nanomolar,423722,>,1,1,>,,IC50,nM,,10000.0,CHEMBL213,Homo sapiens,Beta-1 adrenergic receptor,9606,,,IC50,nM,UO_0000065,,10000.0
,,1969326,[],CHEMBL896532,Inhibition of adrenergic beta-1 receptor,B,,,BAO_0000190,BAO_0000357,single protein format,O=[N+]([O-])c1cc(O)c2c(c1)S(=O)(=O)N=C(Nc1ccccc1Oc1ccccc1)N2,,,CHEMBL1149534,Bioorg Med Chem Lett,2007.0,,,CHEMBL399203,,CHEMBL399203,,0,http://www.openphacts.org/units/Nanomolar,658073,>,1,1,>,,IC50,nM,,25000.0,CHEMBL213,Homo sapiens,Beta-1 adrenergic receptor,9606,,,IC50,uM,UO_0000065,,25.0
,,2376482,[],CHEMBL980766,Displacement of radioligand from adrenergic beta-1 receptor,B,,,BAO_0000190,BAO_0000357,single protein format,Cc1c(C(=O)c2ccc(Cl)cc2)c2ccc(OC(F)(F)F)cc2n1Cc1cccc(O[C@H](C)C(=O)O)c1,,,CHEMBL1139415,Bioorg Med Chem Lett,2008.0,"{'bei': '10.13', 'le': '0.20', 'lle': '-1.24', 'sei': '6.93'}",,CHEMBL461571,,CHEMBL461571,5.39,0,http://www.openphacts.org/units/Nanomolar,722289,=,1,1,=,,IC50,nM,,4070.0,CHEMBL213,Homo sapiens,Beta-1 adrenergic receptor,9606,,,IC50,uM,UO_0000065,,4.07
,,2401816,[],CHEMBL953124,Displacement of radiolabeled atenolol from human adrenergic beta-1 receptor,B,,,BAO_0000190,BAO_0000357,single protein format,CC(C)NCC(O)COc1ccc(CC(N)=O)cc1,,,CHEMBL1140203,J Med Chem,2008.0,"{'bei': '23.36', 'le': '0.45', 'lle': '5.77', 'sei': '7.36'}",,CHEMBL24,ATENOLOL,CHEMBL24,6.22,0,http://www.openphacts.org/units/Nanomolar,1311162,=,1,1,=,,IC50,nM,,600.0,CHEMBL213,Homo sapiens,Beta-1 adrenergic receptor,9606,,,IC50,10'-7M,UO_0000065,,6.0
,,2565588,[],CHEMBL976352,Inhibition of adrenergic beta-1 receptor,B,,,BAO_0000190,BAO_0000357,single protein format,Fc1ccc(-c2noc(C3CCN(c4cnc5ccc(Cl)cc5c4)CC3)n2)c(Cl)c1,,,CHEMBL1155906,Bioorg Med Chem Lett,2008.0,,,CHEMBL468176,,CHEMBL468176,,0,http://www.openphacts.org/units/Nanomolar,768922,>,1,1,>,,IC50,nM,,50000.0,CHEMBL213,Homo sapiens,Beta-1 adrenergic receptor,9606,,,IC50,uM,UO_0000065,,50.0
,,2573318,[],CHEMBL982008,Inhibition of human beta 1 adrenergic receptor,B,,,BAO_0000190,BAO_0000357,single protein format,CC(C)NCC(O)COc1ccc(CC(N)=O)cc1,,,CHEMBL1155111,J Med Chem,2008.0,"{'bei': '21.62', 'le': '0.41', 'lle': '5.31', 'sei': '6.81'}",,CHEMBL24,ATENOLOL,CHEMBL24,5.76,0,http://www.openphacts.org/units/Nanomolar,743024,=,1,1,=,,IC50,nM,,1740.0,CHEMBL213,Homo sapiens,Beta-1 adrenergic receptor,9606,,,IC50,nM,UO_0000065,,1740.0
,,2927554,[],CHEMBL1048465,Inhibition of adrenergic beta-1 receptor,B,,,BAO_0000190,BAO_0000357,single protein format,CCN(CC)C(=O)[C@@H]1C=C2c3cccc4[nH]cc(c34)C[C@H]2N(C(=O)Nc2ccccc2)C1,,,CHEMBL1154177,Bioorg Med Chem Lett,2009.0,"{'bei': '12.23', 'le': '0.22', 'lle': '0.73', 'sei': '7.66'}",,CHEMBL584554,,CHEMBL584554,5.24,0,http://www.openphacts.org/units/Nanomolar,848803,=,1,1,=,,IC50,nM,,5760.0,CHEMBL213,Homo sapiens,Beta-1 adrenergic receptor,9606,,,IC50,nM,UO_0000065,,5760.0
,,2927632,[],CHEMBL1048465,Inhibition of adrenergic beta-1 receptor,B,,,BAO_0000190,BAO_0000357,single protein format,CCN(CC)C(=O)[C@@H]1C=C2c3cccc4[nH]cc(c34)C[C@H]2NC1,,,CHEMBL1154177,Bioorg Med Chem Lett,2009.0,,,CHEMBL21343,,CHEMBL21343,,0,http://www.openphacts.org/units/Nanomolar,848804,>,1,1,>,,IC50,nM,,10000.0,CHEMBL213,Homo sapiens,Beta-1 adrenergic receptor,9606,,,IC50,nM,UO_0000065,,10000.0
,,3073815,[],CHEMBL1050440,Inhibition of beta-1 adrenergic receptor,B,,,BAO_0000190,BAO_0000357,single protein format,CN(C)Cc1nc(-c2ccc(C(C)(C)C)cc2)n(-c2cccc(O)c2)n1,,,CHEMBL1152515,Bioorg Med Chem,2009.0,,,CHEMBL595449,,CHEMBL595449,,0,http://www.openphacts.org/units/Nanomolar,874735,>,1,1,>,,IC50,nM,,10000.0,CHEMBL213,Homo sapiens,Beta-1 adrenergic receptor,9606,,,IC50,nM,UO_0000065,,10000.0
,,3188686,[],CHEMBL1105984,Displacement of [125I]cyanopindolol from human beta 1 adrenergic receptor expressed in CHO cells at 10 uM after 3 to 4 hrs by scintillation counter,B,,,BAO_0000190,BAO_0000219,cell-based format,O=S(=O)(Nc1ccc(CCNC[C@H](O)c2cccnc2)cc1)c1ccc(-c2nc(-c3ccc(C(F)(F)F)cc3)cs2)cc1,,,CHEMBL1155428,Bioorg Med Chem Lett,2010.0,"{'bei': '9.03', 'le': '0.18', 'lle': '-0.92', 'sei': '5.41'}",,CHEMBL111201,,CHEMBL111201,5.64,1,http://www.openphacts.org/units/Nanomolar,895243,=,1,1,=,,IC50,nM,,2300.0,CHEMBL213,Homo sapiens,Beta-1 adrenergic receptor,9606,,,IC50,uM,UO_0000065,,2.3
,,3188687,[],CHEMBL1105984,Displacement of [125I]cyanopindolol from human beta 1 adrenergic receptor expressed in CHO cells at 10 uM after 3 to 4 hrs by scintillation counter,B,,,BAO_0000190,BAO_0000219,cell-based format,Cc1ccccc1C(=O)Nc1ccc(CCNC[C@H](O)c2cccnc2)cc1,,,CHEMBL1155428,Bioorg Med Chem Lett,2010.0,,,CHEMBL1077199,,CHEMBL1077199,,0,http://www.openphacts.org/units/Nanomolar,895318,>,1,1,>,,IC50,nM,,20000.0,CHEMBL213,Homo sapiens,Beta-1 adrenergic receptor,9606,,,IC50,uM,UO_0000065,,20.0
,,3188688,[],CHEMBL1105984,Displacement of [125I]cyanopindolol from human beta 1 adrenergic receptor expressed in CHO cells at 10 uM after 3 to 4 hrs by scintillation counter,B,,,BAO_0000190,BAO_0000219,cell-based format,Cc1ccc(C)c(C(=O)Nc2ccc(CCNC[C@H](O)c3cccnc3)cc2)c1,,,CHEMBL1155428,Bioorg Med Chem Lett,2010.0,,,CHEMBL1085897,,CHEMBL1085897,,0,http://www.openphacts.org/units/Nanomolar,895319,>,1,1,>,,IC50,nM,,20000.0,CHEMBL213,Homo sapiens,Beta-1 adrenergic receptor,9606,,,IC50,uM,UO_0000065,,20.0
,,3188689,[],CHEMBL1105984,Displacement of [125I]cyanopindolol from human beta 1 adrenergic receptor expressed in CHO cells at 10 uM after 3 to 4 hrs by scintillation counter,B,,,BAO_0000190,BAO_0000219,cell-based format,O=C(Cc1ccccc1)Nc1ccc(CCNC[C@H](O)c2cccnc2)cc1,,,CHEMBL1155428,Bioorg Med Chem Lett,2010.0,"{'bei': '14.71', 'le': '0.27', 'lle': '2.39', 'sei': '7.44'}",,CHEMBL1085898,,CHEMBL1085898,5.52,0,http://www.openphacts.org/units/Nanomolar,895320,=,1,1,=,,IC50,nM,,3000.0,CHEMBL213,Homo sapiens,Beta-1 adrenergic receptor,9606,,,IC50,uM,UO_0000065,,3.0
,,3188690,[],CHEMBL1105984,Displacement of [125I]cyanopindolol from human beta 1 adrenergic receptor expressed in CHO cells at 10 uM after 3 to 4 hrs by scintillation counter,B,,,BAO_0000190,BAO_0000219,cell-based format,O=C(Cc1nc2ccccc2[nH]1)Nc1ccc(CCNC[C@H](O)c2cccnc2)cc1,,,CHEMBL1155428,Bioorg Med Chem Lett,2010.0,,,CHEMBL1086149,,CHEMBL1086149,,0,http://www.openphacts.org/units/Nanomolar,895321,>,1,1,>,,IC50,nM,,10000.0,CHEMBL213,Homo sapiens,Beta-1 adrenergic receptor,9606,,,IC50,uM,UO_0000065,,10.0
,,3188691,[],CHEMBL1105984,Displacement of [125I]cyanopindolol from human beta 1 adrenergic receptor expressed in CHO cells at 10 uM after 3 to 4 hrs by scintillation counter,B,,,BAO_0000190,BAO_0000219,cell-based format,O=C(Cc1n[nH]c2ccccc12)Nc1ccc(CCNC[C@H](O)c2cccnc2)cc1,,,CHEMBL1155428,Bioorg Med Chem Lett,2010.0,"{'bei': '12.08', 'le': '0.22', 'lle': '2.02', 'sei': '4.87'}",,CHEMBL1084667,,CHEMBL1084667,5.02,0,http://www.openphacts.org/units/Nanomolar,895322,=,1,1,=,,IC50,nM,,9600.0,CHEMBL213,Homo sapiens,Beta-1 adrenergic receptor,9606,,,IC50,uM,UO_0000065,,9.6
,,3188692,[],CHEMBL1105984,Displacement of [125I]cyanopindolol from human beta 1 adrenergic receptor expressed in CHO cells at 10 uM after 3 to 4 hrs by scintillation counter,B,,,BAO_0000190,BAO_0000219,cell-based format,O=C(Cn1ncc2ccccc21)Nc1ccc(CCNC[C@H](O)c2cccnc2)cc1,,,CHEMBL1155428,Bioorg Med Chem Lett,2010.0,"{'bei': '11.36', 'le': '0.21', 'lle': '1.78', 'sei': '5.13'}",,CHEMBL1092502,,CHEMBL1092502,4.72,0,http://www.openphacts.org/units/Nanomolar,895397,=,1,1,=,,IC50,nM,,19000.0,CHEMBL213,Homo sapiens,Beta-1 adrenergic receptor,9606,,,IC50,uM,UO_0000065,,19.0
,,3188693,[],CHEMBL1105984,Displacement of [125I]cyanopindolol from human beta 1 adrenergic receptor expressed in CHO cells at 10 uM after 3 to 4 hrs by scintillation counter,B,,,BAO_0000190,BAO_0000219,cell-based format,O=C(Cn1cc2ccccc2n1)Nc1ccc(CCNC[C@H](O)c2cccnc2)cc1,,,CHEMBL1155428,Bioorg Med Chem Lett,2010.0,"{'bei': '13.26', 'le': '0.24', 'lle': '2.57', 'sei': '5.98'}",,CHEMBL1089386,,CHEMBL1089386,5.51,0,http://www.openphacts.org/units/Nanomolar,895398,=,1,1,=,,IC50,nM,,3100.0,CHEMBL213,Homo sapiens,Beta-1 adrenergic receptor,9606,,,IC50,uM,UO_0000065,,3.1
,,3188694,[],CHEMBL1105984,Displacement of [125I]cyanopindolol from human beta 1 adrenergic receptor expressed in CHO cells at 10 uM after 3 to 4 hrs by scintillation counter,B,,,BAO_0000190,BAO_0000219,cell-based format,O=C(Cn1nc2ccccc2n1)Nc1ccc(CCNC[C@H](O)c2cccnc2)cc1,,,CHEMBL1155428,Bioorg Med Chem Lett,2010.0,"{'bei': '12.29', 'le': '0.23', 'lle': '2.79', 'sei': '4.88'}",,CHEMBL1089387,,CHEMBL1089387,5.12,0,http://www.openphacts.org/units/Nanomolar,895399,=,1,1,=,,IC50,nM,,7600.0,CHEMBL213,Homo sapiens,Beta-1 adrenergic receptor,9606,,,IC50,uM,UO_0000065,,7.6
,,3188695,[],CHEMBL1105984,Displacement of [125I]cyanopindolol from human beta 1 adrenergic receptor expressed in CHO cells at 10 uM after 3 to 4 hrs by scintillation counter,B,,,BAO_0000190,BAO_0000219,cell-based format,O=C(Cc1nc2ccccc2o1)Nc1ccc(CCNC[C@H](O)c2cccnc2)cc1,,,CHEMBL1155428,Bioorg Med Chem Lett,2010.0,"{'bei': '14.94', 'le': '0.27', 'lle': '2.95', 'sei': '6.20'}",,CHEMBL1089725,,CHEMBL1089725,6.22,0,http://www.openphacts.org/units/Nanomolar,895400,=,1,1,=,,IC50,nM,,600.0,CHEMBL213,Homo sapiens,Beta-1 adrenergic receptor,9606,,,IC50,uM,UO_0000065,,0.6
,,3188696,[],CHEMBL1105984,Displacement of [125I]cyanopindolol from human beta 1 adrenergic receptor expressed in CHO cells at 10 uM after 3 to 4 hrs by scintillation counter,B,,,BAO_0000190,BAO_0000219,cell-based format,O=C(Cn1cncn1)Nc1ccc(CCNC[C@H](O)c2cccnc2)cc1,,,CHEMBL1155428,Bioorg Med Chem Lett,2010.0,,,CHEMBL1093086,,CHEMBL1093086,,0,http://www.openphacts.org/units/Nanomolar,895471,>,1,1,>,,IC50,nM,,20000.0,CHEMBL213,Homo sapiens,Beta-1 adrenergic receptor,9606,,,IC50,uM,UO_0000065,,20.0
,,3188697,[],CHEMBL1105984,Displacement of [125I]cyanopindolol from human beta 1 adrenergic receptor expressed in CHO cells at 10 uM after 3 to 4 hrs by scintillation counter,B,,,BAO_0000190,BAO_0000219,cell-based format,Nc1ncn(CC(=O)Nc2ccc(CCNC[C@H](O)c3cccnc3)cc2)n1,,,CHEMBL1155428,Bioorg Med Chem Lett,2010.0,,,CHEMBL1093387,,CHEMBL1093387,,0,http://www.openphacts.org/units/Nanomolar,895472,>,1,1,>,,IC50,nM,,20000.0,CHEMBL213,Homo sapiens,Beta-1 adrenergic receptor,9606,,,IC50,uM,UO_0000065,,20.0
,,3188698,[],CHEMBL1105984,Displacement of [125I]cyanopindolol from human beta 1 adrenergic receptor expressed in CHO cells at 10 uM after 3 to 4 hrs by scintillation counter,B,,,BAO_0000190,BAO_0000219,cell-based format,Cc1nc(CC(=O)Nc2ccc(CCNC[C@H](O)c3cccnc3)cc2)cs1,,,CHEMBL1155428,Bioorg Med Chem Lett,2010.0,,,CHEMBL1090424,,CHEMBL1090424,,0,http://www.openphacts.org/units/Nanomolar,895473,>,1,1,>,,IC50,nM,,10000.0,CHEMBL213,Homo sapiens,Beta-1 adrenergic receptor,9606,,,IC50,uM,UO_0000065,,10.0
,,3188699,[],CHEMBL1105984,Displacement of [125I]cyanopindolol from human beta 1 adrenergic receptor expressed in CHO cells at 10 uM after 3 to 4 hrs by scintillation counter,B,,,BAO_0000190,BAO_0000219,cell-based format,Nc1nc(CC(=O)Nc2ccc(CCNC[C@H](O)c3cccnc3)cc2)cs1,,,CHEMBL1155428,Bioorg Med Chem Lett,2010.0,"{'bei': '12.78', 'le': '0.25', 'lle': '2.91', 'sei': '4.49'}",,CHEMBL1090425,,CHEMBL1090425,5.08,0,http://www.openphacts.org/units/Nanomolar,895474,=,1,1,=,,IC50,nM,,8300.0,CHEMBL213,Homo sapiens,Beta-1 adrenergic receptor,9606,,,IC50,uM,UO_0000065,,8.3
,,3188700,[],CHEMBL1105984,Displacement of [125I]cyanopindolol from human beta 1 adrenergic receptor expressed in CHO cells at 10 uM after 3 to 4 hrs by scintillation counter,B,,,BAO_0000190,BAO_0000219,cell-based format,O=C(Cc1csc(-c2ccccc2)n1)Nc1ccc(CCNC[C@H](O)c2cccnc2)cc1,,,CHEMBL1155428,Bioorg Med Chem Lett,2010.0,"{'bei': '12.70', 'le': '0.24', 'lle': '1.57', 'sei': '6.68'}",,CHEMBL1090746,,CHEMBL1090746,5.82,0,http://www.openphacts.org/units/Nanomolar,895475,=,1,1,=,,IC50,nM,,1500.0,CHEMBL213,Homo sapiens,Beta-1 adrenergic receptor,9606,,,IC50,uM,UO_0000065,,1.5
,,3188701,[],CHEMBL1105984,Displacement of [125I]cyanopindolol from human beta 1 adrenergic receptor expressed in CHO cells at 10 uM after 3 to 4 hrs by scintillation counter,B,,,BAO_0000190,BAO_0000219,cell-based format,Cc1csc(CC(=O)Nc2ccc(CCNC[C@H](O)c3cccnc3)cc2)n1,,,CHEMBL1155428,Bioorg Med Chem Lett,2010.0,,,CHEMBL1084136,,CHEMBL1084136,,0,http://www.openphacts.org/units/Nanomolar,895552,>,1,1,>,,IC50,nM,,10000.0,CHEMBL213,Homo sapiens,Beta-1 adrenergic receptor,9606,,,IC50,uM,UO_0000065,,10.0
,,3188702,[],CHEMBL1105984,Displacement of [125I]cyanopindolol from human beta 1 adrenergic receptor expressed in CHO cells at 10 uM after 3 to 4 hrs by scintillation counter,B,,,BAO_0000190,BAO_0000219,cell-based format,O=C(Cc1nc(-c2ccccc2)cs1)Nc1ccc(CCNC[C@H](O)c2cccnc2)cc1,,,CHEMBL1155428,Bioorg Med Chem Lett,2010.0,"{'bei': '12.99', 'le': '0.25', 'lle': '1.71', 'sei': '6.84'}",,CHEMBL1084137,,CHEMBL1084137,5.96,0,http://www.openphacts.org/units/Nanomolar,895553,=,1,1,=,,IC50,nM,,1100.0,CHEMBL213,Homo sapiens,Beta-1 adrenergic receptor,9606,,,IC50,uM,UO_0000065,,1.1
,,3188703,[],CHEMBL1105984,Displacement of [125I]cyanopindolol from human beta 1 adrenergic receptor expressed in CHO cells at 10 uM after 3 to 4 hrs by scintillation counter,B,,,BAO_0000190,BAO_0000219,cell-based format,O=C(Cc1nnc(-c2ccccc2)[nH]1)Nc1ccc(CCNC[C@H](O)c2cccnc2)cc1,,,CHEMBL1155428,Bioorg Med Chem Lett,2010.0,,,CHEMBL1084138,,CHEMBL1084138,,0,http://www.openphacts.org/units/Nanomolar,895554,>,1,1,>,,IC50,nM,,10000.0,CHEMBL213,Homo sapiens,Beta-1 adrenergic receptor,9606,,,IC50,uM,UO_0000065,,10.0
,,3188704,[],CHEMBL1105984,Displacement of [125I]cyanopindolol from human beta 1 adrenergic receptor expressed in CHO cells at 10 uM after 3 to 4 hrs by scintillation counter,B,,,BAO_0000190,BAO_0000219,cell-based format,Cc1nnc(CC(=O)Nc2ccc(CCNC[C@H](O)c3cccnc3)cc2)[nH]1,,,CHEMBL1155428,Bioorg Med Chem Lett,2010.0,,,CHEMBL1086411,,CHEMBL1086411,,0,http://www.openphacts.org/units/Nanomolar,895555,>,1,1,>,,IC50,nM,,20000.0,CHEMBL213,Homo sapiens,Beta-1 adrenergic receptor,9606,,,IC50,uM,UO_0000065,,20.0
,,3188705,[],CHEMBL1105984,Displacement of [125I]cyanopindolol from human beta 1 adrenergic receptor expressed in CHO cells at 10 uM after 3 to 4 hrs by scintillation counter,B,,,BAO_0000190,BAO_0000219,cell-based format,O=C(CN1CC(c2ccccc2)CC1=O)Nc1ccc(CCNC[C@H](O)c2cccnc2)cc1,,,CHEMBL1155428,Bioorg Med Chem Lett,2010.0,"{'bei': '12.77', 'le': '0.24', 'lle': '2.95', 'sei': '6.19'}",,CHEMBL1085444,,CHEMBL1085444,5.85,0,http://www.openphacts.org/units/Nanomolar,895628,=,1,1,=,,IC50,nM,,1400.0,CHEMBL213,Homo sapiens,Beta-1 adrenergic receptor,9606,,,IC50,uM,UO_0000065,,1.4
,,3188706,[],CHEMBL1105984,Displacement of [125I]cyanopindolol from human beta 1 adrenergic receptor expressed in CHO cells at 10 uM after 3 to 4 hrs by scintillation counter,B,,,BAO_0000190,BAO_0000219,cell-based format,O=C(Cn1cnc2ccccc2c1=O)Nc1ccc(CCNC[C@H](O)c2cccnc2)cc1,,,CHEMBL1155428,Bioorg Med Chem Lett,2010.0,"{'bei': '12.33', 'le': '0.23', 'lle': '3.17', 'sei': '5.01'}",,CHEMBL1077238,,CHEMBL1077238,5.47,0,http://www.openphacts.org/units/Nanomolar,895629,=,1,1,=,,IC50,nM,,3400.0,CHEMBL213,Homo sapiens,Beta-1 adrenergic receptor,9606,,,IC50,uM,UO_0000065,,3.4
,,3188707,[],CHEMBL1105984,Displacement of [125I]cyanopindolol from human beta 1 adrenergic receptor expressed in CHO cells at 10 uM after 3 to 4 hrs by scintillation counter,B,,,BAO_0000190,BAO_0000219,cell-based format,O=C(Cn1c(=O)ncc2ccccc21)Nc1ccc(CCNC[C@H](O)c2cccnc2)cc1,,,CHEMBL1155428,Bioorg Med Chem Lett,2010.0,"{'bei': '12.45', 'le': '0.23', 'lle': '3.22', 'sei': '5.06'}",,CHEMBL1084144,,CHEMBL1084144,5.52,0,http://www.openphacts.org/units/Nanomolar,895630,=,1,1,=,,IC50,nM,,3000.0,CHEMBL213,Homo sapiens,Beta-1 adrenergic receptor,9606,,,IC50,uM,UO_0000065,,3.0
,,3188708,[],CHEMBL1105984,Displacement of [125I]cyanopindolol from human beta 1 adrenergic receptor expressed in CHO cells at 10 uM after 3 to 4 hrs by scintillation counter,B,,,BAO_0000190,BAO_0000219,cell-based format,Cc1sc2ncn(CC(=O)Nc3ccc(CCNC[C@H](O)c4cccnc4)cc3)c(=O)c2c1C,,,CHEMBL1155428,Bioorg Med Chem Lett,2010.0,"{'bei': '11.40', 'le': '0.22', 'lle': '2.47', 'sei': '4.99'}",,CHEMBL1084145,,CHEMBL1084145,5.44,0,http://www.openphacts.org/units/Nanomolar,895631,=,1,1,=,,IC50,nM,,3600.0,CHEMBL213,Homo sapiens,Beta-1 adrenergic receptor,9606,,,IC50,uM,UO_0000065,,3.6
,,3188712,[],CHEMBL1105984,Displacement of [125I]cyanopindolol from human beta 1 adrenergic receptor expressed in CHO cells at 10 uM after 3 to 4 hrs by scintillation counter,B,,,BAO_0000190,BAO_0000219,cell-based format,O=C(Nc1ccc(CCNC[C@H](O)c2cccnc2)cc1)c1nc2ccccc2[nH]1,,,CHEMBL1155428,Bioorg Med Chem Lett,2010.0,"{'bei': '12.62', 'le': '0.23', 'lle': '1.99', 'sei': '4.92'}",,CHEMBL1085693,,CHEMBL1085693,5.07,0,http://www.openphacts.org/units/Nanomolar,895707,=,1,1,=,,IC50,nM,,8600.0,CHEMBL213,Homo sapiens,Beta-1 adrenergic receptor,9606,,,IC50,uM,UO_0000065,,8.6
,,3188716,[],CHEMBL1105984,Displacement of [125I]cyanopindolol from human beta 1 adrenergic receptor expressed in CHO cells at 10 uM after 3 to 4 hrs by scintillation counter,B,,,BAO_0000190,BAO_0000219,cell-based format,O=C(CCc1nc2ccccc2[nH]1)Nc1ccc(CCNC[C@H](O)c2cccnc2)cc1,,,CHEMBL1155428,Bioorg Med Chem Lett,2010.0,,,CHEMBL1085694,,CHEMBL1085694,,0,http://www.openphacts.org/units/Nanomolar,895708,>,1,1,>,,IC50,nM,,20000.0,CHEMBL213,Homo sapiens,Beta-1 adrenergic receptor,9606,,,IC50,uM,UO_0000065,,20.0
,,3188720,[],CHEMBL1105984,Displacement of [125I]cyanopindolol from human beta 1 adrenergic receptor expressed in CHO cells at 10 uM after 3 to 4 hrs by scintillation counter,B,,,BAO_0000190,BAO_0000219,cell-based format,O=C(Nc1ccc(CCNC[C@H](O)c2cccnc2)cc1)OCc1nc2ccccc2[nH]1,,,CHEMBL1155428,Bioorg Med Chem Lett,2010.0,"{'bei': '14.08', 'le': '0.26', 'lle': '2.51', 'sei': '5.42'}",,CHEMBL1085928,,CHEMBL1085928,6.08,0,http://www.openphacts.org/units/Nanomolar,895709,=,1,1,=,,IC50,nM,,840.0,CHEMBL213,Homo sapiens,Beta-1 adrenergic receptor,9606,,,IC50,uM,UO_0000065,,0.84
,,3188724,[],CHEMBL1105984,Displacement of [125I]cyanopindolol from human beta 1 adrenergic receptor expressed in CHO cells at 10 uM after 3 to 4 hrs by scintillation counter,B,,,BAO_0000190,BAO_0000219,cell-based format,Cn1c(CCC(=O)Nc2ccc(CCNC[C@H](O)c3cccnc3)cc2)nc2ccccc21,,,CHEMBL1155428,Bioorg Med Chem Lett,2010.0,"{'bei': '11.18', 'le': '0.21', 'lle': '1.55', 'sei': '5.39'}",,CHEMBL1085929,,CHEMBL1085929,4.96,0,http://www.openphacts.org/units/Nanomolar,895710,=,1,1,=,,IC50,nM,,11000.0,CHEMBL213,Homo sapiens,Beta-1 adrenergic receptor,9606,,,IC50,uM,UO_0000065,,11.0
,,3188728,[],CHEMBL1105984,Displacement of [125I]cyanopindolol from human beta 1 adrenergic receptor expressed in CHO cells at 10 uM after 3 to 4 hrs by scintillation counter,B,,,BAO_0000190,BAO_0000219,cell-based format,O=C(Nc1ccc(CCNC[C@H](O)c2cccnc2)cc1)c1cccc2ccnn12,,,CHEMBL1155428,Bioorg Med Chem Lett,2010.0,"{'bei': '11.95', 'le': '0.22', 'lle': '1.95', 'sei': '5.24'}",,CHEMBL1077273,,CHEMBL1077273,4.80,0,http://www.openphacts.org/units/Nanomolar,895784,=,1,1,=,,IC50,nM,,16000.0,CHEMBL213,Homo sapiens,Beta-1 adrenergic receptor,9606,,,IC50,uM,UO_0000065,,16.0
,,3188732,[],CHEMBL1105984,Displacement of [125I]cyanopindolol from human beta 1 adrenergic receptor expressed in CHO cells at 10 uM after 3 to 4 hrs by scintillation counter,B,,,BAO_0000190,BAO_0000219,cell-based format,O=C(Cn1ncc(-c2ccccc2)c1-c1ccccc1)Nc1ccc(CCNC[C@H](O)c2cccnc2)cc1,,,CHEMBL1155428,Bioorg Med Chem Lett,2010.0,,,CHEMBL1088076,,CHEMBL1088076,,0,http://www.openphacts.org/units/Nanomolar,895785,>,1,1,>,,IC50,nM,,20000.0,CHEMBL213,Homo sapiens,Beta-1 adrenergic receptor,9606,,,IC50,uM,UO_0000065,,20.0
,,3188736,[],CHEMBL1105984,Displacement of [125I]cyanopindolol from human beta 1 adrenergic receptor expressed in CHO cells at 10 uM after 3 to 4 hrs by scintillation counter,B,,,BAO_0000190,BAO_0000219,cell-based format,O=C(Cn1cccn1)Nc1ccc(CCNC[C@H](O)c2cccnc2)cc1,,,CHEMBL1155428,Bioorg Med Chem Lett,2010.0,,,CHEMBL1094715,,CHEMBL1094715,,0,http://www.openphacts.org/units/Nanomolar,895786,>,1,1,>,,IC50,nM,,20000.0,CHEMBL213,Homo sapiens,Beta-1 adrenergic receptor,9606,,,IC50,uM,UO_0000065,,20.0
,,3188740,[],CHEMBL1105984,Displacement of [125I]cyanopindolol from human beta 1 adrenergic receptor expressed in CHO cells at 10 uM after 3 to 4 hrs by scintillation counter,B,,,BAO_0000190,BAO_0000219,cell-based format,Cc1ccn(CC(=O)Nc2ccc(CCNC[C@H](O)c3cccnc3)cc2)n1,,,CHEMBL1155428,Bioorg Med Chem Lett,2010.0,,,CHEMBL1095042,,CHEMBL1095042,,0,http://www.openphacts.org/units/Nanomolar,895787,>,1,1,>,,IC50,nM,,20000.0,CHEMBL213,Homo sapiens,Beta-1 adrenergic receptor,9606,,,IC50,uM,UO_0000065,,20.0
,,3188744,[],CHEMBL1105984,Displacement of [125I]cyanopindolol from human beta 1 adrenergic receptor expressed in CHO cells at 10 uM after 3 to 4 hrs by scintillation counter,B,,,BAO_0000190,BAO_0000219,cell-based format,Cc1cc(C)n(CC(=O)Nc2ccc(CCNC[C@H](O)c3cccnc3)cc2)n1,,,CHEMBL1155428,Bioorg Med Chem Lett,2010.0,,,CHEMBL1090416,,CHEMBL1090416,,0,http://www.openphacts.org/units/Nanomolar,895872,>,1,1,>,,IC50,nM,,20000.0,CHEMBL213,Homo sapiens,Beta-1 adrenergic receptor,9606,,,IC50,uM,UO_0000065,,20.0
,,3188748,[],CHEMBL1105984,Displacement of [125I]cyanopindolol from human beta 1 adrenergic receptor expressed in CHO cells at 10 uM after 3 to 4 hrs by scintillation counter,B,,,BAO_0000190,BAO_0000219,cell-based format,O=C(Cn1nc(-c2ccccc2)cc1-c1ccccc1)Nc1ccc(CCNC[C@H](O)c2cccnc2)cc1,,,CHEMBL1155428,Bioorg Med Chem Lett,2010.0,,,CHEMBL1083216,,CHEMBL1083216,,0,http://www.openphacts.org/units/Nanomolar,895873,>,1,1,>,,IC50,nM,,20000.0,CHEMBL213,Homo sapiens,Beta-1 adrenergic receptor,9606,,,IC50,uM,UO_0000065,,20.0
,,3188752,[],CHEMBL1105984,Displacement of [125I]cyanopindolol from human beta 1 adrenergic receptor expressed in CHO cells at 10 uM after 3 to 4 hrs by scintillation counter,B,,,BAO_0000190,BAO_0000219,cell-based format,CC(C(=O)Nc1ccc(CCNC[C@H](O)c2cccnc2)cc1)n1cccn1,,,CHEMBL1155428,Bioorg Med Chem Lett,2010.0,,,CHEMBL1093385,,CHEMBL1093385,,0,http://www.openphacts.org/units/Nanomolar,895874,>,1,1,>,,IC50,nM,,20000.0,CHEMBL213,Homo sapiens,Beta-1 adrenergic receptor,9606,,,IC50,uM,UO_0000065,,20.0
,,3188756,[],CHEMBL1105984,Displacement of [125I]cyanopindolol from human beta 1 adrenergic receptor expressed in CHO cells at 10 uM after 3 to 4 hrs by scintillation counter,B,,,BAO_0000190,BAO_0000219,cell-based format,CC(C(=O)Nc1ccc(CCNC[C@H](O)c2cccnc2)cc1)n1cccn1.Cl,,,CHEMBL1155428,Bioorg Med Chem Lett,2010.0,,,CHEMBL1204416,,CHEMBL1093385,,0,http://www.openphacts.org/units/Nanomolar,895875,>,1,1,>,,IC50,nM,,20000.0,CHEMBL213,Homo sapiens,Beta-1 adrenergic receptor,9606,,,IC50,uM,UO_0000065,,20.0
,,3188760,[],CHEMBL1105984,Displacement of [125I]cyanopindolol from human beta 1 adrenergic receptor expressed in CHO cells at 10 uM after 3 to 4 hrs by scintillation counter,B,,,BAO_0000190,BAO_0000219,cell-based format,CC(C)(C(=O)Nc1ccc(CCNC[C@H](O)c2cccnc2)cc1)n1cccn1,,,CHEMBL1155428,Bioorg Med Chem Lett,2010.0,,,CHEMBL1091478,,CHEMBL1091478,,0,http://www.openphacts.org/units/Nanomolar,895966,>,1,1,>,,IC50,nM,,20000.0,CHEMBL213,Homo sapiens,Beta-1 adrenergic receptor,9606,,,IC50,uM,UO_0000065,,20.0
,,3188764,[],CHEMBL1105984,Displacement of [125I]cyanopindolol from human beta 1 adrenergic receptor expressed in CHO cells at 10 uM after 3 to 4 hrs by scintillation counter,B,,,BAO_0000190,BAO_0000219,cell-based format,Cc1cc(C)n(C(C)C(=O)Nc2ccc(CCNC[C@H](O)c3cccnc3)cc2)n1,,,CHEMBL1155428,Bioorg Med Chem Lett,2010.0,,,CHEMBL1091479,,CHEMBL1091479,,0,http://www.openphacts.org/units/Nanomolar,895967,>,1,1,>,,IC50,nM,,20000.0,CHEMBL213,Homo sapiens,Beta-1 adrenergic receptor,9606,,,IC50,uM,UO_0000065,,20.0
,,3188768,[],CHEMBL1105984,Displacement of [125I]cyanopindolol from human beta 1 adrenergic receptor expressed in CHO cells at 10 uM after 3 to 4 hrs by scintillation counter,B,,,BAO_0000190,BAO_0000219,cell-based format,CC(C(=O)Nc1ccc(CCNC[C@H](O)c2cccnc2)cc1)c1csc(N)n1,,,CHEMBL1155428,Bioorg Med Chem Lett,2010.0,,,CHEMBL1091816,,CHEMBL1091816,,0,http://www.openphacts.org/units/Nanomolar,895968,>,1,1,>,,IC50,nM,,20000.0,CHEMBL213,Homo sapiens,Beta-1 adrenergic receptor,9606,,,IC50,uM,UO_0000065,,20.0
,,3188772,[],CHEMBL1105984,Displacement of [125I]cyanopindolol from human beta 1 adrenergic receptor expressed in CHO cells at 10 uM after 3 to 4 hrs by scintillation counter,B,,,BAO_0000190,BAO_0000219,cell-based format,CNc1nc(CC(=O)Nc2ccc(CCNC[C@H](O)c3cccnc3)cc2)cs1,,,CHEMBL1155428,Bioorg Med Chem Lett,2010.0,"{'bei': '14.96', 'le': '0.29', 'lle': '3.52', 'sei': '6.21'}",,CHEMBL1089052,,CHEMBL1089052,6.16,0,http://www.openphacts.org/units/Nanomolar,895969,=,1,1,=,,IC50,nM,,700.0,CHEMBL213,Homo sapiens,Beta-1 adrenergic receptor,9606,,,IC50,uM,UO_0000065,,0.7
,,3188776,[],CHEMBL1105984,Displacement of [125I]cyanopindolol from human beta 1 adrenergic receptor expressed in CHO cells at 10 uM after 3 to 4 hrs by scintillation counter,B,,,BAO_0000190,BAO_0000219,cell-based format,Cc1nc(CC(=O)Nc2ccc(CCNC[C@H](O)c3cccnc3)cc2)c(C)s1,,,CHEMBL1155428,Bioorg Med Chem Lett,2010.0,,,CHEMBL1089053,,CHEMBL1089053,,0,http://www.openphacts.org/units/Nanomolar,895970,>,1,1,>,,IC50,nM,,20000.0,CHEMBL213,Homo sapiens,Beta-1 adrenergic receptor,9606,,,IC50,uM,UO_0000065,,20.0
,,3188780,[],CHEMBL1105984,Displacement of [125I]cyanopindolol from human beta 1 adrenergic receptor expressed in CHO cells at 10 uM after 3 to 4 hrs by scintillation counter,B,,,BAO_0000190,BAO_0000219,cell-based format,O=C(Nc1ccc(CCNC[C@H](O)c2cccnc2)cc1)c1ccccc1-c1ccccc1,,,CHEMBL1155428,Bioorg Med Chem Lett,2010.0,"{'bei': '11.17', 'le': '0.20', 'lle': '0.02', 'sei': '6.58'}",,CHEMBL1089395,,CHEMBL1089395,4.89,0,http://www.openphacts.org/units/Nanomolar,896054,=,1,1,=,,IC50,nM,,13000.0,CHEMBL213,Homo sapiens,Beta-1 adrenergic receptor,9606,,,IC50,uM,UO_0000065,,13.0
,,3188784,[],CHEMBL1105984,Displacement of [125I]cyanopindolol from human beta 1 adrenergic receptor expressed in CHO cells at 10 uM after 3 to 4 hrs by scintillation counter,B,,,BAO_0000190,BAO_0000219,cell-based format,O=C(Nc1ccc(CCNC[C@H](O)c2cccnc2)cc1)c1cccc(-c2ccccc2)c1,,,CHEMBL1155428,Bioorg Med Chem Lett,2010.0,"{'bei': '12.14', 'le': '0.22', 'lle': '0.44', 'sei': '7.15'}",,CHEMBL1089396,,CHEMBL1089396,5.31,0,http://www.openphacts.org/units/Nanomolar,896055,=,1,1,=,,IC50,nM,,4900.0,CHEMBL213,Homo sapiens,Beta-1 adrenergic receptor,9606,,,IC50,uM,UO_0000065,,4.9
,,3188788,[],CHEMBL1105984,Displacement of [125I]cyanopindolol from human beta 1 adrenergic receptor expressed in CHO cells at 10 uM after 3 to 4 hrs by scintillation counter,B,,,BAO_0000190,BAO_0000219,cell-based format,O=C(Nc1ccc(CCNC[C@H](O)c2cccnc2)cc1)c1ccc(-c2ccccc2)cc1,,,CHEMBL1155428,Bioorg Med Chem Lett,2010.0,"{'bei': '13.08', 'le': '0.24', 'lle': '0.85', 'sei': '7.71'}",,CHEMBL1089734,,CHEMBL1089734,5.72,0,http://www.openphacts.org/units/Nanomolar,896056,=,1,1,=,,IC50,nM,,1900.0,CHEMBL213,Homo sapiens,Beta-1 adrenergic receptor,9606,,,IC50,uM,UO_0000065,,1.9
,,3188792,[],CHEMBL1105984,Displacement of [125I]cyanopindolol from human beta 1 adrenergic receptor expressed in CHO cells at 10 uM after 3 to 4 hrs by scintillation counter,B,,,BAO_0000190,BAO_0000219,cell-based format,O=C(Nc1ccc(CCNC[C@H](O)c2cccnc2)cc1)c1ccccc1N1CCCC1,,,CHEMBL1155428,Bioorg Med Chem Lett,2010.0,,,CHEMBL1089735,,CHEMBL1089735,,0,http://www.openphacts.org/units/Nanomolar,896057,>,1,1,>,,IC50,nM,,20000.0,CHEMBL213,Homo sapiens,Beta-1 adrenergic receptor,9606,,,IC50,uM,UO_0000065,,20.0
,,3188796,[],CHEMBL1105984,Displacement of [125I]cyanopindolol from human beta 1 adrenergic receptor expressed in CHO cells at 10 uM after 3 to 4 hrs by scintillation counter,B,,,BAO_0000190,BAO_0000219,cell-based format,O=C(Nc1ccc(CCNC[C@H](O)c2cccnc2)cc1)c1ccccc1-n1nccn1,,,CHEMBL1155428,Bioorg Med Chem Lett,2010.0,,,CHEMBL1085441,,CHEMBL1085441,,0,http://www.openphacts.org/units/Nanomolar,896138,>,1,1,>,,IC50,nM,,10000.0,CHEMBL213,Homo sapiens,Beta-1 adrenergic receptor,9606,,,IC50,uM,UO_0000065,,10.0
,,3188800,[],CHEMBL1105984,Displacement of [125I]cyanopindolol from human beta 1 adrenergic receptor expressed in CHO cells at 10 uM after 3 to 4 hrs by scintillation counter,B,,,BAO_0000190,BAO_0000219,cell-based format,O=C(Nc1ccc(CCNC[C@H](O)c2cccnc2)cc1)c1ccccc1-c1ncc[nH]1,,,CHEMBL1155428,Bioorg Med Chem Lett,2010.0,,,CHEMBL1085442,,CHEMBL1085442,,0,http://www.openphacts.org/units/Nanomolar,896139,>,1,1,>,,IC50,nM,,10000.0,CHEMBL213,Homo sapiens,Beta-1 adrenergic receptor,9606,,,IC50,uM,UO_0000065,,10.0
,,3188804,[],CHEMBL1105984,Displacement of [125I]cyanopindolol from human beta 1 adrenergic receptor expressed in CHO cells at 10 uM after 3 to 4 hrs by scintillation counter,B,,,BAO_0000190,BAO_0000219,cell-based format,O=C(Nc1ccc(CCNC[C@H](O)c2cccnc2)cc1)c1ccccc1-c1nc2ccccc2s1,,,CHEMBL1155428,Bioorg Med Chem Lett,2010.0,"{'bei': '10.72', 'le': '0.20', 'lle': '-0.18', 'sei': '6.08'}",,CHEMBL1083831,,CHEMBL1083831,5.30,0,http://www.openphacts.org/units/Nanomolar,896140,=,1,1,=,,IC50,nM,,5000.0,CHEMBL213,Homo sapiens,Beta-1 adrenergic receptor,9606,,,IC50,uM,UO_0000065,,5.0
,,3188808,[],CHEMBL1105984,Displacement of [125I]cyanopindolol from human beta 1 adrenergic receptor expressed in CHO cells at 10 uM after 3 to 4 hrs by scintillation counter,B,,,BAO_0000190,BAO_0000219,cell-based format,O=C(Nc1ccc(CCNC[C@H](O)c2cccnc2)cc1)c1ccccc1C1CCCCC1,,,CHEMBL1155428,Bioorg Med Chem Lett,2010.0,"{'bei': '11.77', 'le': '0.22', 'lle': '-0.03', 'sei': '7.03'}",,CHEMBL1083832,,CHEMBL1083832,5.22,0,http://www.openphacts.org/units/Nanomolar,896141,=,1,1,=,,IC50,nM,,6000.0,CHEMBL213,Homo sapiens,Beta-1 adrenergic receptor,9606,,,IC50,uM,UO_0000065,,6.0
,,3188812,[],CHEMBL1105984,Displacement of [125I]cyanopindolol from human beta 1 adrenergic receptor expressed in CHO cells at 10 uM after 3 to 4 hrs by scintillation counter,B,,,BAO_0000190,BAO_0000219,cell-based format,O=C(Nc1ccc(CCNC[C@H](O)c2cccnc2)cc1)c1ccccc1-c1ccco1,,,CHEMBL1155428,Bioorg Med Chem Lett,2010.0,,,CHEMBL1078394,,CHEMBL1078394,,0,http://www.openphacts.org/units/Nanomolar,896221,>,1,1,>,,IC50,nM,,10000.0,CHEMBL213,Homo sapiens,Beta-1 adrenergic receptor,9606,,,IC50,uM,UO_0000065,,10.0
,,3188816,[],CHEMBL1105984,Displacement of [125I]cyanopindolol from human beta 1 adrenergic receptor expressed in CHO cells at 10 uM after 3 to 4 hrs by scintillation counter,B,,,BAO_0000190,BAO_0000219,cell-based format,O=C(Nc1ccc(CCNC[C@H](O)c2cccnc2)cc1)c1ccccc1CCn1cccc1,,,CHEMBL1155428,Bioorg Med Chem Lett,2010.0,"{'bei': '10.83', 'le': '0.20', 'lle': '0.68', 'sei': '6.21'}",,CHEMBL1078395,,CHEMBL1078395,4.92,0,http://www.openphacts.org/units/Nanomolar,896222,=,1,1,=,,IC50,nM,,12000.0,CHEMBL213,Homo sapiens,Beta-1 adrenergic receptor,9606,,,IC50,uM,UO_0000065,,12.0
,,3188820,[],CHEMBL1105984,Displacement of [125I]cyanopindolol from human beta 1 adrenergic receptor expressed in CHO cells at 10 uM after 3 to 4 hrs by scintillation counter,B,,,BAO_0000190,BAO_0000219,cell-based format,O=C(Nc1ccc(CCNC[C@H](O)c2cccnc2)cc1)c1ccccc1CCc1ccccc1,,,CHEMBL1155428,Bioorg Med Chem Lett,2010.0,"{'bei': '12.07', 'le': '0.22', 'lle': '0.64', 'sei': '7.57'}",,CHEMBL1078465,,CHEMBL1078465,5.62,0,http://www.openphacts.org/units/Nanomolar,896223,=,1,1,=,,IC50,nM,,2400.0,CHEMBL213,Homo sapiens,Beta-1 adrenergic receptor,9606,,,IC50,uM,UO_0000065,,2.4
,,3188824,[],CHEMBL1105984,Displacement of [125I]cyanopindolol from human beta 1 adrenergic receptor expressed in CHO cells at 10 uM after 3 to 4 hrs by scintillation counter,B,,,BAO_0000190,BAO_0000219,cell-based format,O=C(Nc1ccc(CCNC[C@H](O)c2cccnc2)cc1)c1ccccc1-c1nc2ccccc2[nH]1,,,CHEMBL1155428,Bioorg Med Chem Lett,2010.0,"{'bei': '12.08', 'le': '0.22', 'lle': '1.03', 'sei': '5.61'}",,CHEMBL1078575,,CHEMBL1078575,5.77,0,http://www.openphacts.org/units/Nanomolar,896224,=,1,1,=,,IC50,nM,,1700.0,CHEMBL213,Homo sapiens,Beta-1 adrenergic receptor,9606,,,IC50,uM,UO_0000065,,1.7
,,3188828,[],CHEMBL1105984,Displacement of [125I]cyanopindolol from human beta 1 adrenergic receptor expressed in CHO cells at 10 uM after 3 to 4 hrs by scintillation counter,B,,,BAO_0000190,BAO_0000219,cell-based format,O=C(Nc1ccc(CCNC[C@H](O)c2cccnc2)cc1)c1ccccc1COc1ccccc1,,,CHEMBL1155428,Bioorg Med Chem Lett,2010.0,"{'bei': '10.71', 'le': '0.20', 'lle': '0.23', 'sei': '6.00'}",,CHEMBL1078495,,CHEMBL1078495,5.01,0,http://www.openphacts.org/units/Nanomolar,896318,=,1,1,=,,IC50,nM,,9800.0,CHEMBL213,Homo sapiens,Beta-1 adrenergic receptor,9606,,,IC50,uM,UO_0000065,,9.8
,,3188832,[],CHEMBL1105984,Displacement of [125I]cyanopindolol from human beta 1 adrenergic receptor expressed in CHO cells at 10 uM after 3 to 4 hrs by scintillation counter,B,,,BAO_0000190,BAO_0000219,cell-based format,O=C(Nc1ccc(CCNC[C@H](O)c2cccnc2)cc1)c1cccc(CCn2cccc2)c1,,,CHEMBL1155428,Bioorg Med Chem Lett,2010.0,,,CHEMBL1078496,,CHEMBL1078496,,0,http://www.openphacts.org/units/Nanomolar,896319,>,1,1,>,,IC50,nM,,10000.0,CHEMBL213,Homo sapiens,Beta-1 adrenergic receptor,9606,,,IC50,uM,UO_0000065,,10.0
,,3188836,[],CHEMBL1105984,Displacement of [125I]cyanopindolol from human beta 1 adrenergic receptor expressed in CHO cells at 10 uM after 3 to 4 hrs by scintillation counter,B,,,BAO_0000190,BAO_0000219,cell-based format,O=C(Nc1ccc(CCNC[C@H](O)c2cccnc2)cc1)c1cccc(-c2ncc[nH]2)c1,,,CHEMBL1155428,Bioorg Med Chem Lett,2010.0,"{'bei': '12.60', 'le': '0.23', 'lle': '1.80', 'sei': '5.23'}",,CHEMBL1078576,,CHEMBL1078576,5.39,0,http://www.openphacts.org/units/Nanomolar,896320,=,1,1,=,,IC50,nM,,4100.0,CHEMBL213,Homo sapiens,Beta-1 adrenergic receptor,9606,,,IC50,uM,UO_0000065,,4.1
,,3188840,[],CHEMBL1105984,Displacement of [125I]cyanopindolol from human beta 1 adrenergic receptor expressed in CHO cells at 10 uM after 3 to 4 hrs by scintillation counter,B,,,BAO_0000190,BAO_0000219,cell-based format,O=C(Nc1ccc(CCNC[C@H](O)c2cccnc2)cc1)c1cccc(CCc2ccccc2)c1,,,CHEMBL1155428,Bioorg Med Chem Lett,2010.0,"{'bei': '11.59', 'le': '0.21', 'lle': '0.42', 'sei': '7.27'}",,CHEMBL1078749,,CHEMBL1078749,5.40,0,http://www.openphacts.org/units/Nanomolar,896321,=,1,1,=,,IC50,nM,,4000.0,CHEMBL213,Homo sapiens,Beta-1 adrenergic receptor,9606,,,IC50,uM,UO_0000065,,4.0
,,3188844,[],CHEMBL1105984,Displacement of [125I]cyanopindolol from human beta 1 adrenergic receptor expressed in CHO cells at 10 uM after 3 to 4 hrs by scintillation counter,B,,,BAO_0000190,BAO_0000219,cell-based format,O=C(Nc1ccc(CCNC[C@H](O)c2cccnc2)cc1)c1ccc(CCc2ccccc2)cc1,,,CHEMBL1155428,Bioorg Med Chem Lett,2010.0,"{'bei': '12.29', 'le': '0.22', 'lle': '0.74', 'sei': '7.71'}",,CHEMBL1078695,,CHEMBL1078695,5.72,0,http://www.openphacts.org/units/Nanomolar,896415,=,1,1,=,,IC50,nM,,1900.0,CHEMBL213,Homo sapiens,Beta-1 adrenergic receptor,9606,,,IC50,uM,UO_0000065,,1.9
,,3188848,[],CHEMBL1105984,Displacement of [125I]cyanopindolol from human beta 1 adrenergic receptor expressed in CHO cells at 10 uM after 3 to 4 hrs by scintillation counter,B,,,BAO_0000190,BAO_0000219,cell-based format,Cc1ccc(N2CCCC2)c(C(=O)Nc2ccc(CCNC[C@H](O)c3cccnc3)cc2)c1,,,CHEMBL1155428,Bioorg Med Chem Lett,2010.0,"{'bei': '11.07', 'le': '0.20', 'lle': '0.81', 'sei': '6.35'}",,CHEMBL1078696,,CHEMBL1078696,4.92,0,http://www.openphacts.org/units/Nanomolar,896416,=,1,1,=,,IC50,nM,,12000.0,CHEMBL213,Homo sapiens,Beta-1 adrenergic receptor,9606,,,IC50,uM,UO_0000065,,12.0
,,3188852,[],CHEMBL1105984,Displacement of [125I]cyanopindolol from human beta 1 adrenergic receptor expressed in CHO cells at 10 uM after 3 to 4 hrs by scintillation counter,B,,,BAO_0000190,BAO_0000219,cell-based format,Cc1ccc(C(=O)Nc2ccc(CCNC[C@H](O)c3cccnc3)cc2)c(N2CCCC2)c1,,,CHEMBL1155428,Bioorg Med Chem Lett,2010.0,"{'bei': '10.62', 'le': '0.20', 'lle': '0.61', 'sei': '6.09'}",,CHEMBL1078876,,CHEMBL1078876,4.72,0,http://www.openphacts.org/units/Nanomolar,896417,=,1,1,=,,IC50,nM,,19000.0,CHEMBL213,Homo sapiens,Beta-1 adrenergic receptor,9606,,,IC50,uM,UO_0000065,,19.0
,,3308433,[],CHEMBL1120622,Antagonist activity at human adrenergic beta-1 receptor expressed in CHOK1 cells assessed as inhibition of cAMP accumulation by HTRF assay,F,,,BAO_0000190,BAO_0000219,cell-based format,Cc1ccc(C(C)C)c(OCC(O)CN2CCC(CN3C(=O)c4cccc5cccc(c45)C3=O)CC2)c1,,,CHEMBL1155476,Bioorg Med Chem Lett,2010.0,,,CHEMBL1083994,,CHEMBL1083994,6.42,0,http://www.openphacts.org/units/Nanomolar,913736,=,1,1,=,,IC50,nM,,377.0,CHEMBL213,Homo sapiens,Beta-1 adrenergic receptor,9606,,,IC50,nM,UO_0000065,,377.0
,Not Determined,3308434,[],CHEMBL1120622,Antagonist activity at human adrenergic beta-1 receptor expressed in CHOK1 cells assessed as inhibition of cAMP accumulation by HTRF assay,F,,,BAO_0000190,BAO_0000219,cell-based format,C=CCc1ccccc1OCC(O)CN1CCC(CN2C(=O)c3cccc4cccc(c34)C2=O)CC1,,,CHEMBL1155476,Bioorg Med Chem Lett,2010.0,,,CHEMBL1086005,,CHEMBL1086005,,0,,913807,,1,0,,,IC50,,,,CHEMBL213,Homo sapiens,Beta-1 adrenergic receptor,9606,,,IC50,,,,
,Not Determined,3308435,[],CHEMBL1120622,Antagonist activity at human adrenergic beta-1 receptor expressed in CHOK1 cells assessed as inhibition of cAMP accumulation by HTRF assay,F,,,BAO_0000190,BAO_0000219,cell-based format,COc1ccc(OCC(O)CNC2CCN(c3ncnc4scc(-c5ccccc5)c34)CC2)cc1,,,CHEMBL1155476,Bioorg Med Chem Lett,2010.0,,,CHEMBL1083995,,CHEMBL1083995,,0,,913808,,1,0,,,IC50,,,,CHEMBL213,Homo sapiens,Beta-1 adrenergic receptor,9606,,,IC50,,,,
,,3380886,[],CHEMBL1212466,Displacement of [3H](-)CGP 12177 from human recombinant beta-1 receptor expressed in HEK293 cells,B,,,BAO_0000190,BAO_0000219,cell-based format,C/C(=N\OC(=O)Nc1ccccc1)c1cccc(-c2cccs2)c1,,,CHEMBL1208724,Bioorg Med Chem Lett,2010.0,,,CHEMBL1210154,,CHEMBL1210154,,0,http://www.openphacts.org/units/Nanomolar,928039,>,1,1,>,,IC50,nM,,10000.0,CHEMBL213,Homo sapiens,Beta-1 adrenergic receptor,9606,,,IC50,nM,UO_0000065,,10000.0
,,3409025,[],CHEMBL1219852,Inhibition of beta-1 adrenoceptor ( assessed as residual activity at 1 uM ),B,,,BAO_0000190,BAO_0000357,single protein format,c1cc2c(N3CCNCC3)nc(-c3ccnc(NC4CCCCC4)c3)cc2cn1,,,CHEMBL1212910,J Med Chem,2010.0,"{'bei': '14.49', 'le': '0.27', 'lle': '1.78', 'sei': '8.53'}",,CHEMBL1214998,,CHEMBL1214998,5.63,0,http://www.openphacts.org/units/Nanomolar,932649,=,1,1,=,,IC50,nM,,2351.0,CHEMBL213,Homo sapiens,Beta-1 adrenergic receptor,9606,,,IC50,nM,UO_0000065,,2351.0
,,3409196,[],CHEMBL1219893,Inhibition of beta-1 adrenoceptor,B,,,BAO_0000190,BAO_0000357,single protein format,NC(=O)c1cc(-c2ccnc(NC3CCCCC3)c2)nc(N2CCNCC2)c1,,,CHEMBL1212911,J Med Chem,2010.0,"{'bei': '13.35', 'le': '0.25', 'lle': '2.68', 'sei': '5.28'}",,CHEMBL1214999,,CHEMBL1214999,5.08,0,http://www.openphacts.org/units/Nanomolar,932650,=,1,1,=,,IC50,nM,,8300.0,CHEMBL213,Homo sapiens,Beta-1 adrenergic receptor,9606,,,IC50,nM,UO_0000065,,8300.0
,,3437274,[],CHEMBL1247726,Binding affinity to human recombinant adrenergic beta-1 receptor,B,,,BAO_0000190,BAO_0000357,single protein format,C[C@H]1Cc2c([nH]c3cc(Cl)c(F)cc23)[C@@]2(N1)C(=O)Nc1ccc(Cl)cc12,,,CHEMBL1240532,Science,2010.0,,,CHEMBL1082723,CIPARGAMIN,CHEMBL1082723,,0,http://www.openphacts.org/units/Nanomolar,954993,>,1,1,>,,IC50,nM,,10000.0,CHEMBL213,Homo sapiens,Beta-1 adrenergic receptor,9606,,,IC50,uM,UO_0000065,,10.0
,,3557047,[],CHEMBL1286232,Displacement of [3H](-)CGP12177 from human recombinant beta-1 adrenergic receptor,B,,,BAO_0000190,BAO_0000357,single protein format,Nn1c(CCCCN2CCN(c3ccc4ccccc4n3)CC2)nc2c(c1=O)CCCC2,,,CHEMBL1275331,J Med Chem,2010.0,,,CHEMBL1278088,,CHEMBL1278088,,0,http://www.openphacts.org/units/Nanomolar,972655,>,1,1,>,,IC50,nM,,1000.0,CHEMBL213,Homo sapiens,Beta-1 adrenergic receptor,9606,,,IC50,10'-6 mol/L,UO_0000065,,1.0
,,5165962,[],CHEMBL1663575,Inhibition of human alpha1 adrenoceptor,B,,,BAO_0000190,BAO_0000357,single protein format,CC(C)NCC(O)COc1ccc(CC(N)=O)cc1,,,CHEMBL1649335,Bioorg Med Chem,2010.0,"{'bei': '21.72', 'le': '0.42', 'lle': '5.34', 'sei': '6.84'}",,CHEMBL24,ATENOLOL,CHEMBL24,5.79,0,http://www.openphacts.org/units/Nanomolar,1323890,=,1,1,=,,IC50,nM,,1640.0,CHEMBL213,Homo sapiens,Beta-1 adrenergic receptor,9606,,,IC50,nM,UO_0000065,,1640.0
,,5248481,[],CHEMBL1687004,Agonist activity at human beta1 adrenergic receptor,F,,,BAO_0000190,BAO_0000019,assay format,O=S(=O)(Nc1ccc(CCNC[C@H](O)c2ccccc2)cc1)c1ccc(-c2nc(-c3ccc(C(F)(F)F)cc3)cs2)cc1,,,CHEMBL1681775,Bioorg Med Chem Lett,2011.0,,,CHEMBL1684578,,CHEMBL1684578,5.98,0,http://www.openphacts.org/units/Nanomolar,1335957,=,1,1,=,,IC50,nM,,1040.0,CHEMBL213,Homo sapiens,Beta-1 adrenergic receptor,9606,,,IC50,nM,UO_0000065,,1040.0
,,5248482,[],CHEMBL1687004,Agonist activity at human beta1 adrenergic receptor,F,,,BAO_0000190,BAO_0000019,assay format,O=S(=O)(Nc1ccc(CC2CC[C@H]([C@H](O)c3ccccc3)N2)cc1)c1ccc(-c2nc(-c3ccc(C(F)(F)F)cc3)cs2)cc1,,,CHEMBL1681775,Bioorg Med Chem Lett,2011.0,,,CHEMBL1684577,,CHEMBL1684577,5.53,0,http://www.openphacts.org/units/Nanomolar,1335955,=,1,1,=,,IC50,nM,,2930.0,CHEMBL213,Homo sapiens,Beta-1 adrenergic receptor,9606,,,IC50,nM,UO_0000065,,2930.0
,,5248483,[],CHEMBL1687004,Agonist activity at human beta1 adrenergic receptor,F,,,BAO_0000190,BAO_0000019,assay format,O=S(=O)(Nc1ccc(CC2CC[C@@H]([C@@H](O)c3ccccc3)N2)cc1)c1ccc(-c2nc(-c3ccc(C(F)(F)F)cc3)cs2)cc1,,,CHEMBL1681775,Bioorg Med Chem Lett,2011.0,,,CHEMBL1684580,,CHEMBL1684580,5.75,0,http://www.openphacts.org/units/Nanomolar,1335959,=,1,1,=,,IC50,nM,,1780.0,CHEMBL213,Homo sapiens,Beta-1 adrenergic receptor,9606,,,IC50,nM,UO_0000065,,1780.0
,,5248484,[],CHEMBL1687004,Agonist activity at human beta1 adrenergic receptor,F,,,BAO_0000190,BAO_0000019,assay format,O=S(=O)(Nc1ccc(CC2CC[C@@H]([C@H](O)c3ccccc3)N2)cc1)c1ccc(-c2nc(-c3ccc(C(F)(F)F)cc3)cs2)cc1,,,CHEMBL1681775,Bioorg Med Chem Lett,2011.0,,,CHEMBL1684581,,CHEMBL1684581,5.67,0,http://www.openphacts.org/units/Nanomolar,1335960,=,1,1,=,,IC50,nM,,2150.0,CHEMBL213,Homo sapiens,Beta-1 adrenergic receptor,9606,,,IC50,nM,UO_0000065,,2150.0
,,5248485,[],CHEMBL1687004,Agonist activity at human beta1 adrenergic receptor,F,,,BAO_0000190,BAO_0000019,assay format,O=S(=O)(Nc1ccc(CC2CC[C@H]([C@@H](O)c3ccccc3)N2)cc1)c1ccc(-c2nc(-c3ccc(C(F)(F)F)cc3)cs2)cc1,,,CHEMBL1681775,Bioorg Med Chem Lett,2011.0,,,CHEMBL1684582,,CHEMBL1684582,5.82,0,http://www.openphacts.org/units/Nanomolar,1335961,=,1,1,=,,IC50,nM,,1520.0,CHEMBL213,Homo sapiens,Beta-1 adrenergic receptor,9606,,,IC50,nM,UO_0000065,,1520.0
,,5248486,[],CHEMBL1687004,Agonist activity at human beta1 adrenergic receptor,F,,,BAO_0000190,BAO_0000019,assay format,O=S(=O)(Nc1ccc(C[C@@H]2CC[C@H]([C@H](O)c3ccccc3)N2)cc1)c1ccc(-c2nc(-c3ccc(C(F)(F)F)cc3)cs2)cc1,,,CHEMBL1681775,Bioorg Med Chem Lett,2011.0,,,CHEMBL1684583,,CHEMBL1684583,5.66,0,http://www.openphacts.org/units/Nanomolar,1335962,=,1,1,=,,IC50,nM,,2189.0,CHEMBL213,Homo sapiens,Beta-1 adrenergic receptor,9606,,,IC50,nM,UO_0000065,,2189.0
,,5248487,[],CHEMBL1687004,Agonist activity at human beta1 adrenergic receptor,F,,,BAO_0000190,BAO_0000019,assay format,O=S(=O)(Nc1ccc(C[C@H]2CC[C@H]([C@H](O)c3ccccc3)N2)cc1)c1ccc(-c2nc(-c3ccc(C(F)(F)F)cc3)cs2)cc1,,,CHEMBL1681775,Bioorg Med Chem Lett,2011.0,,,CHEMBL1684584,,CHEMBL1684584,6.62,0,http://www.openphacts.org/units/Nanomolar,1335963,=,1,1,=,,IC50,nM,,242.0,CHEMBL213,Homo sapiens,Beta-1 adrenergic receptor,9606,,,IC50,nM,UO_0000065,,242.0
,,5248488,[],CHEMBL1687004,Agonist activity at human beta1 adrenergic receptor,F,,,BAO_0000190,BAO_0000019,assay format,Nc1nc(CC(=O)Nc2ccc(C[C@@H]3CC[C@H]([C@H](O)c4ccccc4)N3)cc2)cs1,,,CHEMBL1681775,Bioorg Med Chem Lett,2011.0,,,CHEMBL1684585,,CHEMBL1684585,,0,http://www.openphacts.org/units/Nanomolar,1335964,>,1,1,>,,IC50,nM,,20000.0,CHEMBL213,Homo sapiens,Beta-1 adrenergic receptor,9606,,,IC50,uM,UO_0000065,,20.0
,,6291328,[],CHEMBL1810625,Binding affinity to adrenergic beta1 receptor,B,,,BAO_0000190,BAO_0000357,single protein format,CN(CCOCCCNC[C@H](O)c1ccc(O)c2[nH]c(=O)sc12)CCc1ccccc1,,,CHEMBL1806408,Bioorg Med Chem Lett,2011.0,"{'bei': '14.36', 'le': '0.28', 'lle': '3.90', 'sei': '6.54'}",,CHEMBL1807874,,CHEMBL1807874,6.40,0,http://www.openphacts.org/units/Nanomolar,1444302,=,1,1,=,,IC50,nM,,398.11,CHEMBL213,Homo sapiens,Beta-1 adrenergic receptor,9606,,,pIC50,,UO_0000065,,6.4
,,6291329,[],CHEMBL1810625,Binding affinity to adrenergic beta1 receptor,B,,,BAO_0000190,BAO_0000357,single protein format,O=c1[nH]c2c(O)ccc([C@@H](O)CNCCCOCCNCCc3cccc(Cl)c3Cl)c2s1,,,CHEMBL1806408,Bioorg Med Chem Lett,2011.0,"{'bei': '14.59', 'le': '0.31', 'lle': '3.84', 'sei': '6.85'}",,CHEMBL1807873,,CHEMBL1807873,7.30,0,http://www.openphacts.org/units/Nanomolar,1444301,=,1,1,=,,IC50,nM,,50.12,CHEMBL213,Homo sapiens,Beta-1 adrenergic receptor,9606,,,pIC50,,UO_0000065,,7.3
,,6291330,[],CHEMBL1810625,Binding affinity to adrenergic beta1 receptor,B,,,BAO_0000190,BAO_0000357,single protein format,O=c1[nH]c2c(O)ccc([C@@H](O)CNCCCOCCNCCc3cccc(Cl)c3)c2s1,,,CHEMBL1806408,Bioorg Med Chem Lett,2011.0,"{'bei': '15.45', 'le': '0.32', 'lle': '4.39', 'sei': '6.75'}",,CHEMBL1807872,,CHEMBL1807872,7.20,0,http://www.openphacts.org/units/Nanomolar,1444300,=,1,1,=,,IC50,nM,,63.1,CHEMBL213,Homo sapiens,Beta-1 adrenergic receptor,9606,,,pIC50,,UO_0000065,,7.2
,,6291331,[],CHEMBL1810625,Binding affinity to adrenergic beta1 receptor,B,,,BAO_0000190,BAO_0000357,single protein format,O=c1[nH]c2c(O)ccc([C@@H](O)CNCCCSCCNCCc3cccc(Cl)c3Cl)c2s1,,,CHEMBL1806408,Bioorg Med Chem Lett,2011.0,"{'bei': '13.75', 'le': '0.30', 'lle': '2.92', 'sei': '7.29'}",,CHEMBL1807871,,CHEMBL1807871,7.10,0,http://www.openphacts.org/units/Nanomolar,1444299,=,1,1,=,,IC50,nM,,79.43,CHEMBL213,Homo sapiens,Beta-1 adrenergic receptor,9606,,,pIC50,,UO_0000065,,7.1
,,6291332,[],CHEMBL1810625,Binding affinity to adrenergic beta1 receptor,B,,,BAO_0000190,BAO_0000357,single protein format,O=c1[nH]c2c(O)ccc([C@@H](O)CNCCCSCCNCCc3ccccc3Cl)c2s1,,,CHEMBL1806408,Bioorg Med Chem Lett,2011.0,"{'bei': '15.35', 'le': '0.33', 'lle': '3.87', 'sei': '7.60'}",,CHEMBL1807870,,CHEMBL1807870,7.40,0,http://www.openphacts.org/units/Nanomolar,1444298,=,1,1,=,,IC50,nM,,39.81,CHEMBL213,Homo sapiens,Beta-1 adrenergic receptor,9606,,,pIC50,,UO_0000065,,7.4
,,6291333,[],CHEMBL1810625,Binding affinity to adrenergic beta1 receptor,B,,,BAO_0000190,BAO_0000357,single protein format,O=c1[nH]c2c(O)ccc([C@@H](O)CNCCCSCCNCCc3cccc(Cl)c3)c2s1,,,CHEMBL1806408,Bioorg Med Chem Lett,2011.0,"{'bei': '14.31', 'le': '0.30', 'lle': '3.37', 'sei': '7.09'}",,CHEMBL1807869,,CHEMBL1807869,6.90,0,http://www.openphacts.org/units/Nanomolar,1444297,=,1,1,=,,IC50,nM,,125.89,CHEMBL213,Homo sapiens,Beta-1 adrenergic receptor,9606,,,pIC50,,UO_0000065,,6.9
,,6291334,[],CHEMBL1810625,Binding affinity to adrenergic beta1 receptor,B,,,BAO_0000190,BAO_0000357,single protein format,O=c1[nH]c2c(O)ccc([C@@H](O)CNCCOCCCNCCc3cccc(Cl)c3)c2s1,,,CHEMBL1806408,Bioorg Med Chem Lett,2011.0,"{'bei': '15.02', 'le': '0.31', 'lle': '4.19', 'sei': '6.57'}",,CHEMBL1807832,,CHEMBL1807832,7.00,0,http://www.openphacts.org/units/Nanomolar,1444256,=,1,1,=,,IC50,nM,,100.0,CHEMBL213,Homo sapiens,Beta-1 adrenergic receptor,9606,,,pIC50,,UO_0000065,,7.0
,,6291335,[],CHEMBL1810625,Binding affinity to adrenergic beta1 receptor,B,,,BAO_0000190,BAO_0000357,single protein format,O=c1[nH]c2c(O)ccc([C@@H](O)CNCCS(=O)(=O)CCCNCCc3cccc(Cl)c3)c2s1,,,CHEMBL1806408,Bioorg Med Chem Lett,2011.0,"{'bei': '11.87', 'le': '0.25', 'lle': '3.89', 'sei': '4.64'}",,CHEMBL1807831,,CHEMBL1807831,6.10,0,http://www.openphacts.org/units/Nanomolar,1444255,=,1,1,=,,IC50,nM,,794.33,CHEMBL213,Homo sapiens,Beta-1 adrenergic receptor,9606,,,pIC50,,UO_0000065,,6.1
,,6291336,[],CHEMBL1810625,Binding affinity to adrenergic beta1 receptor,B,,,BAO_0000190,BAO_0000357,single protein format,O=c1[nH]c2c(O)ccc([C@@H](O)CNCC[S+]([O-])CCCNCCc3cccc(Cl)c3)c2s1,,,CHEMBL1806408,Bioorg Med Chem Lett,2011.0,"{'bei': '13.65', 'le': '0.29', 'lle': '4.26', 'sei': '5.65'}",,CHEMBL1807830,,CHEMBL1807830,6.80,0,http://www.openphacts.org/units/Nanomolar,1444254,=,1,1,=,,IC50,nM,,158.49,CHEMBL213,Homo sapiens,Beta-1 adrenergic receptor,9606,,,pIC50,,UO_0000065,,6.8
,,6291337,[],CHEMBL1810625,Binding affinity to adrenergic beta1 receptor,B,,,BAO_0000190,BAO_0000357,single protein format,O=c1[nH]c2c(O)ccc([C@@H](O)CNCCSCCCNCCc3cccc(Cl)c3Cl)c2s1,,,CHEMBL1806408,Bioorg Med Chem Lett,2011.0,"{'bei': '13.75', 'le': '0.30', 'lle': '2.92', 'sei': '7.29'}",,CHEMBL1807829,,CHEMBL1807829,7.10,0,http://www.openphacts.org/units/Nanomolar,1444253,=,1,1,=,,IC50,nM,,79.43,CHEMBL213,Homo sapiens,Beta-1 adrenergic receptor,9606,,,pIC50,,UO_0000065,,7.1
,,6291338,[],CHEMBL1810625,Binding affinity to adrenergic beta1 receptor,B,,,BAO_0000190,BAO_0000357,single protein format,O=c1[nH]c2c(O)ccc([C@@H](O)CNCCSCCCNCCc3ccccc3Cl)c2s1,,,CHEMBL1806408,Bioorg Med Chem Lett,2011.0,"{'bei': '14.31', 'le': '0.30', 'lle': '3.37', 'sei': '7.09'}",,CHEMBL1807828,,CHEMBL1807828,6.90,0,http://www.openphacts.org/units/Nanomolar,1444252,=,1,1,=,,IC50,nM,,125.89,CHEMBL213,Homo sapiens,Beta-1 adrenergic receptor,9606,,,pIC50,,UO_0000065,,6.9
,,6291339,[],CHEMBL1810625,Binding affinity to adrenergic beta1 receptor,B,,,BAO_0000190,BAO_0000357,single protein format,O=c1[nH]c2c(O)ccc([C@@H](O)CNCCSCCCNCCc3cccc(Cl)c3)c2s1,,,CHEMBL1806408,Bioorg Med Chem Lett,2011.0,"{'bei': '14.11', 'le': '0.30', 'lle': '3.27', 'sei': '6.98'}",,CHEMBL1807827,,CHEMBL1807827,6.80,0,http://www.openphacts.org/units/Nanomolar,1444251,=,1,1,=,,IC50,nM,,158.49,CHEMBL213,Homo sapiens,Beta-1 adrenergic receptor,9606,,,pIC50,,UO_0000065,,6.8
,,6291340,[],CHEMBL1810625,Binding affinity to adrenergic beta1 receptor,B,,,BAO_0000190,BAO_0000357,single protein format,O=c1[nH]c2c(O)ccc([C@@H](O)CNCCSCCCNCCc3cccc(C(F)(F)F)c3)c2s1,,,CHEMBL1806408,Bioorg Med Chem Lett,2011.0,"{'bei': '13.58', 'le': '0.28', 'lle': '3.11', 'sei': '7.19'}",,CHEMBL1807826,,CHEMBL1807826,7.00,0,http://www.openphacts.org/units/Nanomolar,1444250,=,1,1,=,,IC50,nM,,100.0,CHEMBL213,Homo sapiens,Beta-1 adrenergic receptor,9606,,,pIC50,,UO_0000065,,7.0
,,6291341,[],CHEMBL1810625,Binding affinity to adrenergic beta1 receptor,B,,,BAO_0000190,BAO_0000357,single protein format,CCOc1ccc(CCNCCCSCCNC[C@H](O)c2ccc(O)c3[nH]c(=O)sc23)cc1,,,CHEMBL1806408,Bioorg Med Chem Lett,2011.0,"{'bei': '14.03', 'le': '0.29', 'lle': '3.63', 'sei': '6.47'}",,CHEMBL1807825,,CHEMBL1807825,6.90,0,http://www.openphacts.org/units/Nanomolar,1444249,=,1,1,=,,IC50,nM,,125.89,CHEMBL213,Homo sapiens,Beta-1 adrenergic receptor,9606,,,pIC50,,UO_0000065,,6.9
,,6291342,[],CHEMBL1810625,Binding affinity to adrenergic beta1 receptor,B,,,BAO_0000190,BAO_0000357,single protein format,CCc1ccc(CCNCCCSCCNC[C@H](O)c2ccc(O)c3[nH]c(=O)sc23)cc1,,,CHEMBL1806408,Bioorg Med Chem Lett,2011.0,"{'bei': '15.35', 'le': '0.31', 'lle': '3.86', 'sei': '7.50'}",,CHEMBL1807824,,CHEMBL1807824,7.30,0,http://www.openphacts.org/units/Nanomolar,1444248,=,1,1,=,,IC50,nM,,50.12,CHEMBL213,Homo sapiens,Beta-1 adrenergic receptor,9606,,,pIC50,,UO_0000065,,7.3
,,6291343,[],CHEMBL1810625,Binding affinity to adrenergic beta1 receptor,B,,,BAO_0000190,BAO_0000357,single protein format,O=c1[nH]c2c(O)ccc([C@@H](O)CNCCSCCCNCCc3ccccc3)c2s1,,,CHEMBL1806408,Bioorg Med Chem Lett,2011.0,"{'bei': '14.74', 'le': '0.30', 'lle': '3.73', 'sei': '6.78'}",,CHEMBL1807823,,CHEMBL1807823,6.60,0,http://www.openphacts.org/units/Nanomolar,1444247,=,1,1,=,,IC50,nM,,251.19,CHEMBL213,Homo sapiens,Beta-1 adrenergic receptor,9606,,,pIC50,,UO_0000065,,6.6
,,6291344,[],CHEMBL1810625,Binding affinity to adrenergic beta1 receptor,B,,,BAO_0000190,BAO_0000357,single protein format,O=c1[nH]c2c(O)ccc([C@@H](O)CNCCCOCCOCCc3cccc4ccccc34)c2s1,,,CHEMBL1806408,Bioorg Med Chem Lett,2011.0,"{'bei': '17.61', 'le': '0.34', 'lle': '4.76', 'sei': '8.19'}",,CHEMBL1807822,,CHEMBL1807822,8.50,0,http://www.openphacts.org/units/Nanomolar,1444246,=,1,1,=,,IC50,nM,,3.162,CHEMBL213,Homo sapiens,Beta-1 adrenergic receptor,9606,,,pIC50,,UO_0000065,,8.5
,,6291345,[],CHEMBL1810625,Binding affinity to adrenergic beta1 receptor,B,,,BAO_0000190,BAO_0000357,single protein format,O=c1[nH]c2c(O)ccc([C@@H](O)CNCCCOCCOCCc3ccccc3)c2s1,,,CHEMBL1806408,Bioorg Med Chem Lett,2011.0,"{'bei': '19.65', 'le': '0.39', 'lle': '5.92', 'sei': '8.19'}",,CHEMBL1807821,,CHEMBL1807821,8.50,0,http://www.openphacts.org/units/Nanomolar,1444245,=,1,1,=,,IC50,nM,,3.162,CHEMBL213,Homo sapiens,Beta-1 adrenergic receptor,9606,,,pIC50,,UO_0000065,,8.5
,,6291346,[],CHEMBL1810625,Binding affinity to adrenergic beta1 receptor,B,,,BAO_0000190,BAO_0000357,single protein format,O=c1[nH]c2c(O)ccc([C@@H](O)CNCCCSCCOCCc3cccc4ccccc34)c2s1,,,CHEMBL1806408,Bioorg Med Chem Lett,2011.0,"{'bei': '16.24', 'le': '0.33', 'lle': '3.65', 'sei': '8.56'}",,CHEMBL1807820,,CHEMBL1807820,8.10,0,http://www.openphacts.org/units/Nanomolar,1444244,=,1,1,=,,IC50,nM,,7.943,CHEMBL213,Homo sapiens,Beta-1 adrenergic receptor,9606,,,pIC50,,UO_0000065,,8.1
,,6291347,[],CHEMBL1810625,Binding affinity to adrenergic beta1 receptor,B,,,BAO_0000190,BAO_0000357,single protein format,O=c1[nH]c2c(O)ccc([C@@H](O)CNCCCSCCCOCCc3ccccc3)c2s1,,,CHEMBL1806408,Bioorg Med Chem Lett,2011.0,"{'bei': '18.16', 'le': '0.37', 'lle': '4.71', 'sei': '8.88'}",,CHEMBL1807819,,CHEMBL1807819,8.40,0,http://www.openphacts.org/units/Nanomolar,1444243,=,1,1,=,,IC50,nM,,3.981,CHEMBL213,Homo sapiens,Beta-1 adrenergic receptor,9606,,,pIC50,,UO_0000065,,8.4
,,6291348,[],CHEMBL1810625,Binding affinity to adrenergic beta1 receptor,B,,,BAO_0000190,BAO_0000357,single protein format,O=c1[nH]c2c(O)ccc([C@@H](O)CNCCCSCCOCCc3ccccc3)c2s1,,,CHEMBL1806408,Bioorg Med Chem Lett,2011.0,"{'bei': '18.06', 'le': '0.37', 'lle': '4.80', 'sei': '8.56'}",,CHEMBL1807818,,CHEMBL1807818,8.10,0,http://www.openphacts.org/units/Nanomolar,1444242,=,1,1,=,,IC50,nM,,7.943,CHEMBL213,Homo sapiens,Beta-1 adrenergic receptor,9606,,,pIC50,,UO_0000065,,8.1
,,6291349,[],CHEMBL1810625,Binding affinity to adrenergic beta1 receptor,B,,,BAO_0000190,BAO_0000357,single protein format,O=c1[nH]c2c(O)ccc([C@@H](O)CNCCSCCCOCCc3ccccc3)c2s1,,,CHEMBL1806408,Bioorg Med Chem Lett,2011.0,"{'bei': '18.06', 'le': '0.37', 'lle': '4.80', 'sei': '8.56'}",,CHEMBL1807817,,CHEMBL1807817,8.10,0,http://www.openphacts.org/units/Nanomolar,1444241,=,1,1,=,,IC50,nM,,7.943,CHEMBL213,Homo sapiens,Beta-1 adrenergic receptor,9606,,,pIC50,,UO_0000065,,8.1
,,6292029,[],CHEMBL1810625,Binding affinity to adrenergic beta1 receptor,B,,,BAO_0000190,BAO_0000357,single protein format,O=c1[nH]c2c(O)ccc(CCNCCS(=O)(=O)CCCOCCc3ccccc3)c2s1,,,CHEMBL1806408,Bioorg Med Chem Lett,2011.0,,,CHEMBL82663,SIBENADET,CHEMBL82663,,0,http://www.openphacts.org/units/Nanomolar,1444240,<,1,1,>,,IC50,nM,,10000.0,CHEMBL213,Homo sapiens,Beta-1 adrenergic receptor,9606,,,pIC50,,UO_0000065,,5.0
,,6292030,[],CHEMBL1810625,Binding affinity to adrenergic beta1 receptor,B,,,BAO_0000190,BAO_0000357,single protein format,NC(=O)C(c1ccccc1)(c1ccccc1)[C@@H]1CCN(CCc2ccc3c(c2)CCO3)C1,,,CHEMBL1806408,Bioorg Med Chem Lett,2011.0,"{'bei': '15.24', 'le': '0.28', 'lle': '2.54', 'sei': '11.70'}",,CHEMBL1346,DARIFENACIN,CHEMBL1346,6.50,0,http://www.openphacts.org/units/Nanomolar,1443854,=,1,1,=,,IC50,nM,,316.23,CHEMBL213,Homo sapiens,Beta-1 adrenergic receptor,9606,,,pIC50,,UO_0000065,,6.5
,,6292031,[],CHEMBL1810625,Binding affinity to adrenergic beta1 receptor,B,,,BAO_0000190,BAO_0000357,single protein format,OCc1cc(C(O)CNCCCCCCOCCCCc2ccccc2)ccc1O,,,CHEMBL1806408,Bioorg Med Chem Lett,2011.0,"{'bei': '15.16', 'le': '0.29', 'lle': '2.19', 'sei': '7.69'}",,CHEMBL1263,SALMETEROL,CHEMBL1263,6.30,0,http://www.openphacts.org/units/Nanomolar,1443853,=,1,1,=,,IC50,nM,,501.19,CHEMBL213,Homo sapiens,Beta-1 adrenergic receptor,9606,,,pIC50,,UO_0000065,,6.3
,,6292032,[],CHEMBL1810625,Binding affinity to adrenergic beta1 receptor,B,,,BAO_0000190,BAO_0000357,single protein format,COc1ccc(CC(C)NCC(O)c2ccc(O)c(NC=O)c2)cc1,,,CHEMBL1806408,Bioorg Med Chem Lett,2011.0,,,CHEMBL1256786,FORMOTEROL,CHEMBL1256786,,0,http://www.openphacts.org/units/Nanomolar,1443852,<,1,1,>,,IC50,nM,,630.96,CHEMBL213,Homo sapiens,Beta-1 adrenergic receptor,9606,,,pIC50,,UO_0000065,,6.2
,Inhibition < 50% @ 10 uM and thus dose-reponse curve not measured,7599411,[],CHEMBL1909091,DRUGMATRIX: Adrenergic beta1 radioligand binding (ligand: [125I] Cyanopindolol),B,,,BAO_0000190,BAO_0000249,cell membrane format,COc1ccc2cc3[n+](cc2c1OC)CCc1cc2c(cc1-3)OCO2.[Cl-],,,CHEMBL1909046,,,,,CHEMBL12089,BERBERINE CHLORIDE,CHEMBL295124,,0,,1539543,,15,0,,Not active,IC50,,,,CHEMBL213,Homo sapiens,Beta-1 adrenergic receptor,9606,Not Active,,IC50,,,,
,Inhibition < 50% @ 10 uM and thus dose-reponse curve not measured,7599517,[],CHEMBL1909091,DRUGMATRIX: Adrenergic beta1 radioligand binding (ligand: [125I] Cyanopindolol),B,,,BAO_0000190,BAO_0000249,cell membrane format,O=C(O)CCNC(=O)c1ccccc1,,,CHEMBL1909046,,,,,CHEMBL1231530,BETAMIPRON,CHEMBL1231530,,0,,1539551,,15,0,,Not active,IC50,,,,CHEMBL213,Homo sapiens,Beta-1 adrenergic receptor,9606,Not Active,,IC50,,,,
,Inhibition < 50% @ 10 uM and thus dose-reponse curve not measured,7599606,[],CHEMBL1909091,DRUGMATRIX: Adrenergic beta1 radioligand binding (ligand: [125I] Cyanopindolol),B,,,BAO_0000190,BAO_0000249,cell membrane format,Brc1c(NC2=NCCN2)ccc2nccnc12,,,CHEMBL1909046,,,,,CHEMBL844,BRIMONIDINE,CHEMBL844,,0,,1539559,,15,0,,Not active,IC50,,,,CHEMBL213,Homo sapiens,Beta-1 adrenergic receptor,9606,Not Active,,IC50,,,,
,Inhibition < 50% @ 10 uM and thus dose-reponse curve not measured,7600279,[],CHEMBL1909091,DRUGMATRIX: Adrenergic beta1 radioligand binding (ligand: [125I] Cyanopindolol),B,,,BAO_0000190,BAO_0000249,cell membrane format,CO[C@H]1[C@@H](O)[C@H](N)[C@@H](O[C@H]2O[C@H]([C@H](C)N)CC[C@H]2N)[C@H](O)[C@@H]1N(C)C(=O)CN,,,CHEMBL1909046,,,,,CHEMBL3084803,ASTROMICIN,CHEMBL3084803,,0,,1539511,,15,0,,Not active,IC50,,,,CHEMBL213,Homo sapiens,Beta-1 adrenergic receptor,9606,Not Active,,IC50,,,,
,Inhibition < 50% @ 10 uM and thus dose-reponse curve not measured,7600398,[],CHEMBL1909091,DRUGMATRIX: Adrenergic beta1 radioligand binding (ligand: [125I] Cyanopindolol),B,,,BAO_0000190,BAO_0000249,cell membrane format,[N-]=[N+]=CC(=O)OC[C@H](N)C(=O)O,,,CHEMBL1909046,,,,,CHEMBL1095699,AZASERINE,CHEMBL1095699,,0,,1539519,,15,0,,Not active,IC50,,,,CHEMBL213,Homo sapiens,Beta-1 adrenergic receptor,9606,Not Active,,IC50,,,,
,Inhibition < 50% @ 10 uM and thus dose-reponse curve not measured,7600541,[],CHEMBL1909091,DRUGMATRIX: Adrenergic beta1 radioligand binding (ligand: [125I] Cyanopindolol),B,,,BAO_0000190,BAO_0000249,cell membrane format,NCC(CC(=O)O)c1ccc(Cl)cc1,,,CHEMBL1909046,,,,,CHEMBL701,BACLOFEN,CHEMBL701,,0,,1539527,,15,0,,Not active,IC50,,,,CHEMBL213,Homo sapiens,Beta-1 adrenergic receptor,9606,Not Active,,IC50,,,,
,Inhibition < 50% @ 10 uM and thus dose-reponse curve not measured,7600673,[],CHEMBL1909091,DRUGMATRIX: Adrenergic beta1 radioligand binding (ligand: [125I] Cyanopindolol),B,,,BAO_0000190,BAO_0000249,cell membrane format,CC(C)(C)CC(C)(C)c1ccc(OCCOCC[N+](C)(C)Cc2ccccc2)cc1.[Cl-],,,CHEMBL1909046,,,,,CHEMBL221753,BENZETHONIUM CHLORIDE,CHEMBL1182210,,0,,1539535,,15,0,,Not active,IC50,,,,CHEMBL213,Homo sapiens,Beta-1 adrenergic receptor,9606,Not Active,,IC50,,,,
,Inhibition < 50% @ 10 uM and thus dose-reponse curve not measured,7601313,[],CHEMBL1909091,DRUGMATRIX: Adrenergic beta1 radioligand binding (ligand: [125I] Cyanopindolol),B,,,BAO_0000190,BAO_0000249,cell membrane format,CC(NC(C)(C)C)C(=O)c1cccc(Cl)c1,,,CHEMBL1909046,,,,,CHEMBL894,BUPROPION,CHEMBL894,,0,,1539568,,15,0,,Not active,IC50,,,,CHEMBL213,Homo sapiens,Beta-1 adrenergic receptor,9606,Not Active,,IC50,,,,
,Inhibition < 50% @ 10 uM and thus dose-reponse curve not measured,7601412,[],CHEMBL1909091,DRUGMATRIX: Adrenergic beta1 radioligand binding (ligand: [125I] Cyanopindolol),B,,,BAO_0000190,BAO_0000249,cell membrane format,O=C(/C=C/c1ccc(O)c(O)c1)OCCc1ccccc1,,,CHEMBL1909046,,,,,CHEMBL319244,CAFFEIC ACID PHENETHYL ESTER,CHEMBL319244,,0,,1539576,,15,0,,Not active,IC50,,,,CHEMBL213,Homo sapiens,Beta-1 adrenergic receptor,9606,Not Active,,IC50,,,,
,Inhibition < 50% @ 10 uM and thus dose-reponse curve not measured,7601539,[],CHEMBL1909091,DRUGMATRIX: Adrenergic beta1 radioligand binding (ligand: [125I] Cyanopindolol),B,,,BAO_0000190,BAO_0000249,cell membrane format,ClC(Cl)(Cl)Cl,,,CHEMBL1909046,,,,,CHEMBL44814,CARBON TETRACHLORIDE,CHEMBL44814,,0,,1539586,,15,0,,Not active,IC50,,,,CHEMBL213,Homo sapiens,Beta-1 adrenergic receptor,9606,Not Active,,IC50,,,,
,Inhibition < 50% @ 10 uM and thus dose-reponse curve not measured,7601683,[],CHEMBL1909091,DRUGMATRIX: Adrenergic beta1 radioligand binding (ligand: [125I] Cyanopindolol),B,,,BAO_0000190,BAO_0000249,cell membrane format,Cc1cc(=O)n(-c2ccccc2)n1C,,,CHEMBL1909046,,,,,CHEMBL277474,ANTIPYRINE,CHEMBL277474,,0,,1539504,,15,0,,Not active,IC50,,,,CHEMBL213,Homo sapiens,Beta-1 adrenergic receptor,9606,Not Active,,IC50,,,,
,Inhibition < 50% @ 10 uM and thus dose-reponse curve not measured,7602261,[],CHEMBL1909091,DRUGMATRIX: Adrenergic beta1 radioligand binding (ligand: [125I] Cyanopindolol),B,,,BAO_0000190,BAO_0000249,cell membrane format,c1ccc2c(c1)cc1ccc3cccc4ccc2c1c34,,,CHEMBL1909046,,,,,CHEMBL31184,BENZO[DEF]CHRYSENE,CHEMBL31184,,0,,1539536,,15,0,,Not active,IC50,,,,CHEMBL213,Homo sapiens,Beta-1 adrenergic receptor,9606,Not Active,,IC50,,,,
,Inhibition < 50% @ 10 uM and thus dose-reponse curve not measured,7602342,[],CHEMBL1909091,DRUGMATRIX: Adrenergic beta1 radioligand binding (ligand: [125I] Cyanopindolol),B,,,BAO_0000190,BAO_0000249,cell membrane format,OC[C@H]1O[C@@H]2O[C@H]3[C@H](O)[C@@H](O)[C@@H](O[C@H]4[C@H](O)[C@@H](O)[C@@H](O[C@H]5[C@H](O)[C@@H](O)[C@@H](O[C@H]6[C@H](O)[C@@H](O)[C@@H](O[C@H]7[C@H](O)[C@@H](O)[C@@H](O[C@H]8[C@H](O)[C@@H](O)[C@@H](O[C@H]1[C@H](O)[C@H]2O)O[C@@H]8CO)O[C@@H]7CO)O[C@@H]6CO)O[C@@H]5CO)O[C@@H]4CO)O[C@@H]3CO,,,CHEMBL1909046,,,,,CHEMBL415690,BETADEX,CHEMBL415690,,0,,1539544,,15,0,,Not active,IC50,,,,CHEMBL213,Homo sapiens,Beta-1 adrenergic receptor,9606,Not Active,,IC50,,,,
,Inhibition < 50% @ 10 uM and thus dose-reponse curve not measured,7602456,[],CHEMBL1909091,DRUGMATRIX: Adrenergic beta1 radioligand binding (ligand: [125I] Cyanopindolol),B,,,BAO_0000190,BAO_0000249,cell membrane format,CC(C)(Oc1ccc(CCNC(=O)c2ccc(Cl)cc2)cc1)C(=O)O,,,CHEMBL1909046,,,,,CHEMBL264374,BEZAFIBRATE,CHEMBL264374,,0,,1539552,,15,0,,Not active,IC50,,,,CHEMBL213,Homo sapiens,Beta-1 adrenergic receptor,9606,Not Active,,IC50,,,,
,Inhibition < 50% @ 10 uM and thus dose-reponse curve not measured,7602542,[],CHEMBL1909091,DRUGMATRIX: Adrenergic beta1 radioligand binding (ligand: [125I] Cyanopindolol),B,,,BAO_0000190,BAO_0000249,cell membrane format,Nc1c(CC(=O)O)cccc1C(=O)c1ccc(Br)cc1,,,CHEMBL1909046,,,,,CHEMBL1077,BROMFENAC,CHEMBL1077,,0,,1539560,,15,0,,Not active,IC50,,,,CHEMBL213,Homo sapiens,Beta-1 adrenergic receptor,9606,Not Active,,IC50,,,,
,Inhibition < 50% @ 10 uM and thus dose-reponse curve not measured,7603008,[],CHEMBL1909091,DRUGMATRIX: Adrenergic beta1 radioligand binding (ligand: [125I] Cyanopindolol),B,,,BAO_0000190,BAO_0000249,cell membrane format,NC(=O)N1c2ccccc2C=Cc2ccccc21,,,CHEMBL1909046,,,,,CHEMBL108,CARBAMAZEPINE,CHEMBL108,,0,,1539584,,15,0,,Not active,IC50,,,,CHEMBL213,Homo sapiens,Beta-1 adrenergic receptor,9606,Not Active,,IC50,,,,
,,7603221,[],CHEMBL1909091,DRUGMATRIX: Adrenergic beta1 radioligand binding (ligand: [125I] Cyanopindolol),B,,,BAO_0000190,BAO_0000249,cell membrane format,CC(C)NCC(O)COc1ccc(CC(N)=O)cc1,,,CHEMBL1909046,,,"{'bei': '22.08', 'le': '0.42', 'lle': '5.43', 'sei': '6.95'}",,CHEMBL24,ATENOLOL,CHEMBL24,5.88,0,http://www.openphacts.org/units/Nanomolar,1539512,=,15,1,=,,IC50,nM,,1313.0,CHEMBL213,Homo sapiens,Beta-1 adrenergic receptor,9606,,,IC50,uM,UO_0000065,,1.313
,Inhibition < 50% @ 10 uM and thus dose-reponse curve not measured,7603345,[],CHEMBL1909091,DRUGMATRIX: Adrenergic beta1 radioligand binding (ligand: [125I] Cyanopindolol),B,,,BAO_0000190,BAO_0000249,cell membrane format,CN1C(=O)COc2c(C(=O)NC3CN4CCC3CC4)cc(Cl)cc21,,,CHEMBL1909046,,,,,CHEMBL1598608,AZASETRON,CHEMBL1598608,,0,,1539520,,15,0,,Not active,IC50,,,,CHEMBL213,Homo sapiens,Beta-1 adrenergic receptor,9606,Not Active,,IC50,,,,
,Inhibition < 50% @ 10 uM and thus dose-reponse curve not measured,7603488,[],CHEMBL1909091,DRUGMATRIX: Adrenergic beta1 radioligand binding (ligand: [125I] Cyanopindolol),B,,,BAO_0000190,BAO_0000249,cell membrane format,O=C(O)CCNC(=O)c1ccc(/N=N/c2ccc(O)c(C(=O)O)c2)cc1,,,CHEMBL1909046,,,,,CHEMBL1201346,BALSALAZIDE,CHEMBL1201346,,0,,1539528,,15,0,,Not active,IC50,,,,CHEMBL213,Homo sapiens,Beta-1 adrenergic receptor,9606,Not Active,,IC50,,,,
,Inhibition < 50% @ 10 uM and thus dose-reponse curve not measured,7604240,[],CHEMBL1909091,DRUGMATRIX: Adrenergic beta1 radioligand binding (ligand: [125I] Cyanopindolol),B,,,BAO_0000190,BAO_0000249,cell membrane format,O=C1CC2(CCCC2)CC(=O)N1CCCCN1CCN(c2ncccn2)CC1,,,CHEMBL1909046,,,,,CHEMBL49,BUSPIRONE,CHEMBL49,,0,,1539569,,15,0,,Not active,IC50,,,,CHEMBL213,Homo sapiens,Beta-1 adrenergic receptor,9606,Not Active,,IC50,,,,
,Inhibition < 50% @ 10 uM and thus dose-reponse curve not measured,7604334,[],CHEMBL1909091,DRUGMATRIX: Adrenergic beta1 radioligand binding (ligand: [125I] Cyanopindolol),B,,,BAO_0000190,BAO_0000249,cell membrane format,Cn1c(=O)c2c(ncn2C)n(C)c1=O,,,CHEMBL1909046,,,,,CHEMBL113,CAFFEINE,CHEMBL113,,0,,1539577,,15,0,,Not active,IC50,,,,CHEMBL213,Homo sapiens,Beta-1 adrenergic receptor,9606,Not Active,,IC50,,,,
,Inhibition < 50% @ 10 uM and thus dose-reponse curve not measured,7604609,[],CHEMBL1909091,DRUGMATRIX: Adrenergic beta1 radioligand binding (ligand: [125I] Cyanopindolol),B,,,BAO_0000190,BAO_0000249,cell membrane format,N=C(N)NCCCCNC(=N)N.O=S(=O)(O)O,,,CHEMBL1909046,,,,,CHEMBL1256017,ARCAINE SULFATE,CHEMBL102740,,0,,1539505,,15,0,,Not active,IC50,,,,CHEMBL213,Homo sapiens,Beta-1 adrenergic receptor,9606,Not Active,,IC50,,,,
,Inhibition < 50% @ 10 uM and thus dose-reponse curve not measured,7605175,[],CHEMBL1909091,DRUGMATRIX: Adrenergic beta1 radioligand binding (ligand: [125I] Cyanopindolol),B,,,BAO_0000190,BAO_0000249,cell membrane format,c1ccc2c(c1)c1cccc3ccc4cccc2c4c31,,,CHEMBL1909046,,,,,CHEMBL1371125,BENZO[E]PYRENE,CHEMBL1371125,,0,,1539537,,15,0,,Not active,IC50,,,,CHEMBL213,Homo sapiens,Beta-1 adrenergic receptor,9606,Not Active,,IC50,,,,
,Inhibition < 50% @ 10 uM and thus dose-reponse curve not measured,7605256,[],CHEMBL1909091,DRUGMATRIX: Adrenergic beta1 radioligand binding (ligand: [125I] Cyanopindolol),B,,,BAO_0000190,BAO_0000249,cell membrane format,C[C@]12CC[C@@H]3c4ccc(O)cc4CC[C@H]3[C@@H]1CC[C@@H]2O,,,CHEMBL1909046,,,,,CHEMBL135,ESTRADIOL,CHEMBL135,,0,,1539545,,15,0,,Not active,IC50,,,,CHEMBL213,Homo sapiens,Beta-1 adrenergic receptor,9606,Not Active,,IC50,,,,
,Inhibition < 50% @ 10 uM and thus dose-reponse curve not measured,7605370,[],CHEMBL1909091,DRUGMATRIX: Adrenergic beta1 radioligand binding (ligand: [125I] Cyanopindolol),B,,,BAO_0000190,BAO_0000249,cell membrane format,CCCC[C@@H](CC)COC(=O)c1ccccc1C(=O)OC[C@@H](CC)CCCC,,,CHEMBL1909046,,,,,CHEMBL402794,BIS(2-ETHYLHEXYL)PHTHALATE,CHEMBL402794,,0,,1539553,,15,0,,Not active,IC50,,,,CHEMBL213,Homo sapiens,Beta-1 adrenergic receptor,9606,Not Active,,IC50,,,,
,Inhibition < 50% @ 10 uM and thus dose-reponse curve not measured,7605455,[],CHEMBL1909091,DRUGMATRIX: Adrenergic beta1 radioligand binding (ligand: [125I] Cyanopindolol),B,,,BAO_0000190,BAO_0000249,cell membrane format,CN(Cc1cc(Br)cc(Br)c1N)C1CCCCC1,,,CHEMBL1909046,,,,,CHEMBL253376,BROMHEXINE,CHEMBL253376,,0,,1539561,,15,0,,Not active,IC50,,,,CHEMBL213,Homo sapiens,Beta-1 adrenergic receptor,9606,Not Active,,IC50,,,,
,Inhibition < 50% @ 10 uM and thus dose-reponse curve not measured,7605916,[],CHEMBL1909091,DRUGMATRIX: Adrenergic beta1 radioligand binding (ligand: [125I] Cyanopindolol),B,,,BAO_0000190,BAO_0000249,cell membrane format,CCOC(=O)n1ccn(C)c1=S,,,CHEMBL1909046,,,,,CHEMBL508102,CARBIMAZOLE,CHEMBL508102,,0,,1539585,,15,0,,Not active,IC50,,,,CHEMBL213,Homo sapiens,Beta-1 adrenergic receptor,9606,Not Active,,IC50,,,,
,Inhibition < 50% @ 10 uM and thus dose-reponse curve not measured,7606124,[],CHEMBL1909091,DRUGMATRIX: Adrenergic beta1 radioligand binding (ligand: [125I] Cyanopindolol),B,,,BAO_0000190,BAO_0000249,cell membrane format,CC(C)c1c(C(=O)Nc2ccccc2)c(-c2ccccc2)c(-c2ccc(F)cc2)n1CC[C@@H](O)C[C@@H](O)CC(=O)O,,,CHEMBL1909046,,,,,CHEMBL1487,ATORVASTATIN,CHEMBL1487,,0,,1539513,,15,0,,Not active,IC50,,,,CHEMBL213,Homo sapiens,Beta-1 adrenergic receptor,9606,Not Active,,IC50,,,,
,Inhibition < 50% @ 10 uM and thus dose-reponse curve not measured,7606251,[],CHEMBL1909091,DRUGMATRIX: Adrenergic beta1 radioligand binding (ligand: [125I] Cyanopindolol),B,,,BAO_0000190,BAO_0000249,cell membrane format,Cn1cnc([N+](=O)[O-])c1Sc1ncnc2[nH]cnc12,,,CHEMBL1909046,,,,,CHEMBL1542,AZATHIOPRINE,CHEMBL1542,,0,,1539521,,15,0,,Not active,IC50,,,,CHEMBL213,Homo sapiens,Beta-1 adrenergic receptor,9606,Not Active,,IC50,,,,
,Inhibition < 50% @ 10 uM and thus dose-reponse curve not measured,7606395,[],CHEMBL1909091,DRUGMATRIX: Adrenergic beta1 radioligand binding (ligand: [125I] Cyanopindolol),B,,,BAO_0000190,BAO_0000249,cell membrane format,CN(C)C(=O)Oc1cc(OC(=O)N(C)C)cc(C(O)CNC(C)(C)C)c1,,,CHEMBL1909046,,,,,CHEMBL521589,BAMBUTEROL,CHEMBL521589,,0,,1539529,,15,0,,Not active,IC50,,,,CHEMBL213,Homo sapiens,Beta-1 adrenergic receptor,9606,Not Active,,IC50,,,,
,Inhibition < 50% @ 10 uM and thus dose-reponse curve not measured,7607044,[],CHEMBL1909091,DRUGMATRIX: Adrenergic beta1 radioligand binding (ligand: [125I] Cyanopindolol),B,,,BAO_0000190,BAO_0000249,cell membrane format,CC(C)C(Br)C(=O)NC(N)=O,,,CHEMBL1909046,,,,,CHEMBL1515611,BROMISOVALUM,CHEMBL1515611,,0,,1539562,,15,0,,Not active,IC50,,,,CHEMBL213,Homo sapiens,Beta-1 adrenergic receptor,9606,Not Active,,IC50,,,,
,Inhibition < 50% @ 10 uM and thus dose-reponse curve not measured,7607149,[],CHEMBL1909091,DRUGMATRIX: Adrenergic beta1 radioligand binding (ligand: [125I] Cyanopindolol),B,,,BAO_0000190,BAO_0000249,cell membrane format,CS(=O)(=O)OCCCCOS(C)(=O)=O,,,CHEMBL1909046,,,,,CHEMBL820,BUSULFAN,CHEMBL820,,0,,1539570,,15,0,,Not active,IC50,,,,CHEMBL213,Homo sapiens,Beta-1 adrenergic receptor,9606,Not Active,,IC50,,,,
,Inhibition < 50% @ 10 uM and thus dose-reponse curve not measured,7607250,[],CHEMBL1909091,DRUGMATRIX: Adrenergic beta1 radioligand binding (ligand: [125I] Cyanopindolol),B,,,BAO_0000190,BAO_0000249,cell membrane format,CC[C@@]1(O)C(=O)OCc2c1cc1n(c2=O)Cc2cc3ccccc3nc2-1,,,CHEMBL1909046,,,,,CHEMBL65,CAMPTOTHECIN,CHEMBL65,,0,,1539578,,15,0,,Not active,IC50,,,,CHEMBL213,Homo sapiens,Beta-1 adrenergic receptor,9606,Not Active,,IC50,,,,
,Inhibition < 50% @ 10 uM and thus dose-reponse curve not measured,7607523,[],CHEMBL1909091,DRUGMATRIX: Adrenergic beta1 radioligand binding (ligand: [125I] Cyanopindolol),B,,,BAO_0000190,BAO_0000249,cell membrane format,CO[C@H]1O[C@@H]2O[C@@]3(C)CC[C@H]4[C@H](C)CC[C@@H]([C@H]1C)[C@@]24OO3,,,CHEMBL1909046,,,,,CHEMBL566534,ARTEMETHER,CHEMBL566534,,0,,1539506,,15,0,,Not active,IC50,,,,CHEMBL213,Homo sapiens,Beta-1 adrenergic receptor,9606,Not Active,,IC50,,,,
,Inhibition < 50% @ 10 uM and thus dose-reponse curve not measured,7608087,[],CHEMBL1909091,DRUGMATRIX: Adrenergic beta1 radioligand binding (ligand: [125I] Cyanopindolol),B,,,BAO_0000190,BAO_0000249,cell membrane format,CCOC(=O)c1ccc(N)cc1,,,CHEMBL1909046,,,,,CHEMBL278172,BENZOCAINE,CHEMBL278172,,0,,1539538,,15,0,,Not active,IC50,,,,CHEMBL213,Homo sapiens,Beta-1 adrenergic receptor,9606,Not Active,,IC50,,,,
,Inhibition < 50% @ 10 uM and thus dose-reponse curve not measured,7608163,[],CHEMBL1909091,DRUGMATRIX: Adrenergic beta1 radioligand binding (ligand: [125I] Cyanopindolol),B,,,BAO_0000190,BAO_0000249,cell membrane format,C[C@]12CC[C@@H]3c4ccc(OC(=O)c5ccccc5)cc4CC[C@H]3[C@@H]1CC[C@@H]2O,,,CHEMBL1909046,,,,,CHEMBL282575,ESTRADIOL BENZOATE,CHEMBL282575,,0,,1539546,,15,0,,Not active,IC50,,,,CHEMBL213,Homo sapiens,Beta-1 adrenergic receptor,9606,Not Active,,IC50,,,,
,Inhibition < 50% @ 10 uM and thus dose-reponse curve not measured,7608290,[],CHEMBL1909091,DRUGMATRIX: Adrenergic beta1 radioligand binding (ligand: [125I] Cyanopindolol),B,,,BAO_0000190,BAO_0000249,cell membrane format,CC(=O)Oc1ccc(C(c2ccc(OC(C)=O)cc2)c2ccccn2)cc1,,,CHEMBL1909046,,,,,CHEMBL942,BISACODYL,CHEMBL942,,0,,1539554,,15,0,,Not active,IC50,,,,CHEMBL213,Homo sapiens,Beta-1 adrenergic receptor,9606,Not Active,,IC50,,,,
,Inhibition < 50% @ 10 uM and thus dose-reponse curve not measured,7608908,[],CHEMBL1909091,DRUGMATRIX: Adrenergic beta1 radioligand binding (ligand: [125I] Cyanopindolol),B,,,BAO_0000190,BAO_0000249,cell membrane format,C=C1[C@@H]2CCC3[C@@](CC[C@@H]4[C@H](C(=O)O)C[C@@H](O[C@@H]5O[C@H](CO)[C@@H](OS(=O)(=O)[O-])[C@H](OS(=O)(=O)[O-])[C@H]5OC(=O)CC(C)C)C[C@@]34C)(C2)[C@@H]1O.[K+].[K+],,,CHEMBL1909046,,,,,CHEMBL499815,ATRACTYLOSIDE,CHEMBL2219524,,0,,1539514,,15,0,,Not active,IC50,,,,CHEMBL213,Homo sapiens,Beta-1 adrenergic receptor,9606,Not Active,,IC50,,,,
,Inhibition < 50% @ 10 uM and thus dose-reponse curve not measured,7609036,[],CHEMBL1909091,DRUGMATRIX: Adrenergic beta1 radioligand binding (ligand: [125I] Cyanopindolol),B,,,BAO_0000190,BAO_0000249,cell membrane format,O=c1cnn([C@@H]2O[C@H](CO)[C@@H](O)[C@H]2O)c(=O)[nH]1,,,CHEMBL1909046,,,,,CHEMBL564201,6-AZAURIDINE,CHEMBL564201,,0,,1539522,,15,0,,Not active,IC50,,,,CHEMBL213,Homo sapiens,Beta-1 adrenergic receptor,9606,Not Active,,IC50,,,,
,Inhibition < 50% @ 10 uM and thus dose-reponse curve not measured,7609179,[],CHEMBL1909091,DRUGMATRIX: Adrenergic beta1 radioligand binding (ligand: [125I] Cyanopindolol),B,,,BAO_0000190,BAO_0000249,cell membrane format,CC(C)(C)c1ccc(S(=O)(=O)/C=C/C#N)cc1,,,CHEMBL1909046,,,,,CHEMBL270299,BAY-11-7085,CHEMBL270299,,0,,1539530,,15,0,,Not active,IC50,,,,CHEMBL213,Homo sapiens,Beta-1 adrenergic receptor,9606,Not Active,,IC50,,,,
,Inhibition < 50% @ 10 uM and thus dose-reponse curve not measured,7609926,[],CHEMBL1909091,DRUGMATRIX: Adrenergic beta1 radioligand binding (ligand: [125I] Cyanopindolol),B,,,BAO_0000190,BAO_0000249,cell membrane format,CCCCOC(=O)c1ccc(N)cc1,,,CHEMBL1909046,,,,,CHEMBL127516,BUTAMBEN,CHEMBL127516,,0,,1539571,,15,0,,Not active,IC50,,,,CHEMBL213,Homo sapiens,Beta-1 adrenergic receptor,9606,Not Active,,IC50,,,,
,Inhibition < 50% @ 10 uM and thus dose-reponse curve not measured,7610028,[],CHEMBL1909091,DRUGMATRIX: Adrenergic beta1 radioligand binding (ligand: [125I] Cyanopindolol),B,,,BAO_0000190,BAO_0000249,cell membrane format,CCOc1nc2cccc(C(=O)O)c2n1Cc1ccc(-c2ccccc2-c2nnn[nH]2)cc1,,,CHEMBL1909046,,,,,CHEMBL1016,CANDESARTAN,CHEMBL1016,,0,,1539579,,15,0,,Not active,IC50,,,,CHEMBL213,Homo sapiens,Beta-1 adrenergic receptor,9606,Not Active,,IC50,,,,
,Inhibition < 50% @ 10 uM and thus dose-reponse curve not measured,7610176,[],CHEMBL1909091,DRUGMATRIX: Adrenergic beta1 radioligand binding (ligand: [125I] Cyanopindolol),B,,,BAO_0000190,BAO_0000249,cell membrane format,C[C@@H]1CC[C@H]2[C@@H](C)C(=O)O[C@@H]3O[C@@]4(C)CC[C@@H]1[C@]32OO4,,,CHEMBL1909046,,,,,CHEMBL269671,ARTEMISININ,CHEMBL269671,,0,,1539507,,15,0,,Not active,IC50,,,,CHEMBL213,Homo sapiens,Beta-1 adrenergic receptor,9606,Not Active,,IC50,,,,
,Inhibition < 50% @ 10 uM and thus dose-reponse curve not measured,7610742,[],CHEMBL1909091,DRUGMATRIX: Adrenergic beta1 radioligand binding (ligand: [125I] Cyanopindolol),B,,,BAO_0000190,BAO_0000249,cell membrane format,O=C(O)c1ccccc1,,,CHEMBL1909046,,,,,CHEMBL541,BENZOIC ACID,CHEMBL541,,0,,1539539,,15,0,,Not active,IC50,,,,CHEMBL213,Homo sapiens,Beta-1 adrenergic receptor,9606,Not Active,,IC50,,,,
,Inhibition < 50% @ 10 uM and thus dose-reponse curve not measured,7610805,[],CHEMBL1909091,DRUGMATRIX: Adrenergic beta1 radioligand binding (ligand: [125I] Cyanopindolol),B,,,BAO_0000190,BAO_0000249,cell membrane format,O=c1cc(-c2ccccc2)oc2ccc3ccccc3c12,,,CHEMBL1909046,,,,,CHEMBL26260,BETA-NAPHTHOFLAVONE,CHEMBL26260,,0,,1539547,,15,0,,Not active,IC50,,,,CHEMBL213,Homo sapiens,Beta-1 adrenergic receptor,9606,Not Active,,IC50,,,,
,Inhibition < 50% @ 10 uM and thus dose-reponse curve not measured,7610937,[],CHEMBL1909091,DRUGMATRIX: Adrenergic beta1 radioligand binding (ligand: [125I] Cyanopindolol),B,,,BAO_0000190,BAO_0000249,cell membrane format,CC(C)(c1ccc(O)cc1)c1ccc(O)cc1,,,CHEMBL1909046,,,,,CHEMBL418971,BISPHENOL A,CHEMBL418971,,0,,1539555,,15,0,,Not active,IC50,,,,CHEMBL213,Homo sapiens,Beta-1 adrenergic receptor,9606,Not Active,,IC50,,,,
,Inhibition < 50% @ 10 uM and thus dose-reponse curve not measured,7611025,[],CHEMBL1909091,DRUGMATRIX: Adrenergic beta1 radioligand binding (ligand: [125I] Cyanopindolol),B,,,BAO_0000190,BAO_0000249,cell membrane format,Brc1ccccc1,,,CHEMBL1909046,,,,,CHEMBL16068,BROMOBENZENE,CHEMBL16068,,0,,1539563,,15,0,,Not active,IC50,,,,CHEMBL213,Homo sapiens,Beta-1 adrenergic receptor,9606,Not Active,,IC50,,,,
,Inhibition < 50% @ 10 uM and thus dose-reponse curve not measured,7611568,[],CHEMBL1909091,DRUGMATRIX: Adrenergic beta1 radioligand binding (ligand: [125I] Cyanopindolol),B,,,BAO_0000190,BAO_0000249,cell membrane format,CN1[C@@H]2CC[C@H]1C[C@@H](OC(=O)C(CO)c1ccccc1)C2,,,CHEMBL1909046,,,,,CHEMBL517712,ATROPINE,CHEMBL517712,,0,,1539515,,15,0,,Not active,IC50,,,,CHEMBL213,Homo sapiens,Beta-1 adrenergic receptor,9606,Not Active,,IC50,,,,
,Inhibition < 50% @ 10 uM and thus dose-reponse curve not measured,7611698,[],CHEMBL1909091,DRUGMATRIX: Adrenergic beta1 radioligand binding (ligand: [125I] Cyanopindolol),B,,,BAO_0000190,BAO_0000249,cell membrane format,CC[C@H]1OC(=O)[C@H](C)[C@@H](O[C@H]2C[C@@](C)(OC)[C@@H](O)[C@H](C)O2)[C@H](C)[C@@H](O[C@@H]2O[C@H](C)C[C@H](N(C)C)[C@H]2O)[C@](C)(O)C[C@@H](C)CN(C)[C@H](C)[C@@H](O)[C@]1(C)O,,,CHEMBL1909046,,,,,CHEMBL529,AZITHROMYCIN,CHEMBL529,,0,,1539523,,15,0,,Not active,IC50,,,,CHEMBL213,Homo sapiens,Beta-1 adrenergic receptor,9606,Not Active,,IC50,,,,
,Inhibition < 50% @ 10 uM and thus dose-reponse curve not measured,7611837,[],CHEMBL1909091,DRUGMATRIX: Adrenergic beta1 radioligand binding (ligand: [125I] Cyanopindolol),B,,,BAO_0000190,BAO_0000249,cell membrane format,C[C@H]1C[C@H]2[C@@H]3CCC4=CC(=O)C=C[C@]4(C)[C@@]3(Cl)[C@@H](O)C[C@]2(C)[C@@]1(O)C(=O)CO,,,CHEMBL1909046,,,,,CHEMBL1586,BECLOMETHASONE,CHEMBL1586,,0,,1539531,,15,0,,Not active,IC50,,,,CHEMBL213,Homo sapiens,Beta-1 adrenergic receptor,9606,Not Active,,IC50,,,,
,,7612486,[],CHEMBL1909091,DRUGMATRIX: Adrenergic beta1 radioligand binding (ligand: [125I] Cyanopindolol),B,,,BAO_0000190,BAO_0000249,cell membrane format,CC(C)C[C@H]1C(=O)N2CCC[C@H]2[C@]2(O)O[C@](NC(=O)[C@@H]3C=C4c5cccc6[nH]c(Br)c(c56)C[C@H]4N(C)C3)(C(C)C)C(=O)N12,,,CHEMBL1909046,,,"{'bei': '8.58', 'le': '0.18', 'lle': '2.43', 'sei': '4.75'}",,CHEMBL493,BROMOCRIPTINE,CHEMBL493,5.62,0,http://www.openphacts.org/units/Nanomolar,1539564,=,15,1,=,,IC50,nM,,2400.0,CHEMBL213,Homo sapiens,Beta-1 adrenergic receptor,9606,,,IC50,uM,UO_0000065,,2.4
,Inhibition < 50% @ 10 uM and thus dose-reponse curve not measured,7612593,[],CHEMBL1909091,DRUGMATRIX: Adrenergic beta1 radioligand binding (ligand: [125I] Cyanopindolol),B,,,BAO_0000190,BAO_0000249,cell membrane format,CN(Cc1ccc(C(C)(C)C)cc1)Cc1cccc2ccccc12,,,CHEMBL1909046,,,,,CHEMBL990,BUTENAFINE,CHEMBL990,,0,,1539572,,15,0,,Not active,IC50,,,,CHEMBL213,Homo sapiens,Beta-1 adrenergic receptor,9606,Not Active,,IC50,,,,
,Inhibition < 50% @ 10 uM and thus dose-reponse curve not measured,7612687,[],CHEMBL1909091,DRUGMATRIX: Adrenergic beta1 radioligand binding (ligand: [125I] Cyanopindolol),B,,,BAO_0000190,BAO_0000249,cell membrane format,C[C@@]12C(=O)OC(=O)[C@]1(C)[C@H]1CC[C@@H]2O1,,,CHEMBL1909046,,,,,CHEMBL48449,CANTHARIDIN,CHEMBL48449,,0,,1539580,,15,0,,Not active,IC50,,,,CHEMBL213,Homo sapiens,Beta-1 adrenergic receptor,9606,Not Active,,IC50,,,,
,Inhibition < 50% @ 10 uM and thus dose-reponse curve not measured,7612839,[],CHEMBL1909091,DRUGMATRIX: Adrenergic beta1 radioligand binding (ligand: [125I] Cyanopindolol),B,,,BAO_0000190,BAO_0000249,cell membrane format,COc1ccc(C(=O)N2CCCC2=O)cc1,,,CHEMBL1909046,,,,,CHEMBL36994,ANIRACETAM,CHEMBL36994,,0,,1539500,,15,0,,Not active,IC50,,,,CHEMBL213,Homo sapiens,Beta-1 adrenergic receptor,9606,Not Active,,IC50,,,,
,Inhibition < 50% @ 10 uM and thus dose-reponse curve not measured,7612968,[],CHEMBL1909091,DRUGMATRIX: Adrenergic beta1 radioligand binding (ligand: [125I] Cyanopindolol),B,,,BAO_0000190,BAO_0000249,cell membrane format,O=C1O[C@H]([C@@H](O)CO)C(O)=C1O,,,CHEMBL1909046,,,,,CHEMBL196,ASCORBIC ACID,CHEMBL196,,0,,1539508,,15,0,,Not active,IC50,,,,CHEMBL213,Homo sapiens,Beta-1 adrenergic receptor,9606,Not Active,,IC50,,,,
,Inhibition < 50% @ 10 uM and thus dose-reponse curve not measured,7613164,[],CHEMBL1909091,DRUGMATRIX: Adrenergic beta1 radioligand binding (ligand: [125I] Cyanopindolol),B,,,BAO_0000190,BAO_0000249,cell membrane format,,,,CHEMBL1909046,,,,,CHEMBL1366,AURANOFIN,CHEMBL1366,,0,,1539516,,15,0,,Not active,IC50,,,,CHEMBL213,Homo sapiens,Beta-1 adrenergic receptor,9606,Not Active,,IC50,,,,
,Inhibition < 50% @ 10 uM and thus dose-reponse curve not measured,7613547,[],CHEMBL1909091,DRUGMATRIX: Adrenergic beta1 radioligand binding (ligand: [125I] Cyanopindolol),B,,,BAO_0000190,BAO_0000249,cell membrane format,c1ccc2sc(SSc3nc4ccccc4s3)nc2c1,,,CHEMBL1909046,,,,,CHEMBL508112,BENZOTHIAZYL DISULFIDE,CHEMBL508112,,0,,1539540,,15,0,,Not active,IC50,,,,CHEMBL213,Homo sapiens,Beta-1 adrenergic receptor,9606,Not Active,,IC50,,,,
,Inhibition < 50% @ 10 uM and thus dose-reponse curve not measured,7613609,[],CHEMBL1909091,DRUGMATRIX: Adrenergic beta1 radioligand binding (ligand: [125I] Cyanopindolol),B,,,BAO_0000190,BAO_0000249,cell membrane format,CNCCc1ccccn1,,,CHEMBL1909046,,,,,CHEMBL24441,BETAHISTINE,CHEMBL24441,,0,,1539548,,15,0,,Not active,IC50,,,,CHEMBL213,Homo sapiens,Beta-1 adrenergic receptor,9606,Not Active,,IC50,,,,
,Inhibition < 50% @ 10 uM and thus dose-reponse curve not measured,7613736,[],CHEMBL1909091,DRUGMATRIX: Adrenergic beta1 radioligand binding (ligand: [125I] Cyanopindolol),B,,,BAO_0000190,BAO_0000249,cell membrane format,Oc1c(Cl)cc(Cl)cc1Sc1cc(Cl)cc(Cl)c1O,,,CHEMBL1909046,,,,,CHEMBL290106,BITHIONOL,CHEMBL290106,,0,,1539556,,15,0,,Not active,IC50,,,,CHEMBL213,Homo sapiens,Beta-1 adrenergic receptor,9606,Not Active,,IC50,,,,
,Inhibition < 50% @ 10 uM and thus dose-reponse curve not measured,7614646,[],CHEMBL1909091,DRUGMATRIX: Adrenergic beta1 radioligand binding (ligand: [125I] Cyanopindolol),B,,,BAO_0000190,BAO_0000249,cell membrane format,CC1(C)S[C@@H]2[C@H](NC(=O)[C@H](NC(=O)N3CCNC3=O)c3ccccc3)C(=O)N2[C@H]1C(=O)O,,,CHEMBL1909046,,,,,CHEMBL1537,AZLOCILLIN,CHEMBL1537,,0,,1539524,,15,0,,Not active,IC50,,,,CHEMBL213,Homo sapiens,Beta-1 adrenergic receptor,9606,Not Active,,IC50,,,,
,Inhibition < 50% @ 10 uM and thus dose-reponse curve not measured,7614783,[],CHEMBL1909091,DRUGMATRIX: Adrenergic beta1 radioligand binding (ligand: [125I] Cyanopindolol),B,,,BAO_0000190,BAO_0000249,cell membrane format,CCOC(=O)[C@H](CCc1ccccc1)N[C@H]1CCc2ccccc2N(CC(=O)O)C1=O,,,CHEMBL1909046,,,,,CHEMBL838,BENAZEPRIL,CHEMBL838,,0,,1539532,,15,0,,Not active,IC50,,,,CHEMBL213,Homo sapiens,Beta-1 adrenergic receptor,9606,Not Active,,IC50,,,,
,Inhibition < 50% @ 10 uM and thus dose-reponse curve not measured,7615437,[],CHEMBL1909091,DRUGMATRIX: Adrenergic beta1 radioligand binding (ligand: [125I] Cyanopindolol),B,,,BAO_0000190,BAO_0000249,cell membrane format,CCCC1O[C@@H]2C[C@H]3[C@@H]4CCC5=CC(=O)C=C[C@]5(C)[C@H]4[C@@H](O)C[C@]3(C)[C@]2(C(=O)CO)O1,,,CHEMBL1909046,,,,,CHEMBL1370,BUDESONIDE,CHEMBL1370,,0,,1539565,,15,0,,Not active,IC50,,,,CHEMBL213,Homo sapiens,Beta-1 adrenergic receptor,9606,Not Active,,IC50,,,,
,Inhibition < 50% @ 10 uM and thus dose-reponse curve not measured,7615556,[],CHEMBL1909091,DRUGMATRIX: Adrenergic beta1 radioligand binding (ligand: [125I] Cyanopindolol),B,,,BAO_0000190,BAO_0000249,cell membrane format,CC(N)Cc1c[nH]c2ccc(OCc3cccs3)cc12,,,CHEMBL1909046,,,,,CHEMBL1255834,BW-723C86,CHEMBL1255834,,0,,1539573,,15,0,,Not active,IC50,,,,CHEMBL213,Homo sapiens,Beta-1 adrenergic receptor,9606,Not Active,,IC50,,,,
,Inhibition < 50% @ 10 uM and thus dose-reponse curve not measured,7615659,[],CHEMBL1909091,DRUGMATRIX: Adrenergic beta1 radioligand binding (ligand: [125I] Cyanopindolol),B,,,BAO_0000190,BAO_0000249,cell membrane format,COc1cc(CNC(=O)CCCC/C=C/C(C)C)ccc1O,,,CHEMBL1909046,,,,,CHEMBL294199,CAPSAICIN,CHEMBL294199,,0,,1539581,,15,0,,Not active,IC50,,,,CHEMBL213,Homo sapiens,Beta-1 adrenergic receptor,9606,Not Active,,IC50,,,,
,Inhibition < 50% @ 10 uM and thus dose-reponse curve not measured,7615811,[],CHEMBL1909091,DRUGMATRIX: Adrenergic beta1 radioligand binding (ligand: [125I] Cyanopindolol),B,,,BAO_0000190,BAO_0000249,cell membrane format,COc1ccc(C2C(=O)c3ccccc3C2=O)cc1,,,CHEMBL1909046,,,,,CHEMBL712,ANISINDIONE,CHEMBL712,,0,,1539501,,15,0,,Not active,IC50,,,,CHEMBL213,Homo sapiens,Beta-1 adrenergic receptor,9606,Not Active,,IC50,,,,
,Inhibition < 50% @ 10 uM and thus dose-reponse curve not measured,7615940,[],CHEMBL1909091,DRUGMATRIX: Adrenergic beta1 radioligand binding (ligand: [125I] Cyanopindolol),B,,,BAO_0000190,BAO_0000249,cell membrane format,CC(=O)Oc1ccccc1C(=O)O,,,CHEMBL1909046,,,,,CHEMBL25,ASPIRIN,CHEMBL25,,0,,1539509,,15,0,,Not active,IC50,,,,CHEMBL213,Homo sapiens,Beta-1 adrenergic receptor,9606,Not Active,,IC50,,,,
,Inhibition < 50% @ 10 uM and thus dose-reponse curve not measured,7616124,[],CHEMBL1909091,DRUGMATRIX: Adrenergic beta1 radioligand binding (ligand: [125I] Cyanopindolol),B,,,BAO_0000190,BAO_0000249,cell membrane format,Nc1ncn([C@@H]2O[C@H](CO)[C@@H](O)[C@H]2O)c(=O)n1,,,CHEMBL1909046,,,,,CHEMBL1489,AZACITIDINE,CHEMBL1489,,0,,1539517,,15,0,,Not active,IC50,,,,CHEMBL213,Homo sapiens,Beta-1 adrenergic receptor,9606,Not Active,,IC50,,,,
,Inhibition < 50% @ 10 uM and thus dose-reponse curve not measured,7616495,[],CHEMBL1909091,DRUGMATRIX: Adrenergic beta1 radioligand binding (ligand: [125I] Cyanopindolol),B,,,BAO_0000190,BAO_0000249,cell membrane format,CN1[C@@H]2CC[C@H]1C[C@@H](OC(c1ccccc1)c1ccccc1)C2,,,CHEMBL1909046,,,,,CHEMBL1201203,BENZTROPINE,CHEMBL1201203,,0,,1539541,,15,0,,Not active,IC50,,,,CHEMBL213,Homo sapiens,Beta-1 adrenergic receptor,9606,Not Active,,IC50,,,,
,Inhibition < 50% @ 10 uM and thus dose-reponse curve not measured,7616583,[],CHEMBL1909091,DRUGMATRIX: Adrenergic beta1 radioligand binding (ligand: [125I] Cyanopindolol),B,,,BAO_0000190,BAO_0000249,cell membrane format,C[C@H]1C[C@H]2[C@@H]3CCC4=CC(=O)C=C[C@]4(C)[C@@]3(F)[C@@H](O)C[C@]2(C)[C@@]1(O)C(=O)CO,,,CHEMBL1909046,,,,,CHEMBL632,BETAMETHASONE,CHEMBL632,,0,,1539549,,15,0,,Not active,IC50,,,,CHEMBL213,Homo sapiens,Beta-1 adrenergic receptor,9606,Not Active,,IC50,,,,
,Inhibition < 50% @ 10 uM and thus dose-reponse curve not measured,7616684,[],CHEMBL1909091,DRUGMATRIX: Adrenergic beta1 radioligand binding (ligand: [125I] Cyanopindolol),B,,,BAO_0000190,BAO_0000249,cell membrane format,Cc1c(N)nc([C@H](CC(N)=O)NC[C@H](N)C(N)=O)nc1C(=O)N[C@H](C(=O)N[C@H](C)[C@@H](O)[C@H](C)C(=O)N[C@H](C(=O)NCCc1nc(-c2nc(C(=O)NCCC[S+](C)C)cs2)cs1)[C@@H](C)O)[C@@H](O[C@@H]1O[C@@H](CO)[C@@H](O)[C@H](O)[C@@H]1O[C@H]1O[C@H](CO)[C@@H](O)[C@H](OC(N)=O)[C@@H]1O)c1c[nH]cn1.[Br-],,,CHEMBL1909046,,,,,CHEMBL4649901,BLEOMYCIN A2,CHEMBL403664,,0,,1539557,,15,0,,Not active,IC50,,,,CHEMBL213,Homo sapiens,Beta-1 adrenergic receptor,9606,Not Active,,IC50,,,,
,Inhibition < 50% @ 10 uM and thus dose-reponse curve not measured,7617602,[],CHEMBL1909091,DRUGMATRIX: Adrenergic beta1 radioligand binding (ligand: [125I] Cyanopindolol),B,,,BAO_0000190,BAO_0000249,cell membrane format,C[C@H]1[C@H](NC(=O)/C(=N\OC(C)(C)C(=O)O)c2csc(N)n2)C(=O)N1S(=O)(=O)O,,,CHEMBL1909046,,,,,CHEMBL158,AZTREONAM,CHEMBL158,,0,,1539525,,15,0,,Not active,IC50,,,,CHEMBL213,Homo sapiens,Beta-1 adrenergic receptor,9606,Not Active,,IC50,,,,
,Inhibition < 50% @ 10 uM and thus dose-reponse curve not measured,7617739,[],CHEMBL1909091,DRUGMATRIX: Adrenergic beta1 radioligand binding (ligand: [125I] Cyanopindolol),B,,,BAO_0000190,BAO_0000249,cell membrane format,CC(C(=O)O)c1ccc2oc(-c3ccc(Cl)cc3)nc2c1,,,CHEMBL1909046,,,,,CHEMBL340978,BENOXAPROFEN,CHEMBL340978,,0,,1539533,,15,0,,Not active,IC50,,,,CHEMBL213,Homo sapiens,Beta-1 adrenergic receptor,9606,Not Active,,IC50,,,,
,Inhibition < 50% @ 10 uM and thus dose-reponse curve not measured,7618371,[],CHEMBL1909091,DRUGMATRIX: Adrenergic beta1 radioligand binding (ligand: [125I] Cyanopindolol),B,,,BAO_0000190,BAO_0000249,cell membrane format,COc1cc(OC)c(C(=O)CCCN2CCCC2)c(OC)c1,,,CHEMBL1909046,,,,,CHEMBL188921,BUFLOMEDIL,CHEMBL188921,,0,,1539566,,15,0,,Not active,IC50,,,,CHEMBL213,Homo sapiens,Beta-1 adrenergic receptor,9606,Not Active,,IC50,,,,
,Inhibition < 50% @ 10 uM and thus dose-reponse curve not measured,7618483,[],CHEMBL1909091,DRUGMATRIX: Adrenergic beta1 radioligand binding (ligand: [125I] Cyanopindolol),B,,,BAO_0000190,BAO_0000249,cell membrane format,,,,CHEMBL1909046,,,,,CHEMBL1476898,CADMIUM ACETATE,CHEMBL1476898,,0,,1539574,,15,0,,Not active,IC50,,,,CHEMBL213,Homo sapiens,Beta-1 adrenergic receptor,9606,Not Active,,IC50,,,,
,Inhibition < 50% @ 10 uM and thus dose-reponse curve not measured,7618597,[],CHEMBL1909091,DRUGMATRIX: Adrenergic beta1 radioligand binding (ligand: [125I] Cyanopindolol),B,,,BAO_0000190,BAO_0000249,cell membrane format,C[C@H](CS)C(=O)N1CCC[C@H]1C(=O)O,,,CHEMBL1909046,,,,,CHEMBL1560,CAPTOPRIL,CHEMBL1560,,0,,1539582,,15,0,,Not active,IC50,,,,CHEMBL213,Homo sapiens,Beta-1 adrenergic receptor,9606,Not Active,,IC50,,,,
,Inhibition < 50% @ 10 uM and thus dose-reponse curve not measured,7618747,[],CHEMBL1909091,DRUGMATRIX: Adrenergic beta1 radioligand binding (ligand: [125I] Cyanopindolol),B,,,BAO_0000190,BAO_0000249,cell membrane format,COc1ccc(C[C@H]2NC[C@H](O)[C@H]2OC(C)=O)cc1,,,CHEMBL1909046,,,,,CHEMBL423192,ANISOMYCIN,CHEMBL423192,,0,,1539502,,15,0,,Not active,IC50,,,,CHEMBL213,Homo sapiens,Beta-1 adrenergic receptor,9606,Not Active,,IC50,,,,
,,7618875,[],CHEMBL1909091,DRUGMATRIX: Adrenergic beta1 radioligand binding (ligand: [125I] Cyanopindolol),B,,,BAO_0000190,BAO_0000249,cell membrane format,COc1ccc(CCN2CCC(Nc3nc4ccccc4n3Cc3ccc(F)cc3)CC2)cc1,,,CHEMBL1909046,,,"{'bei': '10.38', 'le': '0.19', 'lle': '-0.59', 'sei': '11.25'}",,CHEMBL296419,ASTEMIZOLE,CHEMBL296419,4.76,0,http://www.openphacts.org/units/Nanomolar,1539510,=,15,1,=,,IC50,nM,,17382.0,CHEMBL213,Homo sapiens,Beta-1 adrenergic receptor,9606,,,IC50,uM,UO_0000065,,17.382
,Inhibition < 50% @ 10 uM and thus dose-reponse curve not measured,7619084,[],CHEMBL1909091,DRUGMATRIX: Adrenergic beta1 radioligand binding (ligand: [125I] Cyanopindolol),B,,,BAO_0000190,BAO_0000249,cell membrane format,CC(=O)OC[C@H]1O[C@@H](n2ncc(=O)[nH]c2=O)[C@H](OC(C)=O)[C@@H]1OC(C)=O,,,CHEMBL1909046,,,,,CHEMBL515914,AZARIBINE,CHEMBL515914,,0,,1539518,,15,0,,Not active,IC50,,,,CHEMBL213,Homo sapiens,Beta-1 adrenergic receptor,9606,Not Active,,IC50,,,,
,Inhibition < 50% @ 10 uM and thus dose-reponse curve not measured,7619428,[],CHEMBL1909091,DRUGMATRIX: Adrenergic beta1 radioligand binding (ligand: [125I] Cyanopindolol),B,,,BAO_0000190,BAO_0000249,cell membrane format,OCc1ccccc1,,,CHEMBL1909046,,,,,CHEMBL720,BENZYL ALCOHOL,CHEMBL720,,0,,1539542,,15,0,,Not active,IC50,,,,CHEMBL213,Homo sapiens,Beta-1 adrenergic receptor,9606,Not Active,,IC50,,,,
,Inhibition < 50% @ 10 uM and thus dose-reponse curve not measured,7619537,[],CHEMBL1909091,DRUGMATRIX: Adrenergic beta1 radioligand binding (ligand: [125I] Cyanopindolol),B,,,BAO_0000190,BAO_0000249,cell membrane format,C[C@H]1C[C@H]2[C@@H]3CCC4=CC(=O)C=C[C@]4(C)[C@@]3(F)[C@@H](O)C[C@]2(C)[C@@]1(O)C(=O)COP(=O)(O)O,,,CHEMBL1909046,,,,,CHEMBL1201207,BETAMETHASONE PHOSPHORIC ACID,CHEMBL1201207,,0,,1539550,,15,0,,Not active,IC50,,,,CHEMBL213,Homo sapiens,Beta-1 adrenergic receptor,9606,Not Active,,IC50,,,,
,,7619637,[],CHEMBL1909091,DRUGMATRIX: Adrenergic beta1 radioligand binding (ligand: [125I] Cyanopindolol),B,,,BAO_0000190,BAO_0000249,cell membrane format,Cc1cc2c(OCC(CNC(C)(C)C)OC(=O)c3ccccc3)cccc2[nH]1,,,CHEMBL1909046,,,"{'bei': '19.26', 'le': '0.36', 'lle': '2.86', 'sei': '11.57'}",,CHEMBL357995,BOPINDOLOL,CHEMBL357995,7.33,0,http://www.openphacts.org/units/Nanomolar,1539558,=,15,1,=,,IC50,nM,,47.0,CHEMBL213,Homo sapiens,Beta-1 adrenergic receptor,9606,,,IC50,uM,UO_0000065,,0.047
,Inhibition < 50% @ 10 uM and thus dose-reponse curve not measured,7620598,[],CHEMBL1909091,DRUGMATRIX: Adrenergic beta1 radioligand binding (ligand: [125I] Cyanopindolol),B,,,BAO_0000190,BAO_0000249,cell membrane format,CC[C@H](C)[C@H](N)C1=N[C@H](C(=O)N[C@@H](CC(C)C)C(=O)N[C@H](CCC(=O)O)C(=O)N[C@H](C(=O)N[C@H]2CCCCNC(=O)[C@H](CC(N)=O)NC(=O)[C@@H](CC(=O)O)NC(=O)[C@H](Cc3cnc[nH]3)NC(=O)[C@@H](Cc3ccccc3)NC(=O)[C@H]([C@@H](C)CC)NC(=O)[C@@H](CCCN)NC2=O)[C@@H](C)CC)CS1,,,CHEMBL1909046,,,,,CHEMBL1200558,BACITRACIN,CHEMBL1200558,,0,,1539526,,15,0,,Not active,IC50,,,,CHEMBL213,Homo sapiens,Beta-1 adrenergic receptor,9606,Not Active,,IC50,,,,
,Inhibition < 50% @ 10 uM and thus dose-reponse curve not measured,7620735,[],CHEMBL1909091,DRUGMATRIX: Adrenergic beta1 radioligand binding (ligand: [125I] Cyanopindolol),B,,,BAO_0000190,BAO_0000249,cell membrane format,CCc1oc2ccccc2c1C(=O)c1cc(Br)c(O)c(Br)c1,,,CHEMBL1909046,,,,,CHEMBL388590,BENZBROMARONE,CHEMBL388590,,0,,1539534,,15,0,,Not active,IC50,,,,CHEMBL213,Homo sapiens,Beta-1 adrenergic receptor,9606,Not Active,,IC50,,,,
,Inhibition < 50% @ 10 uM and thus dose-reponse curve not measured,7621369,[],CHEMBL1909091,DRUGMATRIX: Adrenergic beta1 radioligand binding (ligand: [125I] Cyanopindolol),B,,,BAO_0000190,BAO_0000249,cell membrane format,CCCCN1CCCCC1C(=O)Nc1c(C)cccc1C.Cl,,,CHEMBL1909046,,,,,CHEMBL1200396,BUPIVACAINE HYDROCHLORIDE,CHEMBL1098,,0,,1539567,,15,0,,Not active,IC50,,,,CHEMBL213,Homo sapiens,Beta-1 adrenergic receptor,9606,Not Active,,IC50,,,,
,Inhibition < 50% @ 10 uM and thus dose-reponse curve not measured,7621472,[],CHEMBL1909091,DRUGMATRIX: Adrenergic beta1 radioligand binding (ligand: [125I] Cyanopindolol),B,,,BAO_0000190,BAO_0000249,cell membrane format,,,,CHEMBL1909046,,,,,CHEMBL1458880,CADMIUM DICHLORIDE,CHEMBL1458880,,0,,1539575,,15,0,,Not active,IC50,,,,CHEMBL213,Homo sapiens,Beta-1 adrenergic receptor,9606,Not Active,,IC50,,,,
,Inhibition < 50% @ 10 uM and thus dose-reponse curve not measured,7621590,[],CHEMBL1909091,DRUGMATRIX: Adrenergic beta1 radioligand binding (ligand: [125I] Cyanopindolol),B,,,BAO_0000190,BAO_0000249,cell membrane format,C[N+](C)(C)CCOC(N)=O.[Cl-],,,CHEMBL1909046,,,,,CHEMBL14,CARBACHOL,CHEMBL965,,0,,1539583,,15,0,,Not active,IC50,,,,CHEMBL213,Homo sapiens,Beta-1 adrenergic receptor,9606,Not Active,,IC50,,,,
,Inhibition < 50% @ 10 uM and thus dose-reponse curve not measured,7621739,[],CHEMBL1909091,DRUGMATRIX: Adrenergic beta1 radioligand binding (ligand: [125I] Cyanopindolol),B,,,BAO_0000190,BAO_0000249,cell membrane format,CCCCCC[C@H]1C(=O)O[C@H](C)[C@H](NC(=O)c2cccc(NC=O)c2O)C(=O)O[C@@H](C)[C@@H]1OC(=O)CC(C)C,,,CHEMBL1909046,,,,,CHEMBL211501,ANTIMYCIN A,CHEMBL211501,,0,,1539503,,15,0,,Not active,IC50,,,,CHEMBL213,Homo sapiens,Beta-1 adrenergic receptor,9606,Not Active,,IC50,,,,
,Inhibition < 50% @ 10 uM and thus dose-reponse curve not measured,7622314,[],CHEMBL1909091,DRUGMATRIX: Adrenergic beta1 radioligand binding (ligand: [125I] Cyanopindolol),B,,,BAO_0000190,BAO_0000249,cell membrane format,Oc1ncnc2[nH]ncc12,,,CHEMBL1909046,,,,,CHEMBL1467,ALLOPURINOL,CHEMBL1467,,0,,1539466,,15,0,,Not active,IC50,,,,CHEMBL213,Homo sapiens,Beta-1 adrenergic receptor,9606,Not Active,,IC50,,,,
,Inhibition < 50% @ 10 uM and thus dose-reponse curve not measured,7622403,[],CHEMBL1909091,DRUGMATRIX: Adrenergic beta1 radioligand binding (ligand: [125I] Cyanopindolol),B,,,BAO_0000190,BAO_0000249,cell membrane format,CN(C)c1nc(N(C)C)nc(N(C)C)n1,,,CHEMBL1909046,,,,,CHEMBL1455,ALTRETAMINE,CHEMBL1455,,0,,1539474,,15,0,,Not active,IC50,,,,CHEMBL213,Homo sapiens,Beta-1 adrenergic receptor,9606,Not Active,,IC50,,,,
,Inhibition < 50% @ 10 uM and thus dose-reponse curve not measured,7622528,[],CHEMBL1909091,DRUGMATRIX: Adrenergic beta1 radioligand binding (ligand: [125I] Cyanopindolol),B,,,BAO_0000190,BAO_0000249,cell membrane format,Cn1c(=O)c2[nH]cnc2n(C)c1=O.Cn1c(=O)c2[nH]cnc2n(C)c1=O.NCCN,,,CHEMBL1909046,,,,,CHEMBL1370561,AMINOPHYLLINE,CHEMBL190,,0,,1539482,,15,0,,Not active,IC50,,,,CHEMBL213,Homo sapiens,Beta-1 adrenergic receptor,9606,Not Active,,IC50,,,,
,Inhibition < 50% @ 10 uM and thus dose-reponse curve not measured,7622714,[],CHEMBL1909091,DRUGMATRIX: Adrenergic beta1 radioligand binding (ligand: [125I] Cyanopindolol),B,,,BAO_0000190,BAO_0000249,cell membrane format,Clc1ccc2c(c1)C(N1CCNCC1)=Nc1ccccc1O2,,,CHEMBL1909046,,,,,CHEMBL1113,AMOXAPINE,CHEMBL1113,,0,,1539490,,15,0,,Not active,IC50,,,,CHEMBL213,Homo sapiens,Beta-1 adrenergic receptor,9606,Not Active,,IC50,,,,
,Inhibition < 50% @ 10 uM and thus dose-reponse curve not measured,7622813,[],CHEMBL1909091,DRUGMATRIX: Adrenergic beta1 radioligand binding (ligand: [125I] Cyanopindolol),B,,,BAO_0000190,BAO_0000249,cell membrane format,CC(C)(C#N)c1cc(Cn2cncn2)cc(C(C)(C)C#N)c1,,,CHEMBL1909046,,,,,CHEMBL1399,ANASTROZOLE,CHEMBL1399,,0,,1539498,,15,0,,Not active,IC50,,,,CHEMBL213,Homo sapiens,Beta-1 adrenergic receptor,9606,Not Active,,IC50,,,,
,Inhibition < 50% @ 10 uM and thus dose-reponse curve not measured,7622914,[],CHEMBL1909091,DRUGMATRIX: Adrenergic beta1 radioligand binding (ligand: [125I] Cyanopindolol),B,,,BAO_0000190,BAO_0000249,cell membrane format,C[C@](O)(CS(=O)(=O)c1ccc(F)cc1)C(=O)Nc1ccc(C#N)c(C(F)(F)F)c1,,,CHEMBL1909046,,,,,CHEMBL63560,(R)-BICALUTAMIDE,CHEMBL63560,,0,,1539417,,15,0,,Not active,IC50,,,,CHEMBL213,Homo sapiens,Beta-1 adrenergic receptor,9606,Not Active,,IC50,,,,
,Inhibition < 50% @ 10 uM and thus dose-reponse curve not measured,7623003,[],CHEMBL1909091,DRUGMATRIX: Adrenergic beta1 radioligand binding (ligand: [125I] Cyanopindolol),B,,,BAO_0000190,BAO_0000249,cell membrane format,c1ccc(Cn2ccnc2)cc1,,,CHEMBL1909046,,,,,CHEMBL14192,BENZYLIMIDAZOLE,CHEMBL14192,,0,,1539425,,15,0,,Not active,IC50,,,,CHEMBL213,Homo sapiens,Beta-1 adrenergic receptor,9606,Not Active,,IC50,,,,
,Inhibition < 50% @ 10 uM and thus dose-reponse curve not measured,7623329,[],CHEMBL1909091,DRUGMATRIX: Adrenergic beta1 radioligand binding (ligand: [125I] Cyanopindolol),B,,,BAO_0000190,BAO_0000249,cell membrane format,N[C@@H](Cc1ccc(F)cc1)C(=O)O,,,CHEMBL1909046,,,,,CHEMBL1235242,,CHEMBL1235242,,0,,1539442,,15,0,,Not active,IC50,,,,CHEMBL213,Homo sapiens,Beta-1 adrenergic receptor,9606,Not Active,,IC50,,,,
,Inhibition < 50% @ 10 uM and thus dose-reponse curve not measured,7623417,[],CHEMBL1909091,DRUGMATRIX: Adrenergic beta1 radioligand binding (ligand: [125I] Cyanopindolol),B,,,BAO_0000190,BAO_0000249,cell membrane format,O=c1[nH]c2ccccc2c2ccccc12,,,CHEMBL1909046,,,,,CHEMBL45245,,CHEMBL45245,,0,,1539450,,15,0,,Not active,IC50,,,,CHEMBL213,Homo sapiens,Beta-1 adrenergic receptor,9606,Not Active,,IC50,,,,
,Inhibition < 50% @ 10 uM and thus dose-reponse curve not measured,7623533,[],CHEMBL1909091,DRUGMATRIX: Adrenergic beta1 radioligand binding (ligand: [125I] Cyanopindolol),B,,,BAO_0000190,BAO_0000249,cell membrane format,CC[C@@]1(O)C[C@H](O[C@H]2C[C@H](N(C)C)[C@H](O[C@H]3C[C@H](O)[C@H](O[C@H]4CCC(=O)[C@H](C)O4)[C@H](C)O3)[C@H](C)O2)c2c(cc3c(c2O)C(=O)c2c(O)cccc2C3=O)[C@H]1C(=O)OC,,,CHEMBL1909046,,,,,CHEMBL502620,ACLARUBICIN,CHEMBL502620,,0,,1539458,,15,0,,Not active,IC50,,,,CHEMBL213,Homo sapiens,Beta-1 adrenergic receptor,9606,Not Active,,IC50,,,,
,Inhibition < 50% @ 10 uM and thus dose-reponse curve not measured,7624698,[],CHEMBL1909091,DRUGMATRIX: Adrenergic beta1 radioligand binding (ligand: [125I] Cyanopindolol),B,,,BAO_0000190,BAO_0000249,cell membrane format,CC(=O)Nc1cccc(O)c1,,,CHEMBL1909046,,,,,CHEMBL9419,METACETAMOL,CHEMBL9419,,0,,1539434,,15,0,,Not active,IC50,,,,CHEMBL213,Homo sapiens,Beta-1 adrenergic receptor,9606,Not Active,,IC50,,,,
,Inhibition < 50% @ 10 uM and thus dose-reponse curve not measured,7625262,[],CHEMBL1909091,DRUGMATRIX: Adrenergic beta1 radioligand binding (ligand: [125I] Cyanopindolol),B,,,BAO_0000190,BAO_0000249,cell membrane format,C=CCO,,,CHEMBL1909046,,,,,CHEMBL234926,ALLYL ALCOHOL,CHEMBL234926,,0,,1539467,,15,0,,Not active,IC50,,,,CHEMBL213,Homo sapiens,Beta-1 adrenergic receptor,9606,Not Active,,IC50,,,,
,Inhibition < 50% @ 10 uM and thus dose-reponse curve not measured,7625351,[],CHEMBL1909091,DRUGMATRIX: Adrenergic beta1 radioligand binding (ligand: [125I] Cyanopindolol),B,,,BAO_0000190,BAO_0000249,cell membrane format,NC12CC3CC(CC(C3)C1)C2,,,CHEMBL1909046,,,,,CHEMBL660,AMANTADINE,CHEMBL660,,0,,1539475,,15,0,,Not active,IC50,,,,CHEMBL213,Homo sapiens,Beta-1 adrenergic receptor,9606,Not Active,,IC50,,,,
,Inhibition < 50% @ 10 uM and thus dose-reponse curve not measured,7625476,[],CHEMBL1909091,DRUGMATRIX: Adrenergic beta1 radioligand binding (ligand: [125I] Cyanopindolol),B,,,BAO_0000190,BAO_0000249,cell membrane format,Nc1nc(N)c2nc(CNc3ccc(C(=O)N[C@@H](CCC(=O)O)C(=O)O)cc3)cnc2n1,,,CHEMBL1909046,,,,,CHEMBL376180,AMINOPTERIN,CHEMBL376180,,0,,1539483,,15,0,,Not active,IC50,,,,CHEMBL213,Homo sapiens,Beta-1 adrenergic receptor,9606,Not Active,,IC50,,,,
,Inhibition < 50% @ 10 uM and thus dose-reponse curve not measured,7625637,[],CHEMBL1909091,DRUGMATRIX: Adrenergic beta1 radioligand binding (ligand: [125I] Cyanopindolol),B,,,BAO_0000190,BAO_0000249,cell membrane format,CC1(C)S[C@@H]2[C@H](NC(=O)[C@H](N)c3ccc(O)cc3)C(=O)N2[C@H]1C(=O)O,,,CHEMBL1909046,,,,,CHEMBL1082,AMOXICILLIN,CHEMBL1082,,0,,1539491,,15,0,,Not active,IC50,,,,CHEMBL213,Homo sapiens,Beta-1 adrenergic receptor,9606,Not Active,,IC50,,,,
,Inhibition < 50% @ 10 uM and thus dose-reponse curve not measured,7625858,[],CHEMBL1909091,DRUGMATRIX: Adrenergic beta1 radioligand binding (ligand: [125I] Cyanopindolol),B,,,BAO_0000190,BAO_0000249,cell membrane format,Cc1onc(O)c1CC(N)C(=O)O,,,CHEMBL1909046,,,,,CHEMBL13378,"(R,S)-AMPA",CHEMBL13378,,0,,1539418,,15,0,,Not active,IC50,,,,CHEMBL213,Homo sapiens,Beta-1 adrenergic receptor,9606,Not Active,,IC50,,,,
,Inhibition < 50% @ 10 uM and thus dose-reponse curve not measured,7625944,[],CHEMBL1909091,DRUGMATRIX: Adrenergic beta1 radioligand binding (ligand: [125I] Cyanopindolol),B,,,BAO_0000190,BAO_0000249,cell membrane format,S=C=Nc1cccc2ccccc12,,,CHEMBL1909046,,,,,CHEMBL1381098,1-NAPHTHYLISOTHIOCYANATE,CHEMBL1381098,,0,,1539426,,15,0,,Not active,IC50,,,,CHEMBL213,Homo sapiens,Beta-1 adrenergic receptor,9606,Not Active,,IC50,,,,
,Inhibition < 50% @ 10 uM and thus dose-reponse curve not measured,7626283,[],CHEMBL1909091,DRUGMATRIX: Adrenergic beta1 radioligand binding (ligand: [125I] Cyanopindolol),B,,,BAO_0000190,BAO_0000249,cell membrane format,Cc1cn[nH]c1,,,CHEMBL1909046,,,,,CHEMBL1308,FOMEPIZOLE,CHEMBL1308,,0,,1539443,,15,0,,Not active,IC50,,,,CHEMBL213,Homo sapiens,Beta-1 adrenergic receptor,9606,Not Active,,IC50,,,,
,Inhibition < 50% @ 10 uM and thus dose-reponse curve not measured,7626369,[],CHEMBL1909091,DRUGMATRIX: Adrenergic beta1 radioligand binding (ligand: [125I] Cyanopindolol),B,,,BAO_0000190,BAO_0000249,cell membrane format,CC[C@H](C)[C@H]1O[C@]2(C=C[C@@H]1C)C[C@@H]1C[C@@H](C/C=C(\C)[C@@H](O[C@H]3C[C@H](OC)[C@@H](O[C@H]4C[C@H](OC)[C@@H](O)[C@H](C)O4)[C@H](C)O3)[C@@H](C)/C=C/C=C3\CO[C@@H]4[C@H](O)C(C)=C[C@@H](C(=O)O1)[C@]34O)O2.CO[C@H]1C[C@H](O[C@H]2[C@H](C)O[C@@H](O[C@@H]3/C(C)=C/C[C@@H]4C[C@@H](C[C@]5(C=C[C@H](C)[C@@H](C(C)C)O5)O4)OC(=O)[C@@H]4C=C(C)[C@@H](O)[C@H]5OC/C(=C\C=C\[C@@H]3C)[C@]54O)C[C@@H]2OC)O[C@@H](C)[C@@H]1O,,,CHEMBL1909046,,,,,CHEMBL3215298,ABAMECTIN,CHEMBL3215298,,0,,1539451,,15,0,,Not active,IC50,,,,CHEMBL213,Homo sapiens,Beta-1 adrenergic receptor,9606,Not Active,,IC50,,,,
,Inhibition < 50% @ 10 uM and thus dose-reponse curve not measured,7626488,[],CHEMBL1909091,DRUGMATRIX: Adrenergic beta1 radioligand binding (ligand: [125I] Cyanopindolol),B,,,BAO_0000190,BAO_0000249,cell membrane format,CCN1C[C@]2(COC)[C@H](O)C[C@H](OC)[C@@]34[C@@H]5C[C@@]6(O)[C@H](OC(=O)c7ccccc7)[C@@H]5[C@@](OC(C)=O)([C@@H]([C@H](OC)[C@H]23)[C@@H]14)[C@@H](O)[C@@H]6OC,,,CHEMBL1909046,,,,,CHEMBL5314360,ACONITINE,CHEMBL5314360,,0,,1539459,,15,0,,Not active,IC50,,,,CHEMBL213,Homo sapiens,Beta-1 adrenergic receptor,9606,Not Active,,IC50,,,,
,Inhibition < 50% @ 10 uM and thus dose-reponse curve not measured,7627235,[],CHEMBL1909091,DRUGMATRIX: Adrenergic beta1 radioligand binding (ligand: [125I] Cyanopindolol),B,,,BAO_0000190,BAO_0000249,cell membrane format,C[C@]12CC[C@@H](O)C[C@@H]1CC[C@@H]1[C@@H]2CC[C@]2(C)C(=O)CC[C@@H]12,,,CHEMBL1909046,,,,,CHEMBL87285,ANDROSTERONE,CHEMBL87285,,0,,1539499,,15,0,,Not active,IC50,,,,CHEMBL213,Homo sapiens,Beta-1 adrenergic receptor,9606,Not Active,,IC50,,,,
,Inhibition < 50% @ 10 uM and thus dose-reponse curve not measured,7627543,[],CHEMBL1909091,DRUGMATRIX: Adrenergic beta1 radioligand binding (ligand: [125I] Cyanopindolol),B,,,BAO_0000190,BAO_0000249,cell membrane format,C=C(Cl)Cl,,,CHEMBL1909046,,,,,CHEMBL156455,"1,1-DICHLOROETHENE",CHEMBL156455,,0,,1539427,,15,0,,Not active,IC50,,,,CHEMBL213,Homo sapiens,Beta-1 adrenergic receptor,9606,Not Active,,IC50,,,,
,Inhibition < 50% @ 10 uM and thus dose-reponse curve not measured,7627640,[],CHEMBL1909091,DRUGMATRIX: Adrenergic beta1 radioligand binding (ligand: [125I] Cyanopindolol),B,,,BAO_0000190,BAO_0000249,cell membrane format,NC(=O)c1cccc(N)c1,,,CHEMBL1909046,,,,,CHEMBL81977,3-AMINOBENZAMIDE,CHEMBL81977,,0,,1539435,,15,0,,Not active,IC50,,,,CHEMBL213,Homo sapiens,Beta-1 adrenergic receptor,9606,Not Active,,IC50,,,,
,Inhibition < 50% @ 10 uM and thus dose-reponse curve not measured,7628205,[],CHEMBL1909091,DRUGMATRIX: Adrenergic beta1 radioligand binding (ligand: [125I] Cyanopindolol),B,,,BAO_0000190,BAO_0000249,cell membrane format,Cc1[nH]cnc1CN1CCc2c(c3ccccc3n2C)C1=O,,,CHEMBL1909046,,,,,CHEMBL1110,ALOSETRON,CHEMBL1110,,0,,1539468,,15,0,,Not active,IC50,,,,CHEMBL213,Homo sapiens,Beta-1 adrenergic receptor,9606,Not Active,,IC50,,,,
,Inhibition < 50% @ 10 uM and thus dose-reponse curve not measured,7628293,[],CHEMBL1909091,DRUGMATRIX: Adrenergic beta1 radioligand binding (ligand: [125I] Cyanopindolol),B,,,BAO_0000190,BAO_0000249,cell membrane format,Nc1c(Br)cc(Br)cc1CN[C@H]1CC[C@H](O)CC1,,,CHEMBL1909046,,,,,CHEMBL153479,AMBROXOL,CHEMBL153479,,0,,1539476,,15,0,,Not active,IC50,,,,CHEMBL213,Homo sapiens,Beta-1 adrenergic receptor,9606,Not Active,,IC50,,,,
,Inhibition < 50% @ 10 uM and thus dose-reponse curve not measured,7628420,[],CHEMBL1909091,DRUGMATRIX: Adrenergic beta1 radioligand binding (ligand: [125I] Cyanopindolol),B,,,BAO_0000190,BAO_0000249,cell membrane format,Nc1ccc(C(=O)O)c(O)c1,,,CHEMBL1909046,,,,,CHEMBL1169,AMINOSALICYLIC ACID,CHEMBL1169,,0,,1539484,,15,0,,Not active,IC50,,,,CHEMBL213,Homo sapiens,Beta-1 adrenergic receptor,9606,Not Active,,IC50,,,,
,Inhibition < 50% @ 10 uM and thus dose-reponse curve not measured,7628572,[],CHEMBL1909091,DRUGMATRIX: Adrenergic beta1 radioligand binding (ligand: [125I] Cyanopindolol),B,,,BAO_0000190,BAO_0000249,cell membrane format,C[C@@H]1[C@H](O)[C@@H](C)/C=C/C=C/C=C/C=C/C=C/C=C/C=C/[C@H](O[C@@H]2O[C@H](C)[C@@H](O)[C@H](N)[C@@H]2O)C[C@@H]2O[C@](O)(C[C@@H](O)C[C@@H](O)[C@H](O)CC[C@@H](O)C[C@@H](O)CC(=O)O[C@H]1C)C[C@H](O)[C@H]2C(=O)O,,,CHEMBL1909046,,,,,CHEMBL267345,AMPHOTERICIN B,CHEMBL267345,,0,,1539492,,15,0,,Not active,IC50,,,,CHEMBL213,Homo sapiens,Beta-1 adrenergic receptor,9606,Not Active,,IC50,,,,
,,7628655,[],CHEMBL1909091,DRUGMATRIX: Adrenergic beta1 radioligand binding (ligand: [125I] Cyanopindolol),B,,,BAO_0000190,BAO_0000249,cell membrane format,CC(C)NC[C@H](O)COc1cccc2[nH]ccc12,,,CHEMBL1909046,,,"{'bei': '36.74', 'le': '0.69', 'lle': '7.21', 'sei': '15.93'}",,CHEMBL117405,,CHEMBL117405,9.12,0,http://www.openphacts.org/units/Nanomolar,1539419,=,15,1,=,,IC50,nM,,0.752,CHEMBL213,Homo sapiens,Beta-1 adrenergic receptor,9606,,,IC50,uM,UO_0000065,,0.000752
,Inhibition < 50% @ 10 uM and thus dose-reponse curve not measured,7629080,[],CHEMBL1909091,DRUGMATRIX: Adrenergic beta1 radioligand binding (ligand: [125I] Cyanopindolol),B,,,BAO_0000190,BAO_0000249,cell membrane format,CCCCCCCCCc1ccc(O)cc1,,,CHEMBL1909046,,,,,CHEMBL153062,4-NONYLPHENOL,CHEMBL153062,,0,,1539444,,15,0,,Not active,IC50,,,,CHEMBL213,Homo sapiens,Beta-1 adrenergic receptor,9606,Not Active,,IC50,,,,
,Inhibition < 50% @ 10 uM and thus dose-reponse curve not measured,7629166,[],CHEMBL1909091,DRUGMATRIX: Adrenergic beta1 radioligand binding (ligand: [125I] Cyanopindolol),B,,,BAO_0000190,BAO_0000249,cell membrane format,C[C@H]1O[C@H](O[C@H]2[C@H](O)[C@@H](O)[C@@H](O[C@H]3[C@H](O)[C@@H](O)C(O)O[C@@H]3CO)O[C@@H]2CO)[C@H](O)[C@@H](O)[C@@H]1N[C@H]1C=C(CO)[C@@H](O)[C@H](O)[C@H]1O,,,CHEMBL1909046,,,,,CHEMBL404271,ACARBOSE,CHEMBL404271,,0,,1539452,,15,0,,Not active,IC50,,,,CHEMBL213,Homo sapiens,Beta-1 adrenergic receptor,9606,Not Active,,IC50,,,,
,Inhibition < 50% @ 10 uM and thus dose-reponse curve not measured,7629284,[],CHEMBL1909091,DRUGMATRIX: Adrenergic beta1 radioligand binding (ligand: [125I] Cyanopindolol),B,,,BAO_0000190,BAO_0000249,cell membrane format,Nc1nc2c(ncn2COCCO)c(=O)[nH]1,,,CHEMBL1909046,,,,,CHEMBL184,ACYCLOVIR,CHEMBL184,,0,,1539460,,15,0,,Not active,IC50,,,,CHEMBL213,Homo sapiens,Beta-1 adrenergic receptor,9606,Not Active,,IC50,,,,
,Inhibition < 50% @ 10 uM and thus dose-reponse curve not measured,7630204,[],CHEMBL1909091,DRUGMATRIX: Adrenergic beta1 radioligand binding (ligand: [125I] Cyanopindolol),B,,,BAO_0000190,BAO_0000249,cell membrane format,N=C(Nc1ccccc1)Nc1ccccc1,,,CHEMBL1909046,,,,,CHEMBL77675,,CHEMBL77675,,0,,1539428,,15,0,,Not active,IC50,,,,CHEMBL213,Homo sapiens,Beta-1 adrenergic receptor,9606,Not Active,,IC50,,,,
,Inhibition < 50% @ 10 uM and thus dose-reponse curve not measured,7630302,[],CHEMBL1909091,DRUGMATRIX: Adrenergic beta1 radioligand binding (ligand: [125I] Cyanopindolol),B,,,BAO_0000190,BAO_0000249,cell membrane format,Cc1ccc2cc3c(ccc4ccccc43)c3c2c1CC3,,,CHEMBL1909046,,,,,CHEMBL40583,3-METHYLCHOLANTHRENE,CHEMBL40583,,0,,1539436,,15,0,,Not active,IC50,,,,CHEMBL213,Homo sapiens,Beta-1 adrenergic receptor,9606,Not Active,,IC50,,,,
,Inhibition < 50% @ 10 uM and thus dose-reponse curve not measured,7630873,[],CHEMBL1909091,DRUGMATRIX: Adrenergic beta1 radioligand binding (ligand: [125I] Cyanopindolol),B,,,BAO_0000190,BAO_0000249,cell membrane format,OC[C@H]1O[C@@H]2O[C@H]3[C@H](O)[C@@H](O)[C@@H](O[C@H]4[C@H](O)[C@@H](O)[C@@H](O[C@H]5[C@H](O)[C@@H](O)[C@@H](O[C@H]6[C@H](O)[C@@H](O)[C@@H](O[C@H]7[C@H](O)[C@@H](O)[C@@H](O[C@H]1[C@H](O)[C@H]2O)O[C@@H]7CO)O[C@@H]6CO)O[C@@H]5CO)O[C@@H]4CO)O[C@@H]3CO,,,CHEMBL1909046,,,,,CHEMBL1230813,ALFADEX,CHEMBL1230813,,0,,1539469,,15,0,,Not active,IC50,,,,CHEMBL213,Homo sapiens,Beta-1 adrenergic receptor,9606,Not Active,,IC50,,,,
,Inhibition < 50% @ 10 uM and thus dose-reponse curve not measured,7630965,[],CHEMBL1909091,DRUGMATRIX: Adrenergic beta1 radioligand binding (ligand: [125I] Cyanopindolol),B,,,BAO_0000190,BAO_0000249,cell membrane format,NCCCNCCSP(=O)(O)O,,,CHEMBL1909046,,,,,CHEMBL1006,AMIFOSTINE,CHEMBL1006,,0,,1539477,,15,0,,Not active,IC50,,,,CHEMBL213,Homo sapiens,Beta-1 adrenergic receptor,9606,Not Active,,IC50,,,,
,Inhibition < 50% @ 10 uM and thus dose-reponse curve not measured,7631113,[],CHEMBL1909091,DRUGMATRIX: Adrenergic beta1 radioligand binding (ligand: [125I] Cyanopindolol),B,,,BAO_0000190,BAO_0000249,cell membrane format,CC1(C)S[C@@H]2[C@H](NC(=O)[C@H](N)c3ccccc3)C(=O)N2[C@H]1C(=O)O,,,CHEMBL1909046,,,,,CHEMBL174,AMPICILLIN,CHEMBL174,,0,,1539493,,15,0,,Not active,IC50,,,,CHEMBL213,Homo sapiens,Beta-1 adrenergic receptor,9606,Not Active,,IC50,,,,
,Inhibition < 50% @ 10 uM and thus dose-reponse curve not measured,7631189,[],CHEMBL1909091,DRUGMATRIX: Adrenergic beta1 radioligand binding (ligand: [125I] Cyanopindolol),B,,,BAO_0000190,BAO_0000249,cell membrane format,O=C(c1ccccc1Cl)N1CCC(Cc2ccccc2)CC1,,,CHEMBL1909046,,,,,CHEMBL1909048,,CHEMBL1909048,,0,,1539420,,15,0,,Not active,IC50,,,,CHEMBL213,Homo sapiens,Beta-1 adrenergic receptor,9606,Not Active,,IC50,,,,
,Inhibition < 50% @ 10 uM and thus dose-reponse curve not measured,7631614,[],CHEMBL1909091,DRUGMATRIX: Adrenergic beta1 radioligand binding (ligand: [125I] Cyanopindolol),B,,,BAO_0000190,BAO_0000249,cell membrane format,CCCCCCCCc1ccc(O)cc1,,,CHEMBL1909046,,,,,CHEMBL195437,4-OCTYLPHENOL,CHEMBL195437,,0,,1539445,,15,0,,Not active,IC50,,,,CHEMBL213,Homo sapiens,Beta-1 adrenergic receptor,9606,Not Active,,IC50,,,,
,,7631719,[],CHEMBL1909091,DRUGMATRIX: Adrenergic beta1 radioligand binding (ligand: [125I] Cyanopindolol),B,,,BAO_0000190,BAO_0000249,cell membrane format,CCCC(=O)Nc1ccc(OCC(O)CNC(C)C)c(C(C)=O)c1,,,CHEMBL1909046,,,"{'bei': '18.24', 'le': '0.35', 'lle': '3.77', 'sei': '7.00'}",,CHEMBL642,ACEBUTOLOL,CHEMBL642,6.14,0,http://www.openphacts.org/units/Nanomolar,1539453,=,15,1,=,,IC50,nM,,731.0,CHEMBL213,Homo sapiens,Beta-1 adrenergic receptor,9606,,,IC50,uM,UO_0000065,,0.731
,Inhibition < 50% @ 10 uM and thus dose-reponse curve not measured,7631838,[],CHEMBL1909091,DRUGMATRIX: Adrenergic beta1 radioligand binding (ligand: [125I] Cyanopindolol),B,,,BAO_0000190,BAO_0000249,cell membrane format,COc1cc2c(c3oc(=O)c4c(c13)CCC4=O)[C@@H]1C=CO[C@@H]1O2,,,CHEMBL1909046,,,,,CHEMBL1697694,AFLATOXIN,CHEMBL1697694,,0,,1539461,,15,0,,Not active,IC50,,,,CHEMBL213,Homo sapiens,Beta-1 adrenergic receptor,9606,Not Active,,IC50,,,,
,,7632312,[],CHEMBL1909091,DRUGMATRIX: Adrenergic beta1 radioligand binding (ligand: [125I] Cyanopindolol),B,,,BAO_0000190,BAO_0000249,cell membrane format,CCCCc1oc2ccccc2c1C(=O)c1cc(I)c(OCCN(CC)CC)c(I)c1,,,CHEMBL1909046,,,"{'bei': '6.76', 'le': '0.19', 'lle': '-2.58', 'sei': '10.22'}",,CHEMBL633,AMIODARONE,CHEMBL633,4.36,0,http://www.openphacts.org/units/Nanomolar,1539485,=,15,1,=,,IC50,nM,,43643.0,CHEMBL213,Homo sapiens,Beta-1 adrenergic receptor,9606,,,IC50,uM,UO_0000065,,43.643
,Inhibition < 50% @ 10 uM and thus dose-reponse curve not measured,7632745,[],CHEMBL1909091,DRUGMATRIX: Adrenergic beta1 radioligand binding (ligand: [125I] Cyanopindolol),B,,,BAO_0000190,BAO_0000249,cell membrane format,NC(=O)N1c2ccccc2CCc2ccccc21,,,CHEMBL1909046,,,,,CHEMBL41543,,CHEMBL41543,,0,,1539429,,15,0,,Not active,IC50,,,,CHEMBL213,Homo sapiens,Beta-1 adrenergic receptor,9606,Not Active,,IC50,,,,
,Inhibition < 50% @ 10 uM and thus dose-reponse curve not measured,7632843,[],CHEMBL1909091,DRUGMATRIX: Adrenergic beta1 radioligand binding (ligand: [125I] Cyanopindolol),B,,,BAO_0000190,BAO_0000249,cell membrane format,O=C(Nc1ccc(Cl)c(Cl)c1)c1cc(Cl)cc(Cl)c1O,,,CHEMBL1909046,,,,,CHEMBL291338,"3,3',4',5-TETRACHLOROSALICYLANILIDE",CHEMBL291338,,0,,1539437,,15,0,,Not active,IC50,,,,CHEMBL213,Homo sapiens,Beta-1 adrenergic receptor,9606,Not Active,,IC50,,,,
,Inhibition < 50% @ 10 uM and thus dose-reponse curve not measured,7633424,[],CHEMBL1909091,DRUGMATRIX: Adrenergic beta1 radioligand binding (ligand: [125I] Cyanopindolol),B,,,BAO_0000190,BAO_0000249,cell membrane format,CC(C)C[C@H]1C(=O)N2CCC[C@H]2[C@]2(O)O[C@](NC(=O)[C@@H]3C=C4c5cccc6[nH]cc(c56)C[C@H]4N(C)C3)(C(C)C)C(=O)N12,,,CHEMBL1909046,,,,,CHEMBL1403281,ERGOCRYPTINE,CHEMBL1403281,,0,,1539470,,15,0,,Not active,IC50,,,,CHEMBL213,Homo sapiens,Beta-1 adrenergic receptor,9606,Not Active,,IC50,,,,
,Inhibition < 50% @ 10 uM and thus dose-reponse curve not measured,7633523,[],CHEMBL1909091,DRUGMATRIX: Adrenergic beta1 radioligand binding (ligand: [125I] Cyanopindolol),B,,,BAO_0000190,BAO_0000249,cell membrane format,NCC[C@H](O)C(=O)N[C@@H]1C[C@H](N)[C@@H](O[C@H]2O[C@H](CN)[C@@H](O)[C@H](O)[C@H]2O)[C@H](O)[C@H]1O[C@H]1O[C@H](CO)[C@@H](O)[C@H](N)[C@H]1O,,,CHEMBL1909046,,,,,CHEMBL177,AMIKACIN,CHEMBL177,,0,,1539478,,15,0,,Not active,IC50,,,,CHEMBL213,Homo sapiens,Beta-1 adrenergic receptor,9606,Not Active,,IC50,,,,
,Inhibition < 50% @ 10 uM and thus dose-reponse curve not measured,7633830,[],CHEMBL1909091,DRUGMATRIX: Adrenergic beta1 radioligand binding (ligand: [125I] Cyanopindolol),B,,,BAO_0000190,BAO_0000249,cell membrane format,CCOC(=O)OC(C)OC1=C(C(=O)Nc2ccccn2)N(C)S(=O)(=O)c2ccccc21,,,CHEMBL1909046,,,,,CHEMBL1566249,AMPIROXICAM,CHEMBL1566249,,0,,1539494,,15,0,,Not active,IC50,,,,CHEMBL213,Homo sapiens,Beta-1 adrenergic receptor,9606,Not Active,,IC50,,,,
,Inhibition < 50% @ 10 uM and thus dose-reponse curve not measured,7633899,[],CHEMBL1909091,DRUGMATRIX: Adrenergic beta1 radioligand binding (ligand: [125I] Cyanopindolol),B,,,BAO_0000190,BAO_0000249,cell membrane format,O=C(c1ccccc1F)N1CCC(Cc2ccccc2)CC1,,,CHEMBL1909046,,,,,CHEMBL437002,,CHEMBL437002,,0,,1539421,,15,0,,Not active,IC50,,,,CHEMBL213,Homo sapiens,Beta-1 adrenergic receptor,9606,Not Active,,IC50,,,,
,Inhibition < 50% @ 10 uM and thus dose-reponse curve not measured,7634303,[],CHEMBL1909091,DRUGMATRIX: Adrenergic beta1 radioligand binding (ligand: [125I] Cyanopindolol),B,,,BAO_0000190,BAO_0000249,cell membrane format,Nc1ccc(Cc2ccc(N)cc2)cc1,,,CHEMBL1909046,,,,,CHEMBL85728,"4,4'-METHYLENEDIANILINE",CHEMBL85728,,0,,1539446,,15,0,,Not active,IC50,,,,CHEMBL213,Homo sapiens,Beta-1 adrenergic receptor,9606,Not Active,,IC50,,,,
,Inhibition < 50% @ 10 uM and thus dose-reponse curve not measured,7634419,[],CHEMBL1909091,DRUGMATRIX: Adrenergic beta1 radioligand binding (ligand: [125I] Cyanopindolol),B,,,BAO_0000190,BAO_0000249,cell membrane format,O=C(O)COC(=O)Cc1ccccc1Nc1c(Cl)cccc1Cl,,,CHEMBL1909046,,,,,CHEMBL93645,ACECLOFENAC,CHEMBL93645,,0,,1539454,,15,0,,Not active,IC50,,,,CHEMBL213,Homo sapiens,Beta-1 adrenergic receptor,9606,Not Active,,IC50,,,,
,Inhibition < 50% @ 10 uM and thus dose-reponse curve not measured,7634539,[],CHEMBL1909091,DRUGMATRIX: Adrenergic beta1 radioligand binding (ligand: [125I] Cyanopindolol),B,,,BAO_0000190,BAO_0000249,cell membrane format,CC[C@H]1[C@@H]2C[C@H]3[C@@H]4N(C)c5ccccc5[C@]45C[C@@H]([C@@H]2[C@H]5O)N3[C@@H]1O,,,CHEMBL1909046,,,,,CHEMBL5314404,AJMALINE,CHEMBL5314404,,0,,1539462,,15,0,,Not active,IC50,,,,CHEMBL213,Homo sapiens,Beta-1 adrenergic receptor,9606,Not Active,,IC50,,,,
,Inhibition < 50% @ 10 uM and thus dose-reponse curve not measured,7635007,[],CHEMBL1909091,DRUGMATRIX: Adrenergic beta1 radioligand binding (ligand: [125I] Cyanopindolol),B,,,BAO_0000190,BAO_0000249,cell membrane format,Cc1ccc(/N=C/N(C)/C=N/c2ccc(C)cc2C)c(C)c1,,,CHEMBL1909046,,,,,CHEMBL1365675,AMITRAZ,CHEMBL1365675,,0,,1539486,,15,0,,Not active,IC50,,,,CHEMBL213,Homo sapiens,Beta-1 adrenergic receptor,9606,Not Active,,IC50,,,,
,Inhibition < 50% @ 10 uM and thus dose-reponse curve not measured,7635475,[],CHEMBL1909091,DRUGMATRIX: Adrenergic beta1 radioligand binding (ligand: [125I] Cyanopindolol),B,,,BAO_0000190,BAO_0000249,cell membrane format,C[C@]12CCC(=O)C=C1CC[C@@H]1[C@@H]2CC[C@@]2(C)[C@H]1CC[C@]2(C)O,,,CHEMBL1909046,,,,,CHEMBL1395,METHYLTESTOSTERONE,CHEMBL1395,,0,,1539430,,15,0,,Not active,IC50,,,,CHEMBL213,Homo sapiens,Beta-1 adrenergic receptor,9606,Not Active,,IC50,,,,
,Inhibition < 50% @ 10 uM and thus dose-reponse curve not measured,7635568,[],CHEMBL1909091,DRUGMATRIX: Adrenergic beta1 radioligand binding (ligand: [125I] Cyanopindolol),B,,,BAO_0000190,BAO_0000249,cell membrane format,N[C@@H](Cc1cc(I)c(Oc2ccc(O)c(I)c2)c(I)c1)C(=O)O,,,CHEMBL1909046,,,,,CHEMBL1544,LIOTHYRONINE,CHEMBL1544,,0,,1539438,,15,0,,Not active,IC50,,,,CHEMBL213,Homo sapiens,Beta-1 adrenergic receptor,9606,Not Active,,IC50,,,,
,Inhibition < 50% @ 10 uM and thus dose-reponse curve not measured,7636022,[],CHEMBL1909091,DRUGMATRIX: Adrenergic beta1 radioligand binding (ligand: [125I] Cyanopindolol),B,,,BAO_0000190,BAO_0000249,cell membrane format,CCCSc1ccc2[nH]c(NC(=O)OC)nc2c1,,,CHEMBL1909046,,,,,CHEMBL1483,ALBENDAZOLE,CHEMBL1483,,0,,1539463,,15,0,,Not active,IC50,,,,CHEMBL213,Homo sapiens,Beta-1 adrenergic receptor,9606,Not Active,,IC50,,,,
,Inhibition < 50% @ 10 uM and thus dose-reponse curve not measured,7636124,[],CHEMBL1909091,DRUGMATRIX: Adrenergic beta1 radioligand binding (ligand: [125I] Cyanopindolol),B,,,BAO_0000190,BAO_0000249,cell membrane format,O=c1cc(-c2ccccc2)oc2c1ccc1ccccc12,,,CHEMBL1909046,,,,,CHEMBL283196,ALPHA-NAPHTHOFLAVONE,CHEMBL283196,,0,,1539471,,15,0,,Not active,IC50,,,,CHEMBL213,Homo sapiens,Beta-1 adrenergic receptor,9606,Not Active,,IC50,,,,
,Inhibition < 50% @ 10 uM and thus dose-reponse curve not measured,7636241,[],CHEMBL1909091,DRUGMATRIX: Adrenergic beta1 radioligand binding (ligand: [125I] Cyanopindolol),B,,,BAO_0000190,BAO_0000249,cell membrane format,N=C(N)NC(=O)c1nc(Cl)c(N)nc1N,,,CHEMBL1909046,,,,,CHEMBL945,AMILORIDE,CHEMBL945,,0,,1539479,,15,0,,Not active,IC50,,,,CHEMBL213,Homo sapiens,Beta-1 adrenergic receptor,9606,Not Active,,IC50,,,,
,Inhibition < 50% @ 10 uM and thus dose-reponse curve not measured,7636522,[],CHEMBL1909091,DRUGMATRIX: Adrenergic beta1 radioligand binding (ligand: [125I] Cyanopindolol),B,,,BAO_0000190,BAO_0000249,cell membrane format,CC(C)CN(C[C@@H](O)[C@H](Cc1ccccc1)NC(=O)O[C@H]1CCOC1)S(=O)(=O)c1ccc(N)cc1,,,CHEMBL1909046,,,,,CHEMBL116,AMPRENAVIR,CHEMBL116,,0,,1539495,,15,0,,Not active,IC50,,,,CHEMBL213,Homo sapiens,Beta-1 adrenergic receptor,9606,Not Active,,IC50,,,,
,Inhibition < 50% @ 10 uM and thus dose-reponse curve not measured,7636584,[],CHEMBL1909091,DRUGMATRIX: Adrenergic beta1 radioligand binding (ligand: [125I] Cyanopindolol),B,,,BAO_0000190,BAO_0000249,cell membrane format,O=C1CC[C@H](N2C(=O)c3ccccc3C2=O)C(=O)N1,,,CHEMBL1909046,,,,,CHEMBL426123,,CHEMBL426123,,0,,1539415,,15,0,,Not active,IC50,,,,CHEMBL213,Homo sapiens,Beta-1 adrenergic receptor,9606,Not Active,,IC50,,,,
,Inhibition < 50% @ 10 uM and thus dose-reponse curve not measured,7636633,[],CHEMBL1909091,DRUGMATRIX: Adrenergic beta1 radioligand binding (ligand: [125I] Cyanopindolol),B,,,BAO_0000190,BAO_0000249,cell membrane format,COc1ccccc1C(=O)N1CCC(Cc2ccccc2)CC1,,,CHEMBL1909046,,,,,CHEMBL1909049,,CHEMBL1909049,,0,,1539422,,15,0,,Not active,IC50,,,,CHEMBL213,Homo sapiens,Beta-1 adrenergic receptor,9606,Not Active,,IC50,,,,
,Inhibition < 50% @ 10 uM and thus dose-reponse curve not measured,7637041,[],CHEMBL1909091,DRUGMATRIX: Adrenergic beta1 radioligand binding (ligand: [125I] Cyanopindolol),B,,,BAO_0000190,BAO_0000249,cell membrane format,O=c1[nH]c(=O)n([C@H]2C[C@H](O)[C@@H](CO)O2)cc1F,,,CHEMBL1909046,,,,,CHEMBL917,FLOXURIDINE,CHEMBL917,,0,,1539447,,15,0,,Not active,IC50,,,,CHEMBL213,Homo sapiens,Beta-1 adrenergic receptor,9606,Not Active,,IC50,,,,
,Inhibition < 50% @ 10 uM and thus dose-reponse curve not measured,7637155,[],CHEMBL1909091,DRUGMATRIX: Adrenergic beta1 radioligand binding (ligand: [125I] Cyanopindolol),B,,,BAO_0000190,BAO_0000249,cell membrane format,COc1ccc2c(c1)c(CC(=O)OCC(=O)O)c(C)n2C(=O)c1ccc(Cl)cc1,,,CHEMBL1909046,,,,,CHEMBL189171,ACEMETACIN,CHEMBL189171,,0,,1539455,,15,0,,Not active,IC50,,,,CHEMBL213,Homo sapiens,Beta-1 adrenergic receptor,9606,Not Active,,IC50,,,,
,Inhibition < 50% @ 10 uM and thus dose-reponse curve not measured,7637722,[],CHEMBL1909091,DRUGMATRIX: Adrenergic beta1 radioligand binding (ligand: [125I] Cyanopindolol),B,,,BAO_0000190,BAO_0000249,cell membrane format,CN(C)CCC=C1c2ccccc2CCc2ccccc21,,,CHEMBL1909046,,,,,CHEMBL629,AMITRIPTYLINE,CHEMBL629,,0,,1539487,,15,0,,Not active,IC50,,,,CHEMBL213,Homo sapiens,Beta-1 adrenergic receptor,9606,Not Active,,IC50,,,,
,Inhibition < 50% @ 10 uM and thus dose-reponse curve not measured,7638322,[],CHEMBL1909091,DRUGMATRIX: Adrenergic beta1 radioligand binding (ligand: [125I] Cyanopindolol),B,,,BAO_0000190,BAO_0000249,cell membrane format,CC(=O)Nc1ccc2c(c1)Cc1ccccc1-2,,,CHEMBL1909046,,,,,CHEMBL311469,2-ACETYLAMINOFLUORENE,CHEMBL311469,,0,,1539431,,15,0,,Not active,IC50,,,,CHEMBL213,Homo sapiens,Beta-1 adrenergic receptor,9606,Not Active,,IC50,,,,
,Inhibition < 50% @ 10 uM and thus dose-reponse curve not measured,7638420,[],CHEMBL1909091,DRUGMATRIX: Adrenergic beta1 radioligand binding (ligand: [125I] Cyanopindolol),B,,,BAO_0000190,BAO_0000249,cell membrane format,O=C(O)CCCc1cccs1,,,CHEMBL1909046,,,,,CHEMBL1230333,,CHEMBL1230333,,0,,1539439,,15,0,,Not active,IC50,,,,CHEMBL213,Homo sapiens,Beta-1 adrenergic receptor,9606,Not Active,,IC50,,,,
,Inhibition < 50% @ 10 uM and thus dose-reponse curve not measured,7638872,[],CHEMBL1909091,DRUGMATRIX: Adrenergic beta1 radioligand binding (ligand: [125I] Cyanopindolol),B,,,BAO_0000190,BAO_0000249,cell membrane format,NCCCC(O)(P(=O)(O)O)P(=O)(O)O,,,CHEMBL1909046,,,,,CHEMBL870,ALENDRONIC ACID,CHEMBL870,,0,,1539464,,15,0,,Not active,IC50,,,,CHEMBL213,Homo sapiens,Beta-1 adrenergic receptor,9606,Not Active,,IC50,,,,
,Inhibition < 50% @ 10 uM and thus dose-reponse curve not measured,7638963,[],CHEMBL1909091,DRUGMATRIX: Adrenergic beta1 radioligand binding (ligand: [125I] Cyanopindolol),B,,,BAO_0000190,BAO_0000249,cell membrane format,Cc1c(C)c2c(c(C)c1O)CC[C@@](C)(CCC[C@H](C)CCC[C@H](C)CCCC(C)C)O2,,,CHEMBL1909046,,,,,CHEMBL47,ALPHA-TOCOPHEROL,CHEMBL47,,0,,1539472,,15,0,,Not active,IC50,,,,CHEMBL213,Homo sapiens,Beta-1 adrenergic receptor,9606,Not Active,,IC50,,,,
,Inhibition < 50% @ 10 uM and thus dose-reponse curve not measured,7639084,[],CHEMBL1909091,DRUGMATRIX: Adrenergic beta1 radioligand binding (ligand: [125I] Cyanopindolol),B,,,BAO_0000190,BAO_0000249,cell membrane format,NCCCCCC(=O)O,,,CHEMBL1909046,,,,,CHEMBL1046,AMINOCAPROIC ACID,CHEMBL1046,,0,,1539480,,15,0,,Not active,IC50,,,,CHEMBL213,Homo sapiens,Beta-1 adrenergic receptor,9606,Not Active,,IC50,,,,
,Inhibition < 50% @ 10 uM and thus dose-reponse curve not measured,7639383,[],CHEMBL1909091,DRUGMATRIX: Adrenergic beta1 radioligand binding (ligand: [125I] Cyanopindolol),B,,,BAO_0000190,BAO_0000249,cell membrane format,Nc1cc(-c2ccncc2)c[nH]c1=O,,,CHEMBL1909046,,,,,CHEMBL12856,INAMRINONE,CHEMBL12856,,0,,1539496,,15,0,,Not active,IC50,,,,CHEMBL213,Homo sapiens,Beta-1 adrenergic receptor,9606,Not Active,,IC50,,,,
,Inhibition < 50% @ 10 uM and thus dose-reponse curve not measured,7639444,[],CHEMBL1909091,DRUGMATRIX: Adrenergic beta1 radioligand binding (ligand: [125I] Cyanopindolol),B,,,BAO_0000190,BAO_0000249,cell membrane format,Cc1ccccc1C(=O)N1CCC(Cc2ccccc2)CC1,,,CHEMBL1909046,,,,,CHEMBL1909050,,CHEMBL1909050,,0,,1539423,,15,0,,Not active,IC50,,,,CHEMBL213,Homo sapiens,Beta-1 adrenergic receptor,9606,Not Active,,IC50,,,,
,Inhibition < 50% @ 10 uM and thus dose-reponse curve not measured,7639857,[],CHEMBL1909091,DRUGMATRIX: Adrenergic beta1 radioligand binding (ligand: [125I] Cyanopindolol),B,,,BAO_0000190,BAO_0000249,cell membrane format,Sc1ncnc2nc[nH]c12,,,CHEMBL1909046,,,,,CHEMBL1425,MERCAPTOPURINE ANHYDROUS,CHEMBL1425,,0,,1539448,,15,0,,Not active,IC50,,,,CHEMBL213,Homo sapiens,Beta-1 adrenergic receptor,9606,Not Active,,IC50,,,,
,Inhibition < 50% @ 10 uM and thus dose-reponse curve not measured,7639972,[],CHEMBL1909091,DRUGMATRIX: Adrenergic beta1 radioligand binding (ligand: [125I] Cyanopindolol),B,,,BAO_0000190,BAO_0000249,cell membrane format,CC(=O)Nc1ccc(O)cc1,,,CHEMBL1909046,,,,,CHEMBL112,ACETAMINOPHEN,CHEMBL112,,0,,1539456,,15,0,,Not active,IC50,,,,CHEMBL213,Homo sapiens,Beta-1 adrenergic receptor,9606,Not Active,,IC50,,,,
,Inhibition < 50% @ 10 uM and thus dose-reponse curve not measured,7640499,[],CHEMBL1909091,DRUGMATRIX: Adrenergic beta1 radioligand binding (ligand: [125I] Cyanopindolol),B,,,BAO_0000190,BAO_0000249,cell membrane format,CCOC(=O)C1=C(COCCN)NC(C)=C(C(=O)OC)C1c1ccccc1Cl,,,CHEMBL1909046,,,,,CHEMBL1491,AMLODIPINE,CHEMBL1491,,0,,1539488,,15,0,,Not active,IC50,,,,CHEMBL213,Homo sapiens,Beta-1 adrenergic receptor,9606,Not Active,,IC50,,,,
,Inhibition < 50% @ 10 uM and thus dose-reponse curve not measured,7641072,[],CHEMBL1909091,DRUGMATRIX: Adrenergic beta1 radioligand binding (ligand: [125I] Cyanopindolol),B,,,BAO_0000190,BAO_0000249,cell membrane format,CC(O)COC[C@H]1O[C@@H]2O[C@H]3[C@H](O)[C@@H](O)[C@@H](O[C@H]4[C@H](O)[C@@H](O)[C@@H](O[C@H]5[C@H](O)[C@@H](O)[C@@H](O[C@H]6[C@H](O)[C@@H](O)[C@@H](O[C@H]7[C@H](O)[C@@H](O)[C@@H](O[C@H]8[C@H](O)[C@@H](O)[C@@H](O[C@H]1[C@H](O)[C@H]2O)O[C@@H]8COCC(C)O)O[C@@H]7COCC(C)O)O[C@@H]6COCC(C)O)O[C@@H]5COCC(C)O)O[C@@H]4COCC(C)O)O[C@@H]3COCC(C)O,,,CHEMBL1909046,,,,,CHEMBL577294,2-HYDROXYPROPYL-BETA-CYCLODEXTRIN,CHEMBL577294,,0,,1539432,,15,0,,Not active,IC50,,,,CHEMBL213,Homo sapiens,Beta-1 adrenergic receptor,9606,Not Active,,IC50,,,,
,Inhibition < 50% @ 10 uM and thus dose-reponse curve not measured,7641177,[],CHEMBL1909091,DRUGMATRIX: Adrenergic beta1 radioligand binding (ligand: [125I] Cyanopindolol),B,,,BAO_0000190,BAO_0000249,cell membrane format,O=C(c1ccccc1C(F)(F)F)N1CCC(Cc2ccccc2)CC1,,,CHEMBL1909046,,,,,CHEMBL1909051,,CHEMBL1909051,,0,,1539440,,15,0,,Not active,IC50,,,,CHEMBL213,Homo sapiens,Beta-1 adrenergic receptor,9606,Not Active,,IC50,,,,
,Inhibition < 50% @ 10 uM and thus dose-reponse curve not measured,7641630,[],CHEMBL1909091,DRUGMATRIX: Adrenergic beta1 radioligand binding (ligand: [125I] Cyanopindolol),B,,,BAO_0000190,BAO_0000249,cell membrane format,C=C1/C(=C\C=C2/CCC[C@]3(C)[C@@H]([C@H](C)CCCC(C)C)CC[C@@H]23)C[C@@H](O)C[C@@H]1O,,,CHEMBL1909046,,,,,CHEMBL1601669,ALFACALCIDOL,CHEMBL1601669,,0,,1539465,,15,0,,Not active,IC50,,,,CHEMBL213,Homo sapiens,Beta-1 adrenergic receptor,9606,Not Active,,IC50,,,,
,Inhibition < 50% @ 10 uM and thus dose-reponse curve not measured,7641719,[],CHEMBL1909091,DRUGMATRIX: Adrenergic beta1 radioligand binding (ligand: [125I] Cyanopindolol),B,,,BAO_0000190,BAO_0000249,cell membrane format,Cc1nnc2n1-c1ccc(Cl)cc1C(c1ccccc1)=NC2,,,CHEMBL1909046,,,,,CHEMBL661,ALPRAZOLAM,CHEMBL661,,0,,1539473,,15,0,,Not active,IC50,,,,CHEMBL213,Homo sapiens,Beta-1 adrenergic receptor,9606,Not Active,,IC50,,,,
,Inhibition < 50% @ 10 uM and thus dose-reponse curve not measured,7641841,[],CHEMBL1909091,DRUGMATRIX: Adrenergic beta1 radioligand binding (ligand: [125I] Cyanopindolol),B,,,BAO_0000190,BAO_0000249,cell membrane format,CCC1(c2ccc(N)cc2)CCC(=O)NC1=O,,,CHEMBL1909046,,,,,CHEMBL488,AMINOGLUTETHIMIDE,CHEMBL488,,0,,1539481,,15,0,,Not active,IC50,,,,CHEMBL213,Homo sapiens,Beta-1 adrenergic receptor,9606,Not Active,,IC50,,,,
,Inhibition < 50% @ 10 uM and thus dose-reponse curve not measured,7642029,[],CHEMBL1909091,DRUGMATRIX: Adrenergic beta1 radioligand binding (ligand: [125I] Cyanopindolol),B,,,BAO_0000190,BAO_0000249,cell membrane format,CCC1(CCC(C)C)C(=O)NC(=O)NC1=O,,,CHEMBL1909046,,,,,CHEMBL267894,AMOBARBITAL,CHEMBL267894,,0,,1539489,,15,0,,Not active,IC50,,,,CHEMBL213,Homo sapiens,Beta-1 adrenergic receptor,9606,Not Active,,IC50,,,,
,Inhibition < 50% @ 10 uM and thus dose-reponse curve not measured,7642119,[],CHEMBL1909091,DRUGMATRIX: Adrenergic beta1 radioligand binding (ligand: [125I] Cyanopindolol),B,,,BAO_0000190,BAO_0000249,cell membrane format,N#C[C@H](O[C@@H]1O[C@H](CO[C@@H]2O[C@H](CO)[C@@H](O)[C@H](O)[C@H]2O)[C@@H](O)[C@H](O)[C@H]1O)c1ccccc1,,,CHEMBL1909046,,,,,CHEMBL461727,AMYGDALIN,CHEMBL461727,,0,,1539497,,15,0,,Not active,IC50,,,,CHEMBL213,Homo sapiens,Beta-1 adrenergic receptor,9606,Not Active,,IC50,,,,
,Inhibition < 50% @ 10 uM and thus dose-reponse curve not measured,7642222,[],CHEMBL1909091,DRUGMATRIX: Adrenergic beta1 radioligand binding (ligand: [125I] Cyanopindolol),B,,,BAO_0000190,BAO_0000249,cell membrane format,O=C1CC[C@@H](N2C(=O)c3ccccc3C2=O)C(=O)N1,,,CHEMBL1909046,,,,,CHEMBL558551,,CHEMBL558551,,0,,1539416,,15,0,,Not active,IC50,,,,CHEMBL213,Homo sapiens,Beta-1 adrenergic receptor,9606,Not Active,,IC50,,,,
,Inhibition < 50% @ 10 uM and thus dose-reponse curve not measured,7642308,[],CHEMBL1909091,DRUGMATRIX: Adrenergic beta1 radioligand binding (ligand: [125I] Cyanopindolol),B,,,BAO_0000190,BAO_0000249,cell membrane format,Nn1nnc2ccccc21,,,CHEMBL1909046,,,,,CHEMBL101168,,CHEMBL101168,,0,,1539424,,15,0,,Not active,IC50,,,,CHEMBL213,Homo sapiens,Beta-1 adrenergic receptor,9606,Not Active,,IC50,,,,
,Inhibition < 50% @ 10 uM and thus dose-reponse curve not measured,7642725,[],CHEMBL1909091,DRUGMATRIX: Adrenergic beta1 radioligand binding (ligand: [125I] Cyanopindolol),B,,,BAO_0000190,BAO_0000249,cell membrane format,COc1ccc2cc(CC(=O)O)ccc2c1,,,CHEMBL1909046,,,,,CHEMBL1105,6-METHOXY-2-NAPHTHYLACETIC ACID,CHEMBL1105,,0,,1539449,,15,0,,Not active,IC50,,,,CHEMBL213,Homo sapiens,Beta-1 adrenergic receptor,9606,Not Active,,IC50,,,,
,Inhibition < 50% @ 10 uM and thus dose-reponse curve not measured,7642840,[],CHEMBL1909091,DRUGMATRIX: Adrenergic beta1 radioligand binding (ligand: [125I] Cyanopindolol),B,,,BAO_0000190,BAO_0000249,cell membrane format,CC(=O)Nc1nnc(S(N)(=O)=O)s1,,,CHEMBL1909046,,,,,CHEMBL20,ACETAZOLAMIDE,CHEMBL20,,0,,1539457,,15,0,,Not active,IC50,,,,CHEMBL213,Homo sapiens,Beta-1 adrenergic receptor,9606,Not Active,,IC50,,,,
,Inhibition < 50% @ 10 uM and thus dose-reponse curve not measured,7643994,[],CHEMBL1909091,DRUGMATRIX: Adrenergic beta1 radioligand binding (ligand: [125I] Cyanopindolol),B,,,BAO_0000190,BAO_0000249,cell membrane format,Clc1cc2c(cc1Cl)Oc1cc(Cl)c(Cl)cc1O2,,,CHEMBL1909046,,,,,CHEMBL30327,"2,3,7,8-TETRACHLORODIBENZO-P-DIOXIN",CHEMBL30327,,0,,1539433,,15,0,,Not active,IC50,,,,CHEMBL213,Homo sapiens,Beta-1 adrenergic receptor,9606,Not Active,,IC50,,,,
,Inhibition < 50% @ 10 uM and thus dose-reponse curve not measured,7644104,[],CHEMBL1909091,DRUGMATRIX: Adrenergic beta1 radioligand binding (ligand: [125I] Cyanopindolol),B,,,BAO_0000190,BAO_0000249,cell membrane format,Nc1ccc2c3c(cccc13)C(=O)NC2=O,,,CHEMBL1909046,,,,,CHEMBL338790,,CHEMBL338790,,0,,1539441,,15,0,,Not active,IC50,,,,CHEMBL213,Homo sapiens,Beta-1 adrenergic receptor,9606,Not Active,,IC50,,,,
,Inhibition < 50% @ 10 uM and thus dose-reponse curve not measured,7644559,[],CHEMBL1909091,DRUGMATRIX: Adrenergic beta1 radioligand binding (ligand: [125I] Cyanopindolol),B,,,BAO_0000190,BAO_0000249,cell membrane format,CC(C)C(=O)Nc1ccc([N+](=O)[O-])c(C(F)(F)F)c1,,,CHEMBL1909046,,,,,CHEMBL806,FLUTAMIDE,CHEMBL806,,0,,1539787,,15,0,,Not active,IC50,,,,CHEMBL213,Homo sapiens,Beta-1 adrenergic receptor,9606,Not Active,,IC50,,,,
,Inhibition < 50% @ 10 uM and thus dose-reponse curve not measured,7644942,[],CHEMBL1909091,DRUGMATRIX: Adrenergic beta1 radioligand binding (ligand: [125I] Cyanopindolol),B,,,BAO_0000190,BAO_0000249,cell membrane format,NCC(=O)O,,,CHEMBL1909046,,,,,CHEMBL773,GLYCINE,CHEMBL773,,0,,1539811,,15,0,,Not active,IC50,,,,CHEMBL213,Homo sapiens,Beta-1 adrenergic receptor,9606,Not Active,,IC50,,,,
,Inhibition < 50% @ 10 uM and thus dose-reponse curve not measured,7645076,[],CHEMBL1909091,DRUGMATRIX: Adrenergic beta1 radioligand binding (ligand: [125I] Cyanopindolol),B,,,BAO_0000190,BAO_0000249,cell membrane format,COC1=CC(=O)C[C@@H](C)[C@]12Oc1c(Cl)c(OC)cc(OC)c1C2=O,,,CHEMBL1909046,,,,,CHEMBL562,GRISEOFULVIN,CHEMBL562,,0,,1539819,,15,0,,Not active,IC50,,,,CHEMBL213,Homo sapiens,Beta-1 adrenergic receptor,9606,Not Active,,IC50,,,,
,Inhibition < 50% @ 10 uM and thus dose-reponse curve not measured,7645148,[],CHEMBL1909091,DRUGMATRIX: Adrenergic beta1 radioligand binding (ligand: [125I] Cyanopindolol),B,,,BAO_0000190,BAO_0000249,cell membrane format,Clc1cc(Cl)c(OCC#CI)cc1Cl,,,CHEMBL1909046,,,,,CHEMBL1289,HALOPROGIN,CHEMBL1289,,0,,1539827,,15,0,,Not active,IC50,,,,CHEMBL213,Homo sapiens,Beta-1 adrenergic receptor,9606,Not Active,,IC50,,,,
,Inhibition < 50% @ 10 uM and thus dose-reponse curve not measured,7645255,[],CHEMBL1909091,DRUGMATRIX: Adrenergic beta1 radioligand binding (ligand: [125I] Cyanopindolol),B,,,BAO_0000190,BAO_0000249,cell membrane format,C[C@]12CCC(=O)C=C1CC[C@@H]1[C@@H]2[C@@H](O)C[C@@]2(C)[C@H]1CC[C@]2(O)C(=O)CO,,,CHEMBL1909046,,,,,CHEMBL389621,HYDROCORTISONE,CHEMBL389621,,0,,1539835,,15,0,,Not active,IC50,,,,CHEMBL213,Homo sapiens,Beta-1 adrenergic receptor,9606,Not Active,,IC50,,,,
,Inhibition < 50% @ 10 uM and thus dose-reponse curve not measured,7645385,[],CHEMBL1909091,DRUGMATRIX: Adrenergic beta1 radioligand binding (ligand: [125I] Cyanopindolol),B,,,BAO_0000190,BAO_0000249,cell membrane format,O=P1(NCCCl)OCCCN1CCCl,,,CHEMBL1909046,,,,,CHEMBL1024,IFOSFAMIDE,CHEMBL1024,,0,,1539843,,15,0,,Not active,IC50,,,,CHEMBL213,Homo sapiens,Beta-1 adrenergic receptor,9606,Not Active,,IC50,,,,
,Inhibition < 50% @ 10 uM and thus dose-reponse curve not measured,7645691,[],CHEMBL1909091,DRUGMATRIX: Adrenergic beta1 radioligand binding (ligand: [125I] Cyanopindolol),B,,,BAO_0000190,BAO_0000249,cell membrane format,CCc1ccc(C(=O)C(C)CN2CCCCC2)cc1,,,CHEMBL1909046,,,,,CHEMBL1902981,EPERISONE,CHEMBL1902981,,0,,1539731,,15,0,,Not active,IC50,,,,CHEMBL213,Homo sapiens,Beta-1 adrenergic receptor,9606,Not Active,,IC50,,,,
,Inhibition < 50% @ 10 uM and thus dose-reponse curve not measured,7646256,[],CHEMBL1909091,DRUGMATRIX: Adrenergic beta1 radioligand binding (ligand: [125I] Cyanopindolol),B,,,BAO_0000190,BAO_0000249,cell membrane format,CC(C(=O)O)c1cccc(Oc2ccccc2)c1,,,CHEMBL1909046,,,,,CHEMBL1297,FENOPROFEN,CHEMBL1297,,0,,1539763,,15,0,,Not active,IC50,,,,CHEMBL213,Homo sapiens,Beta-1 adrenergic receptor,9606,Not Active,,IC50,,,,
,Inhibition < 50% @ 10 uM and thus dose-reponse curve not measured,7646397,[],CHEMBL1909091,DRUGMATRIX: Adrenergic beta1 radioligand binding (ligand: [125I] Cyanopindolol),B,,,BAO_0000190,BAO_0000249,cell membrane format,Nc1nc(=O)[nH]cc1F,,,CHEMBL1909046,,,,,CHEMBL1463,FLUCYTOSINE,CHEMBL1463,,0,,1539771,,15,0,,Not active,IC50,,,,CHEMBL213,Homo sapiens,Beta-1 adrenergic receptor,9606,Not Active,,IC50,,,,
,Inhibition < 50% @ 10 uM and thus dose-reponse curve not measured,7646495,[],CHEMBL1909091,DRUGMATRIX: Adrenergic beta1 radioligand binding (ligand: [125I] Cyanopindolol),B,,,BAO_0000190,BAO_0000249,cell membrane format,CC(=O)OCC(=O)[C@@]12OC(C)(C)O[C@@H]1C[C@H]1[C@@H]3C[C@H](F)C4=CC(=O)C=C[C@]4(C)[C@@]3(F)[C@@H](O)C[C@@]12C,,,CHEMBL1909046,,,,,CHEMBL1501,FLUOCINONIDE,CHEMBL1501,,0,,1539779,,15,0,,Not active,IC50,,,,CHEMBL213,Homo sapiens,Beta-1 adrenergic receptor,9606,Not Active,,IC50,,,,
,Inhibition < 50% @ 10 uM and thus dose-reponse curve not measured,7646697,[],CHEMBL1909091,DRUGMATRIX: Adrenergic beta1 radioligand binding (ligand: [125I] Cyanopindolol),B,,,BAO_0000190,BAO_0000249,cell membrane format,CC[N+](CC)(CC)CCOc1cccc(OCC[N+](CC)(CC)CC)c1OCC[N+](CC)(CC)CC.[I-].[I-].[I-],,,CHEMBL1909046,,,,,CHEMBL1200993,GALLAMINE TRIETHIODIDE,CHEMBL360055,,0,,1539795,,15,0,,Not active,IC50,,,,CHEMBL213,Homo sapiens,Beta-1 adrenergic receptor,9606,Not Active,,IC50,,,,
,Inhibition < 50% @ 10 uM and thus dose-reponse curve not measured,7646830,[],CHEMBL1909091,DRUGMATRIX: Adrenergic beta1 radioligand binding (ligand: [125I] Cyanopindolol),B,,,BAO_0000190,BAO_0000249,cell membrane format,,,,CHEMBL1909046,,,,,CHEMBL6067485,GENTAMICIN,CHEMBL6067485,,0,,1539803,,15,0,,Not active,IC50,,,,CHEMBL213,Homo sapiens,Beta-1 adrenergic receptor,9606,Not Active,,IC50,,,,
,Inhibition < 50% @ 10 uM and thus dose-reponse curve not measured,7647648,[],CHEMBL1909091,DRUGMATRIX: Adrenergic beta1 radioligand binding (ligand: [125I] Cyanopindolol),B,,,BAO_0000190,BAO_0000249,cell membrane format,CC(C)(C)c1ccc(C(=O)CCCN2CCC(OC(c3ccccc3)c3ccccc3)CC2)cc1,,,CHEMBL1909046,,,,,CHEMBL305660,EBASTINE,CHEMBL305660,,0,,1539723,,15,0,,Not active,IC50,,,,CHEMBL213,Homo sapiens,Beta-1 adrenergic receptor,9606,Not Active,,IC50,,,,
,,7648033,[],CHEMBL1909091,DRUGMATRIX: Adrenergic beta1 radioligand binding (ligand: [125I] Cyanopindolol),B,,,BAO_0000190,BAO_0000249,cell membrane format,COC(=O)CCc1ccc(OCC(O)CNC(C)C)cc1,,,CHEMBL1909046,,,"{'bei': '22.70', 'le': '0.44', 'lle': '5.18', 'sei': '9.89'}",,CHEMBL768,ESMOLOL,CHEMBL768,6.71,0,http://www.openphacts.org/units/Nanomolar,1539740,=,15,1,=,,IC50,nM,,197.0,CHEMBL213,Homo sapiens,Beta-1 adrenergic receptor,9606,,,IC50,uM,UO_0000065,,0.197
,Inhibition < 50% @ 10 uM and thus dose-reponse curve not measured,7648144,[],CHEMBL1909091,DRUGMATRIX: Adrenergic beta1 radioligand binding (ligand: [125I] Cyanopindolol),B,,,BAO_0000190,BAO_0000249,cell membrane format,CCC1(C)CC(=O)NC1=O,,,CHEMBL1909046,,,,,CHEMBL696,ETHOSUXIMIDE,CHEMBL696,,0,,1539748,,15,0,,Not active,IC50,,,,CHEMBL213,Homo sapiens,Beta-1 adrenergic receptor,9606,Not Active,,IC50,,,,
,Inhibition < 50% @ 10 uM and thus dose-reponse curve not measured,7648275,[],CHEMBL1909091,DRUGMATRIX: Adrenergic beta1 radioligand binding (ligand: [125I] Cyanopindolol),B,,,BAO_0000190,BAO_0000249,cell membrane format,C=CCc1ccc(O)c(OC)c1,,,CHEMBL1909046,,,,,CHEMBL42710,EUGENOL,CHEMBL42710,,0,,1539756,,15,0,,Not active,IC50,,,,CHEMBL213,Homo sapiens,Beta-1 adrenergic receptor,9606,Not Active,,IC50,,,,
,Inhibition < 50% @ 10 uM and thus dose-reponse curve not measured,7648834,[],CHEMBL1909091,DRUGMATRIX: Adrenergic beta1 radioligand binding (ligand: [125I] Cyanopindolol),B,,,BAO_0000190,BAO_0000249,cell membrane format,CC(C)n1c(/C=C/C(O)CC(O)CC(=O)O)c(-c2ccc(F)cc2)c2ccccc21,,,CHEMBL1909046,,,,,CHEMBL2220442,FLUVASTATIN,CHEMBL2220442,,0,,1539788,,15,0,,Not active,IC50,,,,CHEMBL213,Homo sapiens,Beta-1 adrenergic receptor,9606,Not Active,,IC50,,,,
,Inhibition < 50% @ 10 uM and thus dose-reponse curve not measured,7649109,[],CHEMBL1909091,DRUGMATRIX: Adrenergic beta1 radioligand binding (ligand: [125I] Cyanopindolol),B,,,BAO_0000190,BAO_0000249,cell membrane format,CN(C)c1ccc(C(=C2C=CC(=[N+](C)C)C=C2)c2ccc(N(C)C)cc2)cc1.[Cl-],,,CHEMBL1909046,,,,,CHEMBL64894,GENTIAN VIOLET,CHEMBL459265,,0,,1539804,,15,0,,Not active,IC50,,,,CHEMBL213,Homo sapiens,Beta-1 adrenergic receptor,9606,Not Active,,IC50,,,,
,Inhibition < 50% @ 10 uM and thus dose-reponse curve not measured,7649225,[],CHEMBL1909091,DRUGMATRIX: Adrenergic beta1 radioligand binding (ligand: [125I] Cyanopindolol),B,,,BAO_0000190,BAO_0000249,cell membrane format,O=C(O)CO,,,CHEMBL1909046,,,,,CHEMBL252557,GLYCOLIC ACID,CHEMBL252557,,0,,1539812,,15,0,,Not active,IC50,,,,CHEMBL213,Homo sapiens,Beta-1 adrenergic receptor,9606,Not Active,,IC50,,,,
,Inhibition < 50% @ 10 uM and thus dose-reponse curve not measured,7649359,[],CHEMBL1909091,DRUGMATRIX: Adrenergic beta1 radioligand binding (ligand: [125I] Cyanopindolol),B,,,BAO_0000190,BAO_0000249,cell membrane format,COc1ccccc1OCC(O)CO,,,CHEMBL1909046,,,,,CHEMBL980,GUAIFENESIN,CHEMBL980,,0,,1539820,,15,0,,Not active,IC50,,,,CHEMBL213,Homo sapiens,Beta-1 adrenergic receptor,9606,Not Active,,IC50,,,,
,Inhibition < 50% @ 10 uM and thus dose-reponse curve not measured,7649407,[],CHEMBL1909091,DRUGMATRIX: Adrenergic beta1 radioligand binding (ligand: [125I] Cyanopindolol),B,,,BAO_0000190,BAO_0000249,cell membrane format,COC(=O)C[C@](O)(CCC(C)(C)O)C(=O)O[C@@H]1C(OC)=C[C@]23CCCN2CCc2cc4c(cc2[C@H]13)OCO4,,,CHEMBL1909046,,,,,CHEMBL433257,HARRINGTONINE,CHEMBL433257,,0,,1539828,,15,0,,Not active,IC50,,,,CHEMBL213,Homo sapiens,Beta-1 adrenergic receptor,9606,Not Active,,IC50,,,,
,Inhibition < 50% @ 10 uM and thus dose-reponse curve not measured,7649519,[],CHEMBL1909091,DRUGMATRIX: Adrenergic beta1 radioligand binding (ligand: [125I] Cyanopindolol),B,,,BAO_0000190,BAO_0000249,cell membrane format,CCN(CCO)CCCC(C)Nc1ccnc2cc(Cl)ccc12,,,CHEMBL1909046,,,,,CHEMBL1535,HYDROXYCHLOROQUINE,CHEMBL1535,,0,,1539836,,15,0,,Not active,IC50,,,,CHEMBL213,Homo sapiens,Beta-1 adrenergic receptor,9606,Not Active,,IC50,,,,
,,7649902,[],CHEMBL1909091,DRUGMATRIX: Adrenergic beta1 radioligand binding (ligand: [125I] Cyanopindolol),B,,,BAO_0000190,BAO_0000249,cell membrane format,Clc1ccc(COC(Cn2ccnc2)c2ccc(Cl)cc2Cl)cc1,,,CHEMBL1909046,,,"{'bei': '12.82', 'le': '0.28', 'lle': '-0.91', 'sei': '18.09'}",,CHEMBL808,ECONAZOLE,CHEMBL808,4.89,0,http://www.openphacts.org/units/Nanomolar,1539724,=,15,1,=,,IC50,nM,,12821.0,CHEMBL213,Homo sapiens,Beta-1 adrenergic receptor,9606,,,IC50,uM,UO_0000065,,12.821
,Inhibition < 50% @ 10 uM and thus dose-reponse curve not measured,7649989,[],CHEMBL1909091,DRUGMATRIX: Adrenergic beta1 radioligand binding (ligand: [125I] Cyanopindolol),B,,,BAO_0000190,BAO_0000249,cell membrane format,CNC[C@H](O)c1ccc(O)c(O)c1,,,CHEMBL1909046,,,,,CHEMBL679,EPINEPHRINE,CHEMBL679,,0,,1539732,,15,0,,Not active,IC50,,,,CHEMBL213,Homo sapiens,Beta-1 adrenergic receptor,9606,Not Active,,IC50,,,,
,Inhibition < 50% @ 10 uM and thus dose-reponse curve not measured,7650560,[],CHEMBL1909091,DRUGMATRIX: Adrenergic beta1 radioligand binding (ligand: [125I] Cyanopindolol),B,,,BAO_0000190,BAO_0000249,cell membrane format,COc1cc(/C=C/C(=O)O)ccc1O,,,CHEMBL1909046,,,,,CHEMBL32749,FERULATE,CHEMBL32749,,0,,1539764,,15,0,,Not active,IC50,,,,CHEMBL213,Homo sapiens,Beta-1 adrenergic receptor,9606,Not Active,,IC50,,,,
,Inhibition < 50% @ 10 uM and thus dose-reponse curve not measured,7650702,[],CHEMBL1909091,DRUGMATRIX: Adrenergic beta1 radioligand binding (ligand: [125I] Cyanopindolol),B,,,BAO_0000190,BAO_0000249,cell membrane format,Nc1nc(F)nc2c1ncn2[C@@H]1O[C@H](CO)[C@@H](O)[C@@H]1O,,,CHEMBL1909046,,,,,CHEMBL1568,FLUDARABINE,CHEMBL1568,,0,,1539772,,15,0,,Not active,IC50,,,,CHEMBL213,Homo sapiens,Beta-1 adrenergic receptor,9606,Not Active,,IC50,,,,
,Inhibition < 50% @ 10 uM and thus dose-reponse curve not measured,7650797,[],CHEMBL1909091,DRUGMATRIX: Adrenergic beta1 radioligand binding (ligand: [125I] Cyanopindolol),B,,,BAO_0000190,BAO_0000249,cell membrane format,O=C1OC2(c3ccc(O)cc3Oc3cc(O)ccc32)c2ccccc21,,,CHEMBL1909046,,,,,CHEMBL1057,FLUORESCEIN,CHEMBL1057,,0,,1539780,,15,0,,Not active,IC50,,,,CHEMBL213,Homo sapiens,Beta-1 adrenergic receptor,9606,Not Active,,IC50,,,,
,Inhibition < 50% @ 10 uM and thus dose-reponse curve not measured,7651003,[],CHEMBL1909091,DRUGMATRIX: Adrenergic beta1 radioligand binding (ligand: [125I] Cyanopindolol),B,,,BAO_0000190,BAO_0000249,cell membrane format,OC[C@H]1OC2C3[C@@H](CO)OC(O[C@H]4[C@H](O)[C@@H](O)[C@@H](O[C@H]5[C@H](O)[C@@H](O)[C@@H](O[C@H]6[C@H](O)[C@@H](O)[C@@H](O[C@H]7[C@H](O)[C@@H](O)[C@@H](O[C@H]8[C@H](O)[C@@H](O)[C@@H](O[C@H]9[C@H](O)[C@@H](O)C(OC1[C@H](O)[C@H]2O)O[C@@H]9CO)O[C@@H]8CO)O[C@@H]7CO)O[C@@H]6CO)O[C@@H]5CO)O[C@@H]4CO)[C@H](O)[C@H]3O,,,CHEMBL1909046,,,,,CHEMBL407030,,CHEMBL407030,,0,,1539796,,15,0,,Not active,IC50,,,,CHEMBL213,Homo sapiens,Beta-1 adrenergic receptor,9606,Not Active,,IC50,,,,
,Inhibition < 50% @ 10 uM and thus dose-reponse curve not measured,7651819,[],CHEMBL1909091,DRUGMATRIX: Adrenergic beta1 radioligand binding (ligand: [125I] Cyanopindolol),B,,,BAO_0000190,BAO_0000249,cell membrane format,Cc1ccc(NC(=O)c2ccc(CN3CCN(C)CC3)cc2)cc1Nc1nccc(-c2cccnc2)n1,,,CHEMBL1909046,,,,,CHEMBL941,IMATINIB,CHEMBL941,,0,,1539844,,15,0,,Not active,IC50,,,,CHEMBL213,Homo sapiens,Beta-1 adrenergic receptor,9606,Not Active,,IC50,,,,
,Inhibition < 50% @ 10 uM and thus dose-reponse curve not measured,7652355,[],CHEMBL1909091,DRUGMATRIX: Adrenergic beta1 radioligand binding (ligand: [125I] Cyanopindolol),B,,,BAO_0000190,BAO_0000249,cell membrane format,C[C@]12CC[C@@H]3c4ccc(O)cc4CC[C@H]3[C@@H]1C[C@@H](O)[C@@H]2O,,,CHEMBL1909046,,,,,CHEMBL193482,ESTRIOL,CHEMBL193482,,0,,1539741,,15,0,,Not active,IC50,,,,CHEMBL213,Homo sapiens,Beta-1 adrenergic receptor,9606,Not Active,,IC50,,,,
,Inhibition < 50% @ 10 uM and thus dose-reponse curve not measured,7652464,[],CHEMBL1909091,DRUGMATRIX: Adrenergic beta1 radioligand binding (ligand: [125I] Cyanopindolol),B,,,BAO_0000190,BAO_0000249,cell membrane format,OCCO,,,CHEMBL1909046,,,,,CHEMBL457299,ETHYLENE GLYCOL,CHEMBL457299,,0,,1539749,,15,0,,Not active,IC50,,,,CHEMBL213,Homo sapiens,Beta-1 adrenergic receptor,9606,Not Active,,IC50,,,,
,Inhibition < 50% @ 10 uM and thus dose-reponse curve not measured,7652595,[],CHEMBL1909091,DRUGMATRIX: Adrenergic beta1 radioligand binding (ligand: [125I] Cyanopindolol),B,,,BAO_0000190,BAO_0000249,cell membrane format,CC(=O)OCC(CCn1cnc2cnc(N)nc21)COC(C)=O,,,CHEMBL1909046,,,,,CHEMBL880,FAMCICLOVIR,CHEMBL880,,0,,1539757,,15,0,,Not active,IC50,,,,CHEMBL213,Homo sapiens,Beta-1 adrenergic receptor,9606,Not Active,,IC50,,,,
,Inhibition < 50% @ 10 uM and thus dose-reponse curve not measured,7653145,[],CHEMBL1909091,DRUGMATRIX: Adrenergic beta1 radioligand binding (ligand: [125I] Cyanopindolol),B,,,BAO_0000190,BAO_0000249,cell membrane format,O=C(O)P(=O)(O)O,,,CHEMBL1909046,,,,,CHEMBL666,FOSCARNET,CHEMBL666,,0,,1539789,,15,0,,Not active,IC50,,,,CHEMBL213,Homo sapiens,Beta-1 adrenergic receptor,9606,Not Active,,IC50,,,,
,Inhibition < 50% @ 10 uM and thus dose-reponse curve not measured,7653392,[],CHEMBL1909091,DRUGMATRIX: Adrenergic beta1 radioligand binding (ligand: [125I] Cyanopindolol),B,,,BAO_0000190,BAO_0000249,cell membrane format,CC(C)=CCC/C(C)=C/CO,,,CHEMBL1909046,,,,,CHEMBL25719,GERANIOL,CHEMBL25719,,0,,1539805,,15,0,,Not active,IC50,,,,CHEMBL213,Homo sapiens,Beta-1 adrenergic receptor,9606,Not Active,,IC50,,,,
,Inhibition < 50% @ 10 uM and thus dose-reponse curve not measured,7653535,[],CHEMBL1909091,DRUGMATRIX: Adrenergic beta1 radioligand binding (ligand: [125I] Cyanopindolol),B,,,BAO_0000190,BAO_0000249,cell membrane format,CC1(C)[C@@H](O[C@H]2O[C@H](C(=O)O)[C@@H](O)[C@H](O)[C@H]2O[C@@H]2O[C@H](C(=O)O)[C@@H](O)[C@H](O)[C@H]2O)CC[C@]2(C)[C@H]3C(=O)C=C4[C@@H]5C[C@@](C)(C(=O)O)CC[C@]5(C)CC[C@@]4(C)[C@]3(C)CC[C@@H]12,,,CHEMBL1909046,,,,,CHEMBL441687,GLYCYRRHIZIN,CHEMBL441687,,0,,1539813,,15,0,,Not active,IC50,,,,CHEMBL213,Homo sapiens,Beta-1 adrenergic receptor,9606,Not Active,,IC50,,,,
,Inhibition < 50% @ 10 uM and thus dose-reponse curve not measured,7653669,[],CHEMBL1909091,DRUGMATRIX: Adrenergic beta1 radioligand binding (ligand: [125I] Cyanopindolol),B,,,BAO_0000190,BAO_0000249,cell membrane format,N=C(N)N/N=C/c1c(Cl)cccc1Cl,,,CHEMBL1909046,,,,,CHEMBL420,GUANABENZ,CHEMBL420,,0,,1539821,,15,0,,Not active,IC50,,,,CHEMBL213,Homo sapiens,Beta-1 adrenergic receptor,9606,Not Active,,IC50,,,,
,Inhibition < 50% @ 10 uM and thus dose-reponse curve not measured,7653725,[],CHEMBL1909091,DRUGMATRIX: Adrenergic beta1 radioligand binding (ligand: [125I] Cyanopindolol),B,,,BAO_0000190,BAO_0000249,cell membrane format,Oc1c(Cl)cc(Cl)c(Cl)c1Cc1c(O)c(Cl)cc(Cl)c1Cl,,,CHEMBL1909046,,,,,CHEMBL496,HEXACHLOROPHENE,CHEMBL496,,0,,1539829,,15,0,,Not active,IC50,,,,CHEMBL213,Homo sapiens,Beta-1 adrenergic receptor,9606,Not Active,,IC50,,,,
,Inhibition < 50% @ 10 uM and thus dose-reponse curve not measured,7653842,[],CHEMBL1909091,DRUGMATRIX: Adrenergic beta1 radioligand binding (ligand: [125I] Cyanopindolol),B,,,BAO_0000190,BAO_0000249,cell membrane format,CC(=O)[C@@]1(O)CC[C@H]2[C@@H]3CCC4=CC(=O)CC[C@]4(C)[C@H]3CC[C@@]21C,,,CHEMBL1909046,,,,,CHEMBL1062,HYDROXYPROGESTERONE,CHEMBL1062,,0,,1539837,,15,0,,Not active,IC50,,,,CHEMBL213,Homo sapiens,Beta-1 adrenergic receptor,9606,Not Active,,IC50,,,,
,Inhibition < 50% @ 10 uM and thus dose-reponse curve not measured,7654172,[],CHEMBL1909091,DRUGMATRIX: Adrenergic beta1 radioligand binding (ligand: [125I] Cyanopindolol),B,,,BAO_0000190,BAO_0000249,cell membrane format,CC1=NN(c2ccccc2)C(=O)C1,,,CHEMBL1909046,,,,,CHEMBL290916,EDARAVONE,CHEMBL290916,,0,,1539725,,15,0,,Not active,IC50,,,,CHEMBL213,Homo sapiens,Beta-1 adrenergic receptor,9606,Not Active,,IC50,,,,
,Inhibition < 50% @ 10 uM and thus dose-reponse curve not measured,7654293,[],CHEMBL1909091,DRUGMATRIX: Adrenergic beta1 radioligand binding (ligand: [125I] Cyanopindolol),B,,,BAO_0000190,BAO_0000249,cell membrane format,COc1cccc2c1C(=O)c1c(O)c3c(c(O)c1C2=O)C[C@@](O)(C(=O)CO)C[C@@H]3O[C@H]1C[C@H](N)[C@@H](O)[C@H](C)O1,,,CHEMBL1909046,,,,,CHEMBL417,EPIRUBICIN,CHEMBL417,,0,,1539733,,15,0,,Not active,IC50,,,,CHEMBL213,Homo sapiens,Beta-1 adrenergic receptor,9606,Not Active,,IC50,,,,
,Inhibition < 50% @ 10 uM and thus dose-reponse curve not measured,7654869,[],CHEMBL1909091,DRUGMATRIX: Adrenergic beta1 radioligand binding (ligand: [125I] Cyanopindolol),B,,,BAO_0000190,BAO_0000249,cell membrane format,CC(C)(C(=O)O)c1ccc(C(O)CCCN2CCC(C(O)(c3ccccc3)c3ccccc3)CC2)cc1,,,CHEMBL1909046,,,,,CHEMBL914,FEXOFENADINE,CHEMBL914,,0,,1539765,,15,0,,Not active,IC50,,,,CHEMBL213,Homo sapiens,Beta-1 adrenergic receptor,9606,Not Active,,IC50,,,,
,Inhibition < 50% @ 10 uM and thus dose-reponse curve not measured,7655012,[],CHEMBL1909091,DRUGMATRIX: Adrenergic beta1 radioligand binding (ligand: [125I] Cyanopindolol),B,,,BAO_0000190,BAO_0000249,cell membrane format,CC(=O)OCC(=O)[C@@]1(O)CC[C@H]2[C@@H]3CCC4=CC(=O)CC[C@]4(C)[C@@]3(F)[C@@H](O)C[C@@]21C,,,CHEMBL1909046,,,,,CHEMBL1201010,FLUDROCORTISONE ACETATE,CHEMBL1201010,,0,,1539773,,15,0,,Not active,IC50,,,,CHEMBL213,Homo sapiens,Beta-1 adrenergic receptor,9606,Not Active,,IC50,,,,
,Inhibition < 50% @ 10 uM and thus dose-reponse curve not measured,7655106,[],CHEMBL1909091,DRUGMATRIX: Adrenergic beta1 radioligand binding (ligand: [125I] Cyanopindolol),B,,,BAO_0000190,BAO_0000249,cell membrane format,CC(=O)[C@@]1(O)CC[C@H]2[C@@H]3C[C@H](C)C4=CC(=O)C=C[C@]4(C)[C@@]3(F)[C@@H](O)C[C@@]21C,,,CHEMBL1909046,,,,,CHEMBL1200600,FLUOROMETHOLONE,CHEMBL1200600,,0,,1539781,,15,0,,Not active,IC50,,,,CHEMBL213,Homo sapiens,Beta-1 adrenergic receptor,9606,Not Active,,IC50,,,,
,Inhibition < 50% @ 10 uM and thus dose-reponse curve not measured,7655310,[],CHEMBL1909091,DRUGMATRIX: Adrenergic beta1 radioligand binding (ligand: [125I] Cyanopindolol),B,,,BAO_0000190,BAO_0000249,cell membrane format,Nc1nc2c(ncn2COC(CO)CO)c(=O)[nH]1,,,CHEMBL1909046,,,,,CHEMBL182,GANCICLOVIR,CHEMBL182,,0,,1539797,,15,0,,Not active,IC50,,,,CHEMBL213,Homo sapiens,Beta-1 adrenergic receptor,9606,Not Active,,IC50,,,,
,Inhibition < 50% @ 10 uM and thus dose-reponse curve not measured,7656117,[],CHEMBL1909091,DRUGMATRIX: Adrenergic beta1 radioligand binding (ligand: [125I] Cyanopindolol),B,,,BAO_0000190,BAO_0000249,cell membrane format,CC(C)Cn1cnc2c(N)nc3ccccc3c21,,,CHEMBL1909046,,,,,CHEMBL1282,IMIQUIMOD,CHEMBL1282,,0,,1539845,,15,0,,Not active,IC50,,,,CHEMBL213,Homo sapiens,Beta-1 adrenergic receptor,9606,Not Active,,IC50,,,,
,Inhibition < 50% @ 10 uM and thus dose-reponse curve not measured,7656627,[],CHEMBL1909091,DRUGMATRIX: Adrenergic beta1 radioligand binding (ligand: [125I] Cyanopindolol),B,,,BAO_0000190,BAO_0000249,cell membrane format,C[C@]12CC[C@@H]3c4ccc(O)cc4CC[C@H]3[C@@H]1CCC2=O,,,CHEMBL1909046,,,,,CHEMBL1405,ESTRONE,CHEMBL1405,,0,,1539742,,15,0,,Not active,IC50,,,,CHEMBL213,Homo sapiens,Beta-1 adrenergic receptor,9606,Not Active,,IC50,,,,
,Inhibition < 50% @ 10 uM and thus dose-reponse curve not measured,7656741,[],CHEMBL1909091,DRUGMATRIX: Adrenergic beta1 radioligand binding (ligand: [125I] Cyanopindolol),B,,,BAO_0000190,BAO_0000249,cell membrane format,CC[C@]1(O)CC[C@H]2[C@@H]3CCC4=CCCC[C@@H]4[C@H]3CC[C@@]21C,,,CHEMBL1909046,,,,,CHEMBL1200623,ETHYLESTRENOL,CHEMBL1200623,,0,,1539750,,15,0,,Not active,IC50,,,,CHEMBL213,Homo sapiens,Beta-1 adrenergic receptor,9606,Not Active,,IC50,,,,
,Inhibition < 50% @ 10 uM and thus dose-reponse curve not measured,7656874,[],CHEMBL1909091,DRUGMATRIX: Adrenergic beta1 radioligand binding (ligand: [125I] Cyanopindolol),B,,,BAO_0000190,BAO_0000249,cell membrane format,NC(N)=Nc1nc(CSCC/C(N)=N/S(N)(=O)=O)cs1,,,CHEMBL1909046,,,,,CHEMBL902,FAMOTIDINE,CHEMBL902,,0,,1539758,,15,0,,Not active,IC50,,,,CHEMBL213,Homo sapiens,Beta-1 adrenergic receptor,9606,Not Active,,IC50,,,,
,Inhibition < 50% @ 10 uM and thus dose-reponse curve not measured,7657428,[],CHEMBL1909091,DRUGMATRIX: Adrenergic beta1 radioligand binding (ligand: [125I] Cyanopindolol),B,,,BAO_0000190,BAO_0000249,cell membrane format,O=C1OCCN1/N=C/c1ccc([N+](=O)[O-])o1,,,CHEMBL1909046,,,,,CHEMBL1103,FURAZOLIDONE,CHEMBL1103,,0,,1539790,,15,0,,Not active,IC50,,,,CHEMBL213,Homo sapiens,Beta-1 adrenergic receptor,9606,Not Active,,IC50,,,,
,Inhibition < 50% @ 10 uM and thus dose-reponse curve not measured,7657668,[],CHEMBL1909091,DRUGMATRIX: Adrenergic beta1 radioligand binding (ligand: [125I] Cyanopindolol),B,,,BAO_0000190,BAO_0000249,cell membrane format,Cc1ccc(S(=O)(=O)NC(=O)NN2CC3CCCC3C2)cc1,,,CHEMBL1909046,,,,,CHEMBL427216,GLICLAZIDE,CHEMBL427216,,0,,1539806,,15,0,,Not active,IC50,,,,CHEMBL213,Homo sapiens,Beta-1 adrenergic receptor,9606,Not Active,,IC50,,,,
,Inhibition < 50% @ 10 uM and thus dose-reponse curve not measured,7657811,[],CHEMBL1909091,DRUGMATRIX: Adrenergic beta1 radioligand binding (ligand: [125I] Cyanopindolol),B,,,BAO_0000190,BAO_0000249,cell membrane format,O=C(O)CNCP(=O)(O)O,,,CHEMBL1909046,,,,,CHEMBL95764,GLYPHOSATE,CHEMBL95764,,0,,1539814,,15,0,,Not active,IC50,,,,CHEMBL213,Homo sapiens,Beta-1 adrenergic receptor,9606,Not Active,,IC50,,,,
,Inhibition < 50% @ 10 uM and thus dose-reponse curve not measured,7657934,[],CHEMBL1909091,DRUGMATRIX: Adrenergic beta1 radioligand binding (ligand: [125I] Cyanopindolol),B,,,BAO_0000190,BAO_0000249,cell membrane format,N=C(N)NCCN1CCCCCCC1,,,CHEMBL1909046,,,,,CHEMBL765,GUANETHIDINE,CHEMBL765,,0,,1539822,,15,0,,Not active,IC50,,,,CHEMBL213,Homo sapiens,Beta-1 adrenergic receptor,9606,Not Active,,IC50,,,,
,Inhibition < 50% @ 10 uM and thus dose-reponse curve not measured,7657974,[],CHEMBL1909091,DRUGMATRIX: Adrenergic beta1 radioligand binding (ligand: [125I] Cyanopindolol),B,,,BAO_0000190,BAO_0000249,cell membrane format,Br.CN1[C@@H]2CC[C@H]1C[C@@H](OC(=O)C(O)c1ccccc1)C2,,,CHEMBL1909046,,,,,CHEMBL1319362,HOMATROPINE HYDROBROMIDE,CHEMBL1618018,,0,,1539830,,15,0,,Not active,IC50,,,,CHEMBL213,Homo sapiens,Beta-1 adrenergic receptor,9606,Not Active,,IC50,,,,
,Inhibition < 50% @ 10 uM and thus dose-reponse curve not measured,7658100,[],CHEMBL1909091,DRUGMATRIX: Adrenergic beta1 radioligand binding (ligand: [125I] Cyanopindolol),B,,,BAO_0000190,BAO_0000249,cell membrane format,NC(=O)NO,,,CHEMBL1909046,,,,,CHEMBL467,HYDROXYUREA,CHEMBL467,,0,,1539838,,15,0,,Not active,IC50,,,,CHEMBL213,Homo sapiens,Beta-1 adrenergic receptor,9606,Not Active,,IC50,,,,
,Inhibition < 50% @ 10 uM and thus dose-reponse curve not measured,7658409,[],CHEMBL1909091,DRUGMATRIX: Adrenergic beta1 radioligand binding (ligand: [125I] Cyanopindolol),B,,,BAO_0000190,BAO_0000249,cell membrane format,CC[C@H]1CN2CCc3cc(OC)c(OC)cc3[C@@H]2C[C@@H]1C[C@H]1NCCc2cc(OC)c(OC)cc21,,,CHEMBL1909046,,,,,CHEMBL50588,EMETINE,CHEMBL50588,,0,,1539726,,15,0,,Not active,IC50,,,,CHEMBL213,Homo sapiens,Beta-1 adrenergic receptor,9606,Not Active,,IC50,,,,
,Inhibition < 50% @ 10 uM and thus dose-reponse curve not measured,7658535,[],CHEMBL1909091,DRUGMATRIX: Adrenergic beta1 radioligand binding (ligand: [125I] Cyanopindolol),B,,,BAO_0000190,BAO_0000249,cell membrane format,C=C1CC[C@H](O)C/C1=C/C=C1\CCC[C@]2(C)[C@@H]([C@H](C)/C=C/[C@H](C)C(C)C)CC[C@@H]12,,,CHEMBL1909046,,,,,CHEMBL1536,ERGOCALCIFEROL,CHEMBL1536,,0,,1539734,,15,0,,Not active,IC50,,,,CHEMBL213,Homo sapiens,Beta-1 adrenergic receptor,9606,Not Active,,IC50,,,,
,Inhibition < 50% @ 10 uM and thus dose-reponse curve not measured,7659119,[],CHEMBL1909091,DRUGMATRIX: Adrenergic beta1 radioligand binding (ligand: [125I] Cyanopindolol),B,,,BAO_0000190,BAO_0000249,cell membrane format,CC(C)(C)NC(=O)[C@H]1CC[C@H]2[C@@H]3CC[C@H]4NC(=O)C=C[C@]4(C)[C@H]3CC[C@]12C,,,CHEMBL1909046,,,,,CHEMBL710,FINASTERIDE,CHEMBL710,,0,,1539766,,15,0,,Not active,IC50,,,,CHEMBL213,Homo sapiens,Beta-1 adrenergic receptor,9606,Not Active,,IC50,,,,
,Inhibition < 50% @ 10 uM and thus dose-reponse curve not measured,7659260,[],CHEMBL1909091,DRUGMATRIX: Adrenergic beta1 radioligand binding (ligand: [125I] Cyanopindolol),B,,,BAO_0000190,BAO_0000249,cell membrane format,CCOC(=O)c1ncn2c1CN(C)C(=O)c1cc(F)ccc1-2,,,CHEMBL1909046,,,,,CHEMBL407,FLUMAZENIL,CHEMBL407,,0,,1539774,,15,0,,Not active,IC50,,,,CHEMBL213,Homo sapiens,Beta-1 adrenergic receptor,9606,Not Active,,IC50,,,,
,Inhibition < 50% @ 10 uM and thus dose-reponse curve not measured,7659353,[],CHEMBL1909091,DRUGMATRIX: Adrenergic beta1 radioligand binding (ligand: [125I] Cyanopindolol),B,,,BAO_0000190,BAO_0000249,cell membrane format,O=c1[nH]cc(F)c(=O)[nH]1,,,CHEMBL1909046,,,,,CHEMBL185,FLUOROURACIL,CHEMBL185,,0,,1539782,,15,0,,Not active,IC50,,,,CHEMBL213,Homo sapiens,Beta-1 adrenergic receptor,9606,Not Active,,IC50,,,,
,Inhibition < 50% @ 10 uM and thus dose-reponse curve not measured,7659561,[],CHEMBL1909091,DRUGMATRIX: Adrenergic beta1 radioligand binding (ligand: [125I] Cyanopindolol),B,,,BAO_0000190,BAO_0000249,cell membrane format,COc1c(N2CCNC(C)C2)c(F)cc2c(=O)c(C(=O)O)cn(C3CC3)c12,,,CHEMBL1909046,,,,,CHEMBL31,GATIFLOXACIN,CHEMBL31,,0,,1539798,,15,0,,Not active,IC50,,,,CHEMBL213,Homo sapiens,Beta-1 adrenergic receptor,9606,Not Active,,IC50,,,,
,Inhibition < 50% @ 10 uM and thus dose-reponse curve not measured,7660403,[],CHEMBL1909091,DRUGMATRIX: Adrenergic beta1 radioligand binding (ligand: [125I] Cyanopindolol),B,,,BAO_0000190,BAO_0000249,cell membrane format,Cn1c(=O)c2c(ncn2CC2OCCO2)n(C)c1=O,,,CHEMBL1909046,,,,,CHEMBL1527608,DOXOFYLLINE,CHEMBL1527608,,0,,1539718,,15,0,,Not active,IC50,,,,CHEMBL213,Homo sapiens,Beta-1 adrenergic receptor,9606,Not Active,,IC50,,,,
,Inhibition < 50% @ 10 uM and thus dose-reponse curve not measured,7660856,[],CHEMBL1909091,DRUGMATRIX: Adrenergic beta1 radioligand binding (ligand: [125I] Cyanopindolol),B,,,BAO_0000190,BAO_0000249,cell membrane format,C=C(CC)C(=O)c1ccc(OCC(=O)O)c(Cl)c1Cl,,,CHEMBL1909046,,,,,CHEMBL456,ETHACRYNIC ACID,CHEMBL456,,0,,1539743,,15,0,,Not active,IC50,,,,CHEMBL213,Homo sapiens,Beta-1 adrenergic receptor,9606,Not Active,,IC50,,,,
,Inhibition < 50% @ 10 uM and thus dose-reponse curve not measured,7660972,[],CHEMBL1909091,DRUGMATRIX: Adrenergic beta1 radioligand binding (ligand: [125I] Cyanopindolol),B,,,BAO_0000190,BAO_0000249,cell membrane format,C#C[C@]1(OC(C)=O)CC[C@H]2[C@@H]3CCC4=C[C@@H](OC(C)=O)CC[C@@H]4[C@H]3CC[C@@]21C,,,CHEMBL1909046,,,,,CHEMBL1200624,ETHYNODIOL DIACETATE,CHEMBL1200624,,0,,1539751,,15,0,,Not active,IC50,,,,CHEMBL213,Homo sapiens,Beta-1 adrenergic receptor,9606,Not Active,,IC50,,,,
,Inhibition < 50% @ 10 uM and thus dose-reponse curve not measured,7661110,[],CHEMBL1909091,DRUGMATRIX: Adrenergic beta1 radioligand binding (ligand: [125I] Cyanopindolol),B,,,BAO_0000190,BAO_0000249,cell membrane format,O=C(O)Cc1ccc(-c2ccccc2)cc1,,,CHEMBL1909046,,,,,CHEMBL413965,FELBINAC,CHEMBL413965,,0,,1539759,,15,0,,Not active,IC50,,,,CHEMBL213,Homo sapiens,Beta-1 adrenergic receptor,9606,Not Active,,IC50,,,,
,Inhibition < 50% @ 10 uM and thus dose-reponse curve not measured,7661665,[],CHEMBL1909091,DRUGMATRIX: Adrenergic beta1 radioligand binding (ligand: [125I] Cyanopindolol),B,,,BAO_0000190,BAO_0000249,cell membrane format,NS(=O)(=O)c1cc(C(=O)O)c(NCc2ccco2)cc1Cl,,,CHEMBL1909046,,,,,CHEMBL35,FUROSEMIDE,CHEMBL35,,0,,1539791,,15,0,,Not active,IC50,,,,CHEMBL213,Homo sapiens,Beta-1 adrenergic receptor,9606,Not Active,,IC50,,,,
,Inhibition < 50% @ 10 uM and thus dose-reponse curve not measured,7661905,[],CHEMBL1909091,DRUGMATRIX: Adrenergic beta1 radioligand binding (ligand: [125I] Cyanopindolol),B,,,BAO_0000190,BAO_0000249,cell membrane format,CCC1=C(C)CN(C(=O)NCCc2ccc(S(=O)(=O)NC(=O)N[C@H]3CC[C@H](C)CC3)cc2)C1=O,,,CHEMBL1909046,,,,,CHEMBL1481,GLIMEPIRIDE,CHEMBL1481,,0,,1539807,,15,0,,Not active,IC50,,,,CHEMBL213,Homo sapiens,Beta-1 adrenergic receptor,9606,Not Active,,IC50,,,,
,Inhibition < 50% @ 10 uM and thus dose-reponse curve not measured,7662048,[],CHEMBL1909091,DRUGMATRIX: Adrenergic beta1 radioligand binding (ligand: [125I] Cyanopindolol),B,,,BAO_0000190,BAO_0000249,cell membrane format,,,,CHEMBL1909046,,,,,CHEMBL306043,GOLD SODIUM THIOMALATE,CHEMBL306043,,0,,1539815,,15,0,,Not active,IC50,,,,CHEMBL213,Homo sapiens,Beta-1 adrenergic receptor,9606,Not Active,,IC50,,,,
,Inhibition < 50% @ 10 uM and thus dose-reponse curve not measured,7662166,[],CHEMBL1909091,DRUGMATRIX: Adrenergic beta1 radioligand binding (ligand: [125I] Cyanopindolol),B,,,BAO_0000190,BAO_0000249,cell membrane format,N=C(N)NC(=O)Cc1c(Cl)cccc1Cl,,,CHEMBL1909046,,,,,CHEMBL862,GUANFACINE,CHEMBL862,,0,,1539823,,15,0,,Not active,IC50,,,,CHEMBL213,Homo sapiens,Beta-1 adrenergic receptor,9606,Not Active,,IC50,,,,
,Inhibition < 50% @ 10 uM and thus dose-reponse curve not measured,7662204,[],CHEMBL1909091,DRUGMATRIX: Adrenergic beta1 radioligand binding (ligand: [125I] Cyanopindolol),B,,,BAO_0000190,BAO_0000249,cell membrane format,C/C=C1\[C@H]2C=C(C)C[C@]1(N)c1ccc(=O)[nH]c1C2,,,CHEMBL1909046,,,,,CHEMBL395280,HUPERZINE A,CHEMBL395280,,0,,1539831,,15,0,,Not active,IC50,,,,CHEMBL213,Homo sapiens,Beta-1 adrenergic receptor,9606,Not Active,,IC50,,,,
,Inhibition < 50% @ 10 uM and thus dose-reponse curve not measured,7662337,[],CHEMBL1909091,DRUGMATRIX: Adrenergic beta1 radioligand binding (ligand: [125I] Cyanopindolol),B,,,BAO_0000190,BAO_0000249,cell membrane format,CC(C)Cc1ccc(C(C)C(=O)O)cc1,,,CHEMBL1909046,,,,,CHEMBL521,IBUPROFEN,CHEMBL521,,0,,1539839,,15,0,,Not active,IC50,,,,CHEMBL213,Homo sapiens,Beta-1 adrenergic receptor,9606,Not Active,,IC50,,,,
,Inhibition < 50% @ 10 uM and thus dose-reponse curve not measured,7662641,[],CHEMBL1909091,DRUGMATRIX: Adrenergic beta1 radioligand binding (ligand: [125I] Cyanopindolol),B,,,BAO_0000190,BAO_0000249,cell membrane format,CCOC(=O)[C@H](CCc1ccccc1)N[C@@H](C)C(=O)N1CCC[C@H]1C(=O)O,,,CHEMBL1909046,,,,,CHEMBL578,ENALAPRIL,CHEMBL578,,0,,1539727,,15,0,,Not active,IC50,,,,CHEMBL213,Homo sapiens,Beta-1 adrenergic receptor,9606,Not Active,,IC50,,,,
,Inhibition < 50% @ 10 uM and thus dose-reponse curve not measured,7662767,[],CHEMBL1909091,DRUGMATRIX: Adrenergic beta1 radioligand binding (ligand: [125I] Cyanopindolol),B,,,BAO_0000190,BAO_0000249,cell membrane format,CC(C)[C@H]1C(=O)N2CCC[C@H]2[C@]2(O)O[C@](NC(=O)[C@@H]3C=C4c5cccc6[nH]cc(c56)C[C@H]4N(C)C3)(C(C)C)C(=O)N12,,,CHEMBL1909046,,,,,CHEMBL1385840,ERGOCORNINE,CHEMBL1385840,,0,,1539735,,15,0,,Not active,IC50,,,,CHEMBL213,Homo sapiens,Beta-1 adrenergic receptor,9606,Not Active,,IC50,,,,
,Inhibition < 50% @ 10 uM and thus dose-reponse curve not measured,7663355,[],CHEMBL1909091,DRUGMATRIX: Adrenergic beta1 radioligand binding (ligand: [125I] Cyanopindolol),B,,,BAO_0000190,BAO_0000249,cell membrane format,Cc1c(-c2ccccc2)oc2c(C(=O)OCCN3CCCCC3)cccc2c1=O,,,CHEMBL1909046,,,,,CHEMBL1493,FLAVOXATE,CHEMBL1493,,0,,1539767,,15,0,,Not active,IC50,,,,CHEMBL213,Homo sapiens,Beta-1 adrenergic receptor,9606,Not Active,,IC50,,,,
,Inhibition < 50% @ 10 uM and thus dose-reponse curve not measured,7663496,[],CHEMBL1909091,DRUGMATRIX: Adrenergic beta1 radioligand binding (ligand: [125I] Cyanopindolol),B,,,BAO_0000190,BAO_0000249,cell membrane format,Fc1ccc(C(c2ccc(F)cc2)N2CCN(C/C=C/c3ccccc3)CC2)cc1,,,CHEMBL1909046,,,,,CHEMBL30008,FLUNARIZINE,CHEMBL30008,,0,,1539775,,15,0,,Not active,IC50,,,,CHEMBL213,Homo sapiens,Beta-1 adrenergic receptor,9606,Not Active,,IC50,,,,
,Inhibition < 50% @ 10 uM and thus dose-reponse curve not measured,7663605,[],CHEMBL1909091,DRUGMATRIX: Adrenergic beta1 radioligand binding (ligand: [125I] Cyanopindolol),B,,,BAO_0000190,BAO_0000249,cell membrane format,CNCCC(Oc1ccc(C(F)(F)F)cc1)c1ccccc1,,,CHEMBL1909046,,,,,CHEMBL41,FLUOXETINE,CHEMBL41,,0,,1539783,,15,0,,Not active,IC50,,,,CHEMBL213,Homo sapiens,Beta-1 adrenergic receptor,9606,Not Active,,IC50,,,,
,Inhibition < 50% @ 10 uM and thus dose-reponse curve not measured,7663819,[],CHEMBL1909091,DRUGMATRIX: Adrenergic beta1 radioligand binding (ligand: [125I] Cyanopindolol),B,,,BAO_0000190,BAO_0000249,cell membrane format,Nc1ccn([C@@H]2O[C@H](CO)[C@@H](O)C2(F)F)c(=O)n1,,,CHEMBL1909046,,,,,CHEMBL888,GEMCITABINE,CHEMBL888,,0,,1539799,,15,0,,Not active,IC50,,,,CHEMBL213,Homo sapiens,Beta-1 adrenergic receptor,9606,Not Active,,IC50,,,,
,Inhibition < 50% @ 10 uM and thus dose-reponse curve not measured,7664656,[],CHEMBL1909091,DRUGMATRIX: Adrenergic beta1 radioligand binding (ligand: [125I] Cyanopindolol),B,,,BAO_0000190,BAO_0000249,cell membrane format,COc1cccc2c1C(=O)c1c(O)c3c(c(O)c1C2=O)C[C@@](O)(C(=O)CO)C[C@@H]3O[C@H]1C[C@H](N)[C@H](O)[C@H](C)O1,,,CHEMBL1909046,,,,,CHEMBL53463,DOXORUBICIN,CHEMBL53463,,0,,1539719,,15,0,,Not active,IC50,,,,CHEMBL213,Homo sapiens,Beta-1 adrenergic receptor,9606,Not Active,,IC50,,,,
,Inhibition < 50% @ 10 uM and thus dose-reponse curve not measured,7665113,[],CHEMBL1909091,DRUGMATRIX: Adrenergic beta1 radioligand binding (ligand: [125I] Cyanopindolol),B,,,BAO_0000190,BAO_0000249,cell membrane format,CC[C@@H](CO)NCCN[C@@H](CC)CO,,,CHEMBL1909046,,,,,CHEMBL44884,ETHAMBUTOL,CHEMBL44884,,0,,1539744,,15,0,,Not active,IC50,,,,CHEMBL213,Homo sapiens,Beta-1 adrenergic receptor,9606,Not Active,,IC50,,,,
,Inhibition < 50% @ 10 uM and thus dose-reponse curve not measured,7665224,[],CHEMBL1909091,DRUGMATRIX: Adrenergic beta1 radioligand binding (ligand: [125I] Cyanopindolol),B,,,BAO_0000190,BAO_0000249,cell membrane format,CC(O)(P(=O)(O)O)P(=O)(O)O,,,CHEMBL1909046,,,,,CHEMBL871,ETIDRONIC ACID,CHEMBL871,,0,,1539752,,15,0,,Not active,IC50,,,,CHEMBL213,Homo sapiens,Beta-1 adrenergic receptor,9606,Not Active,,IC50,,,,
,Inhibition < 50% @ 10 uM and thus dose-reponse curve not measured,7665365,[],CHEMBL1909091,DRUGMATRIX: Adrenergic beta1 radioligand binding (ligand: [125I] Cyanopindolol),B,,,BAO_0000190,BAO_0000249,cell membrane format,CCOC(=O)C1=C(C)NC(C)=C(C(=O)OC)C1c1cccc(Cl)c1Cl,,,CHEMBL1909046,,,,,CHEMBL1480,FELODIPINE,CHEMBL1480,,0,,1539760,,15,0,,Not active,IC50,,,,CHEMBL213,Homo sapiens,Beta-1 adrenergic receptor,9606,Not Active,,IC50,,,,
,Inhibition < 50% @ 10 uM and thus dose-reponse curve not measured,7665945,[],CHEMBL1909091,DRUGMATRIX: Adrenergic beta1 radioligand binding (ligand: [125I] Cyanopindolol),B,,,BAO_0000190,BAO_0000249,cell membrane format,NCC1(CC(=O)O)CCCCC1,,,CHEMBL1909046,,,,,CHEMBL940,GABAPENTIN,CHEMBL940,,0,,1539792,,15,0,,Not active,IC50,,,,CHEMBL213,Homo sapiens,Beta-1 adrenergic receptor,9606,Not Active,,IC50,,,,
,Inhibition < 50% @ 10 uM and thus dose-reponse curve not measured,7666185,[],CHEMBL1909091,DRUGMATRIX: Adrenergic beta1 radioligand binding (ligand: [125I] Cyanopindolol),B,,,BAO_0000190,BAO_0000249,cell membrane format,Cc1cnc(C(=O)NCCc2ccc(S(=O)(=O)NC(=O)NC3CCCCC3)cc2)cn1,,,CHEMBL1909046,,,,,CHEMBL1073,GLIPIZIDE,CHEMBL1073,,0,,1539808,,15,0,,Not active,IC50,,,,CHEMBL213,Homo sapiens,Beta-1 adrenergic receptor,9606,Not Active,,IC50,,,,
,Inhibition < 50% @ 10 uM and thus dose-reponse curve not measured,7666328,[],CHEMBL1909091,DRUGMATRIX: Adrenergic beta1 radioligand binding (ligand: [125I] Cyanopindolol),B,,,BAO_0000190,BAO_0000249,cell membrane format,,,,CHEMBL1909046,,,,,CHEMBL1201469,GRAMICIDIN,CHEMBL1201469,,0,,1539816,,15,0,,Not active,IC50,,,,CHEMBL213,Homo sapiens,Beta-1 adrenergic receptor,9606,Not Active,,IC50,,,,
,Inhibition < 50% @ 10 uM and thus dose-reponse curve not measured,7666442,[],CHEMBL1909091,DRUGMATRIX: Adrenergic beta1 radioligand binding (ligand: [125I] Cyanopindolol),B,,,BAO_0000190,BAO_0000249,cell membrane format,CN(CCOc1ccc(C[C@H](Nc2ccccc2C(=O)c2ccccc2)C(=O)O)cc1)c1ccccn1,,,CHEMBL1909046,,,,,CHEMBL434063,,CHEMBL434063,,0,,1539824,,15,0,,Not active,IC50,,,,CHEMBL213,Homo sapiens,Beta-1 adrenergic receptor,9606,Not Active,,IC50,,,,
,Inhibition < 50% @ 10 uM and thus dose-reponse curve not measured,7666493,[],CHEMBL1909091,DRUGMATRIX: Adrenergic beta1 radioligand binding (ligand: [125I] Cyanopindolol),B,,,BAO_0000190,BAO_0000249,cell membrane format,NNc1nncc2ccccc12,,,CHEMBL1909046,,,,,CHEMBL276832,HYDRALAZINE,CHEMBL276832,,0,,1539832,,15,0,,Not active,IC50,,,,CHEMBL213,Homo sapiens,Beta-1 adrenergic receptor,9606,Not Active,,IC50,,,,
,Inhibition < 50% @ 10 uM and thus dose-reponse curve not measured,7666625,[],CHEMBL1909091,DRUGMATRIX: Adrenergic beta1 radioligand binding (ligand: [125I] Cyanopindolol),B,,,BAO_0000190,BAO_0000249,cell membrane format,CC(=O)[C@]1(O)Cc2c(O)c3c(c(O)c2[C@@H](O[C@H]2C[C@H](N)[C@H](O)[C@H](C)O2)C1)C(=O)c1ccccc1C3=O,,,CHEMBL1909046,,,,,CHEMBL1117,IDARUBICIN,CHEMBL1117,,0,,1539840,,15,0,,Not active,IC50,,,,CHEMBL213,Homo sapiens,Beta-1 adrenergic receptor,9606,Not Active,,IC50,,,,
,Inhibition < 50% @ 10 uM and thus dose-reponse curve not measured,7666935,[],CHEMBL1909091,DRUGMATRIX: Adrenergic beta1 radioligand binding (ligand: [125I] Cyanopindolol),B,,,BAO_0000190,BAO_0000249,cell membrane format,CCn1cc(C(=O)O)c(=O)c2cc(F)c(N3CCNCC3)nc21,,,CHEMBL1909046,,,,,CHEMBL826,ENOXACIN,CHEMBL826,,0,,1539728,,15,0,,Not active,IC50,,,,CHEMBL213,Homo sapiens,Beta-1 adrenergic receptor,9606,Not Active,,IC50,,,,
,Inhibition < 50% @ 10 uM and thus dose-reponse curve not measured,7667041,[],CHEMBL1909091,DRUGMATRIX: Adrenergic beta1 radioligand binding (ligand: [125I] Cyanopindolol),B,,,BAO_0000190,BAO_0000249,cell membrane format,C[C@@H](CO)NC(=O)[C@@H]1C=C2c3cccc4[nH]cc(c34)C[C@H]2N(C)C1,,,CHEMBL1909046,,,,,CHEMBL119443,ERGONOVINE,CHEMBL119443,,0,,1539736,,15,0,,Not active,IC50,,,,CHEMBL213,Homo sapiens,Beta-1 adrenergic receptor,9606,Not Active,,IC50,,,,
,Inhibition < 50% @ 10 uM and thus dose-reponse curve not measured,7667641,[],CHEMBL1909091,DRUGMATRIX: Adrenergic beta1 radioligand binding (ligand: [125I] Cyanopindolol),B,,,BAO_0000190,BAO_0000249,cell membrane format,CN1CCN(c2c(F)cc3c(=O)c(C(=O)O)cn(CCF)c3c2F)CC1,,,CHEMBL1909046,,,,,CHEMBL6273,FLEROXACIN,CHEMBL6273,,0,,1539768,,15,0,,Not active,IC50,,,,CHEMBL213,Homo sapiens,Beta-1 adrenergic receptor,9606,Not Active,,IC50,,,,
,Inhibition < 50% @ 10 uM and thus dose-reponse curve not measured,7667755,[],CHEMBL1909091,DRUGMATRIX: Adrenergic beta1 radioligand binding (ligand: [125I] Cyanopindolol),B,,,BAO_0000190,BAO_0000249,cell membrane format,CC1(C)O[C@@H]2C[C@H]3[C@@H]4C[C@H](F)C5=CC(=O)C=C[C@]5(C)[C@H]4[C@@H](O)C[C@]3(C)[C@]2(C(=O)CO)O1,,,CHEMBL1909046,,,,,CHEMBL1512,FLUNISOLIDE,CHEMBL1512,,0,,1539776,,15,0,,Not active,IC50,,,,CHEMBL213,Homo sapiens,Beta-1 adrenergic receptor,9606,Not Active,,IC50,,,,
,Inhibition < 50% @ 10 uM and thus dose-reponse curve not measured,7667874,[],CHEMBL1909091,DRUGMATRIX: Adrenergic beta1 radioligand binding (ligand: [125I] Cyanopindolol),B,,,BAO_0000190,BAO_0000249,cell membrane format,OCCN1CCN(CCCN2c3ccccc3Sc3ccc(C(F)(F)F)cc32)CC1,,,CHEMBL1909046,,,,,CHEMBL726,FLUPHENAZINE,CHEMBL726,,0,,1539784,,15,0,,Not active,IC50,,,,CHEMBL213,Homo sapiens,Beta-1 adrenergic receptor,9606,Not Active,,IC50,,,,
,Inhibition < 50% @ 10 uM and thus dose-reponse curve not measured,7668126,[],CHEMBL1909091,DRUGMATRIX: Adrenergic beta1 radioligand binding (ligand: [125I] Cyanopindolol),B,,,BAO_0000190,BAO_0000249,cell membrane format,Cc1ccc(C)c(OCCCC(C)(C)C(=O)O)c1,,,CHEMBL1909046,,,,,CHEMBL457,GEMFIBROZIL,CHEMBL457,,0,,1539800,,15,0,,Not active,IC50,,,,CHEMBL213,Homo sapiens,Beta-1 adrenergic receptor,9606,Not Active,,IC50,,,,
,Inhibition < 50% @ 10 uM and thus dose-reponse curve not measured,7668966,[],CHEMBL1909091,DRUGMATRIX: Adrenergic beta1 radioligand binding (ligand: [125I] Cyanopindolol),B,,,BAO_0000190,BAO_0000249,cell membrane format,C[C@H]1c2cccc(O)c2C(=O)C2=C(O)[C@]3(O)C(=O)C(C(N)=O)=C(O)[C@@H](N(C)C)[C@@H]3[C@@H](O)[C@@H]21.O,,,CHEMBL1909046,,,,,CHEMBL1200699,DOXYCYCLINE,CHEMBL1433,,0,,1539720,,15,0,,Not active,IC50,,,,CHEMBL213,Homo sapiens,Beta-1 adrenergic receptor,9606,Not Active,,IC50,,,,
,Inhibition < 50% @ 10 uM and thus dose-reponse curve not measured,7669433,[],CHEMBL1909091,DRUGMATRIX: Adrenergic beta1 radioligand binding (ligand: [125I] Cyanopindolol),B,,,BAO_0000190,BAO_0000249,cell membrane format,CCO,,,CHEMBL1909046,,,,,CHEMBL545,ALCOHOL,CHEMBL545,,0,,1539745,,15,0,,Not active,IC50,,,,CHEMBL213,Homo sapiens,Beta-1 adrenergic receptor,9606,Not Active,,IC50,,,,
,Inhibition < 50% @ 10 uM and thus dose-reponse curve not measured,7669543,[],CHEMBL1909091,DRUGMATRIX: Adrenergic beta1 radioligand binding (ligand: [125I] Cyanopindolol),B,,,BAO_0000190,BAO_0000249,cell membrane format,CCc1cccc2c3c([nH]c12)C(CC)(CC(=O)O)OCC3,,,CHEMBL1909046,,,,,CHEMBL622,ETODOLAC,CHEMBL622,,0,,1539753,,15,0,,Not active,IC50,,,,CHEMBL213,Homo sapiens,Beta-1 adrenergic receptor,9606,Not Active,,IC50,,,,
,Inhibition < 50% @ 10 uM and thus dose-reponse curve not measured,7669679,[],CHEMBL1909091,DRUGMATRIX: Adrenergic beta1 radioligand binding (ligand: [125I] Cyanopindolol),B,,,BAO_0000190,BAO_0000249,cell membrane format,COC(=O)Nc1nc2cc(Sc3ccccc3)ccc2[nH]1,,,CHEMBL1909046,,,,,CHEMBL37161,FENBENDAZOLE,CHEMBL37161,,0,,1539761,,15,0,,Not active,IC50,,,,CHEMBL213,Homo sapiens,Beta-1 adrenergic receptor,9606,Not Active,,IC50,,,,
,Inhibition < 50% @ 10 uM and thus dose-reponse curve not measured,7670132,[],CHEMBL1909091,DRUGMATRIX: Adrenergic beta1 radioligand binding (ligand: [125I] Cyanopindolol),B,,,BAO_0000190,BAO_0000249,cell membrane format,CC1(C)O[C@@H]2C[C@H]3[C@@H]4C[C@H](F)C5=CC(=O)CC[C@]5(C)[C@H]4[C@@H](O)C[C@]3(C)[C@]2(C(=O)CO)O1,,,CHEMBL1909046,,,,,CHEMBL1201012,FLURANDRENOLIDE,CHEMBL1201012,,0,,1539785,,15,0,,Not active,IC50,,,,CHEMBL213,Homo sapiens,Beta-1 adrenergic receptor,9606,Not Active,,IC50,,,,
,Inhibition < 50% @ 10 uM and thus dose-reponse curve not measured,7670507,[],CHEMBL1909091,DRUGMATRIX: Adrenergic beta1 radioligand binding (ligand: [125I] Cyanopindolol),B,,,BAO_0000190,BAO_0000249,cell membrane format,N[C@@H](CCC(=O)N[C@@H](CSSC[C@H](NC(=O)CC[C@H](N)C(=O)O)C(=O)NCC(=O)O)C(=O)NCC(=O)O)C(=O)O,,,CHEMBL1909046,,,,,CHEMBL1372,OXIGLUTATIONE,CHEMBL1372,,0,,1539809,,15,0,,Not active,IC50,,,,CHEMBL213,Homo sapiens,Beta-1 adrenergic receptor,9606,Not Active,,IC50,,,,
,Inhibition < 50% @ 10 uM and thus dose-reponse curve not measured,7670644,[],CHEMBL1909091,DRUGMATRIX: Adrenergic beta1 radioligand binding (ligand: [125I] Cyanopindolol),B,,,BAO_0000190,BAO_0000249,cell membrane format,CN1C2CCCC1CC(NC(=O)c1nn(C)c3ccccc13)C2,,,CHEMBL1909046,,,,,CHEMBL289469,GRANISETRON,CHEMBL289469,,0,,1539817,,15,0,,Not active,IC50,,,,CHEMBL213,Homo sapiens,Beta-1 adrenergic receptor,9606,Not Active,,IC50,,,,
,Inhibition < 50% @ 10 uM and thus dose-reponse curve not measured,7670747,[],CHEMBL1909091,DRUGMATRIX: Adrenergic beta1 radioligand binding (ligand: [125I] Cyanopindolol),B,,,BAO_0000190,BAO_0000249,cell membrane format,CC1(C)O[C@@H]2C[C@H]3[C@@H]4CCC5=CC(=O)CC[C@]5(C)[C@@]4(F)[C@@H](O)C[C@]3(C)[C@]2(C(=O)CCl)O1,,,CHEMBL1909046,,,,,CHEMBL1200845,HALCINONIDE,CHEMBL1200845,,0,,1539825,,15,0,,Not active,IC50,,,,CHEMBL213,Homo sapiens,Beta-1 adrenergic receptor,9606,Not Active,,IC50,,,,
,Inhibition < 50% @ 10 uM and thus dose-reponse curve not measured,7670808,[],CHEMBL1909091,DRUGMATRIX: Adrenergic beta1 radioligand binding (ligand: [125I] Cyanopindolol),B,,,BAO_0000190,BAO_0000249,cell membrane format,NN,,,CHEMBL1909046,,,,,CHEMBL1237174,HYDRAZINE,CHEMBL1237174,,0,,1539833,,15,0,,Not active,IC50,,,,CHEMBL213,Homo sapiens,Beta-1 adrenergic receptor,9606,Not Active,,IC50,,,,
,Inhibition < 50% @ 10 uM and thus dose-reponse curve not measured,7670940,[],CHEMBL1909091,DRUGMATRIX: Adrenergic beta1 radioligand binding (ligand: [125I] Cyanopindolol),B,,,BAO_0000190,BAO_0000249,cell membrane format,COC1=C(OC)C(=O)C(CCCCCCCCCCO)=C(C)C1=O,,,CHEMBL1909046,,,,,CHEMBL252556,IDEBENONE,CHEMBL252556,,0,,1539841,,15,0,,Not active,IC50,,,,CHEMBL213,Homo sapiens,Beta-1 adrenergic receptor,9606,Not Active,,IC50,,,,
,Inhibition < 50% @ 10 uM and thus dose-reponse curve not measured,7671247,[],CHEMBL1909091,DRUGMATRIX: Adrenergic beta1 radioligand binding (ligand: [125I] Cyanopindolol),B,,,BAO_0000190,BAO_0000249,cell membrane format,CCN1CCN(c2cc3c(cc2F)c(=O)c(C(=O)O)cn3C2CC2)CC1,,,CHEMBL1909046,,,,,CHEMBL15511,ENROFLOXACIN,CHEMBL15511,,0,,1539729,,15,0,,Not active,IC50,,,,CHEMBL213,Homo sapiens,Beta-1 adrenergic receptor,9606,Not Active,,IC50,,,,
,,7671335,[],CHEMBL1909091,DRUGMATRIX: Adrenergic beta1 radioligand binding (ligand: [125I] Cyanopindolol),B,,,BAO_0000190,BAO_0000249,cell membrane format,CN1C[C@H](C(=O)N[C@]2(C)O[C@@]3(O)[C@@H]4CCCN4C(=O)[C@H](Cc4ccccc4)N3C2=O)C=C2c3cccc4[nH]cc(c34)C[C@H]21,,,CHEMBL1909046,,,"{'bei': '9.25', 'le': '0.17', 'lle': '3.39', 'sei': '4.55'}",,CHEMBL442,ERGOTAMINE,CHEMBL442,5.38,0,http://www.openphacts.org/units/Nanomolar,1539737,=,15,1,=,,IC50,nM,,4142.0,CHEMBL213,Homo sapiens,Beta-1 adrenergic receptor,9606,,,IC50,uM,UO_0000065,,4.142
,Inhibition < 50% @ 10 uM and thus dose-reponse curve not measured,7671960,[],CHEMBL1909091,DRUGMATRIX: Adrenergic beta1 radioligand binding (ligand: [125I] Cyanopindolol),B,,,BAO_0000190,BAO_0000249,cell membrane format,COC(=O)Nc1nc2cc(C(=O)c3ccc(F)cc3)ccc2[nH]1,,,CHEMBL1909046,,,,,CHEMBL1454946,FLUBENDAZOLE,CHEMBL1454946,,0,,1539769,,15,0,,Not active,IC50,,,,CHEMBL213,Homo sapiens,Beta-1 adrenergic receptor,9606,Not Active,,IC50,,,,
,Inhibition < 50% @ 10 uM and thus dose-reponse curve not measured,7672061,[],CHEMBL1909091,DRUGMATRIX: Adrenergic beta1 radioligand binding (ligand: [125I] Cyanopindolol),B,,,BAO_0000190,BAO_0000249,cell membrane format,C[C@H](C(=O)O)c1ccc2oc(-c3ccc(F)cc3)nc2c1,,,CHEMBL1909046,,,,,CHEMBL1614641,FLUNOXAPROFEN,CHEMBL1614641,,0,,1539777,,15,0,,Not active,IC50,,,,CHEMBL213,Homo sapiens,Beta-1 adrenergic receptor,9606,Not Active,,IC50,,,,
,Inhibition < 50% @ 10 uM and thus dose-reponse curve not measured,7672263,[],CHEMBL1909091,DRUGMATRIX: Adrenergic beta1 radioligand binding (ligand: [125I] Cyanopindolol),B,,,BAO_0000190,BAO_0000249,cell membrane format,,,,CHEMBL1909046,,,,,CHEMBL1200431,GADOPENTETATE DIMEGLUMINE,CHEMBL1200431,,0,,1539793,,15,0,,Not active,IC50,,,,CHEMBL213,Homo sapiens,Beta-1 adrenergic receptor,9606,Not Active,,IC50,,,,
,Inhibition < 50% @ 10 uM and thus dose-reponse curve not measured,7672407,[],CHEMBL1909091,DRUGMATRIX: Adrenergic beta1 radioligand binding (ligand: [125I] Cyanopindolol),B,,,BAO_0000190,BAO_0000249,cell membrane format,C[C@H]([C@](O)(Cn1cncn1)c1ccc(F)cc1F)S(C)(=O)=O,,,CHEMBL1909046,,,,,CHEMBL34139,GENACONAZOLE,CHEMBL34139,,0,,1539801,,15,0,,Not active,IC50,,,,CHEMBL213,Homo sapiens,Beta-1 adrenergic receptor,9606,Not Active,,IC50,,,,
,Inhibition < 50% @ 10 uM and thus dose-reponse curve not measured,7673235,[],CHEMBL1909091,DRUGMATRIX: Adrenergic beta1 radioligand binding (ligand: [125I] Cyanopindolol),B,,,BAO_0000190,BAO_0000249,cell membrane format,O=C(CCCN1CC=C(n2c(=O)[nH]c3ccccc32)CC1)c1ccc(F)cc1,,,CHEMBL1909046,,,,,CHEMBL1108,DROPERIDOL,CHEMBL1108,,0,,1539721,,15,0,,Not active,IC50,,,,CHEMBL213,Homo sapiens,Beta-1 adrenergic receptor,9606,Not Active,,IC50,,,,
,Inhibition < 50% @ 10 uM and thus dose-reponse curve not measured,7673584,[],CHEMBL1909091,DRUGMATRIX: Adrenergic beta1 radioligand binding (ligand: [125I] Cyanopindolol),B,,,BAO_0000190,BAO_0000249,cell membrane format,CC[C@H]1OC(=O)[C@H](C)[C@@H](O[C@H]2C[C@@](C)(OC)[C@@H](O)[C@H](C)O2)[C@H](C)[C@@H](O[C@@H]2O[C@H](C)C[C@H](N(C)C)[C@H]2O)[C@](C)(O)C[C@@H](C)C(=O)[C@H](C)[C@@H](O)[C@]1(C)O,,,CHEMBL1909046,,,,,CHEMBL532,ERYTHROMYCIN,CHEMBL532,,0,,1539738,,15,0,,Not active,IC50,,,,CHEMBL213,Homo sapiens,Beta-1 adrenergic receptor,9606,Not Active,,IC50,,,,
,Inhibition < 50% @ 10 uM and thus dose-reponse curve not measured,7673716,[],CHEMBL1909091,DRUGMATRIX: Adrenergic beta1 radioligand binding (ligand: [125I] Cyanopindolol),B,,,BAO_0000190,BAO_0000249,cell membrane format,C#C[C@]1(O)CC[C@H]2[C@@H]3CCc4cc(O)ccc4[C@H]3CC[C@@]21C,,,CHEMBL1909046,,,,,CHEMBL691,ETHINYL ESTRADIOL,CHEMBL691,,0,,1539746,,15,0,,Not active,IC50,,,,CHEMBL213,Homo sapiens,Beta-1 adrenergic receptor,9606,Not Active,,IC50,,,,
,Inhibition < 50% @ 10 uM and thus dose-reponse curve not measured,7673828,[],CHEMBL1909091,DRUGMATRIX: Adrenergic beta1 radioligand binding (ligand: [125I] Cyanopindolol),B,,,BAO_0000190,BAO_0000249,cell membrane format,COc1cc([C@@H]2c3cc4c(cc3[C@@H](O[C@@H]3O[C@@H]5CO[C@@H](C)O[C@H]5[C@H](O)[C@H]3O)[C@H]3COC(=O)[C@H]23)OCO4)cc(OC)c1O,,,CHEMBL1909046,,,,,CHEMBL44657,ETOPOSIDE,CHEMBL44657,,0,,1539754,,15,0,,Not active,IC50,,,,CHEMBL213,Homo sapiens,Beta-1 adrenergic receptor,9606,Not Active,,IC50,,,,
,Inhibition < 50% @ 10 uM and thus dose-reponse curve not measured,7673965,[],CHEMBL1909091,DRUGMATRIX: Adrenergic beta1 radioligand binding (ligand: [125I] Cyanopindolol),B,,,BAO_0000190,BAO_0000249,cell membrane format,CC(C)OC(=O)C(C)(C)Oc1ccc(C(=O)c2ccc(Cl)cc2)cc1,,,CHEMBL1909046,,,,,CHEMBL672,FENOFIBRATE,CHEMBL672,,0,,1539762,,15,0,,Not active,IC50,,,,CHEMBL213,Homo sapiens,Beta-1 adrenergic receptor,9606,Not Active,,IC50,,,,
,Inhibition < 50% @ 10 uM and thus dose-reponse curve not measured,7674393,[],CHEMBL1909091,DRUGMATRIX: Adrenergic beta1 radioligand binding (ligand: [125I] Cyanopindolol),B,,,BAO_0000190,BAO_0000249,cell membrane format,CC(C(=O)O)c1ccc(-c2ccccc2)c(F)c1,,,CHEMBL1909046,,,,,CHEMBL563,FLURBIPROFEN,CHEMBL563,,0,,1539786,,15,0,,Not active,IC50,,,,CHEMBL213,Homo sapiens,Beta-1 adrenergic receptor,9606,Not Active,,IC50,,,,
,Inhibition < 50% @ 10 uM and thus dose-reponse curve not measured,7674773,[],CHEMBL1909091,DRUGMATRIX: Adrenergic beta1 radioligand binding (ligand: [125I] Cyanopindolol),B,,,BAO_0000190,BAO_0000249,cell membrane format,COc1ccc(Cl)cc1C(=O)NCCc1ccc(S(=O)(=O)NC(=O)NC2CCCCC2)cc1,,,CHEMBL1909046,,,,,CHEMBL472,GLYBURIDE,CHEMBL472,,0,,1539810,,15,0,,Not active,IC50,,,,CHEMBL213,Homo sapiens,Beta-1 adrenergic receptor,9606,Not Active,,IC50,,,,
,Inhibition < 50% @ 10 uM and thus dose-reponse curve not measured,7674906,[],CHEMBL1909091,DRUGMATRIX: Adrenergic beta1 radioligand binding (ligand: [125I] Cyanopindolol),B,,,BAO_0000190,BAO_0000249,cell membrane format,Cc1c(F)c(N2CCNC(C)C2)cc2c1c(=O)c(C(=O)O)cn2C1CC1,,,CHEMBL1909046,,,,,CHEMBL583,GREPAFLOXACIN,CHEMBL583,,0,,1539818,,15,0,,Not active,IC50,,,,CHEMBL213,Homo sapiens,Beta-1 adrenergic receptor,9606,Not Active,,IC50,,,,
,Inhibition < 50% @ 10 uM and thus dose-reponse curve not measured,7675004,[],CHEMBL1909091,DRUGMATRIX: Adrenergic beta1 radioligand binding (ligand: [125I] Cyanopindolol),B,,,BAO_0000190,BAO_0000249,cell membrane format,O=C(CCCN1CCC(O)(c2ccc(Cl)cc2)CC1)c1ccc(F)cc1,,,CHEMBL1909046,,,,,CHEMBL54,HALOPERIDOL,CHEMBL54,,0,,1539826,,15,0,,Not active,IC50,,,,CHEMBL213,Homo sapiens,Beta-1 adrenergic receptor,9606,Not Active,,IC50,,,,
,Inhibition < 50% @ 10 uM and thus dose-reponse curve not measured,7675086,[],CHEMBL1909091,DRUGMATRIX: Adrenergic beta1 radioligand binding (ligand: [125I] Cyanopindolol),B,,,BAO_0000190,BAO_0000249,cell membrane format,NS(=O)(=O)c1cc2c(cc1Cl)NCNS2(=O)=O,,,CHEMBL1909046,,,,,CHEMBL435,HYDROCHLOROTHIAZIDE,CHEMBL435,,0,,1539834,,15,0,,Not active,IC50,,,,CHEMBL213,Homo sapiens,Beta-1 adrenergic receptor,9606,Not Active,,IC50,,,,
,Inhibition < 50% @ 10 uM and thus dose-reponse curve not measured,7675214,[],CHEMBL1909091,DRUGMATRIX: Adrenergic beta1 radioligand binding (ligand: [125I] Cyanopindolol),B,,,BAO_0000190,BAO_0000249,cell membrane format,O=c1[nH]c(=O)n([C@H]2C[C@H](O)[C@@H](CO)O2)cc1I,,,CHEMBL1909046,,,,,CHEMBL788,IDOXURIDINE,CHEMBL788,,0,,1539842,,15,0,,Not active,IC50,,,,CHEMBL213,Homo sapiens,Beta-1 adrenergic receptor,9606,Not Active,,IC50,,,,
,Inhibition < 50% @ 10 uM and thus dose-reponse curve not measured,7675536,[],CHEMBL1909091,DRUGMATRIX: Adrenergic beta1 radioligand binding (ligand: [125I] Cyanopindolol),B,,,BAO_0000190,BAO_0000249,cell membrane format,CC(/C=C1\SC(=S)N(CC(=O)O)C1=O)=C\c1ccccc1,,,CHEMBL1909046,,,,,CHEMBL56337,EPALRESTAT,CHEMBL56337,,0,,1539730,,15,0,,Not active,IC50,,,,CHEMBL213,Homo sapiens,Beta-1 adrenergic receptor,9606,Not Active,,IC50,,,,
,Inhibition < 50% @ 10 uM and thus dose-reponse curve not measured,7676248,[],CHEMBL1909091,DRUGMATRIX: Adrenergic beta1 radioligand binding (ligand: [125I] Cyanopindolol),B,,,BAO_0000190,BAO_0000249,cell membrane format,OC(Cn1cncn1)(Cn1cncn1)c1ccc(F)cc1F,,,CHEMBL1909046,,,,,CHEMBL106,FLUCONAZOLE,CHEMBL106,,0,,1539770,,15,0,,Not active,IC50,,,,CHEMBL213,Homo sapiens,Beta-1 adrenergic receptor,9606,Not Active,,IC50,,,,
,Inhibition < 50% @ 10 uM and thus dose-reponse curve not measured,7676349,[],CHEMBL1909091,DRUGMATRIX: Adrenergic beta1 radioligand binding (ligand: [125I] Cyanopindolol),B,,,BAO_0000190,BAO_0000249,cell membrane format,CC1(C)O[C@@H]2C[C@H]3[C@@H]4C[C@H](F)C5=CC(=O)C=C[C@]5(C)[C@@]4(F)[C@@H](O)C[C@]3(C)[C@]2(C(=O)CO)O1,,,CHEMBL1909046,,,,,CHEMBL989,FLUOCINOLONE ACETONIDE,CHEMBL989,,0,,1539778,,15,0,,Not active,IC50,,,,CHEMBL213,Homo sapiens,Beta-1 adrenergic receptor,9606,Not Active,,IC50,,,,
,Inhibition < 50% @ 10 uM and thus dose-reponse curve not measured,7676550,[],CHEMBL1909091,DRUGMATRIX: Adrenergic beta1 radioligand binding (ligand: [125I] Cyanopindolol),B,,,BAO_0000190,BAO_0000249,cell membrane format,COc1ccc2c3c1O[C@H]1C[C@@H](O)C=C[C@@]31CCN(C)C2,,,CHEMBL1909046,,,,,CHEMBL659,GALANTAMINE,CHEMBL659,,0,,1539794,,15,0,,Not active,IC50,,,,CHEMBL213,Homo sapiens,Beta-1 adrenergic receptor,9606,Not Active,,IC50,,,,
,Inhibition < 50% @ 10 uM and thus dose-reponse curve not measured,7676693,[],CHEMBL1909091,DRUGMATRIX: Adrenergic beta1 radioligand binding (ligand: [125I] Cyanopindolol),B,,,BAO_0000190,BAO_0000249,cell membrane format,O=c1c(-c2ccc(O)cc2)coc2cc(O)cc(O)c12,,,CHEMBL1909046,,,,,CHEMBL44,GENISTEIN,CHEMBL44,,0,,1539802,,15,0,,Not active,IC50,,,,CHEMBL213,Homo sapiens,Beta-1 adrenergic receptor,9606,Not Active,,IC50,,,,
,Inhibition < 50% @ 10 uM and thus dose-reponse curve not measured,7677508,[],CHEMBL1909091,DRUGMATRIX: Adrenergic beta1 radioligand binding (ligand: [125I] Cyanopindolol),B,,,BAO_0000190,BAO_0000249,cell membrane format,Cn1c(=O)c2c(ncn2CC(O)CO)n(C)c1=O,,,CHEMBL1909046,,,,,CHEMBL1752,DYPHYLLINE,CHEMBL1752,,0,,1539722,,15,0,,Not active,IC50,,,,CHEMBL213,Homo sapiens,Beta-1 adrenergic receptor,9606,Not Active,,IC50,,,,
,Inhibition < 50% @ 10 uM and thus dose-reponse curve not measured,7677861,[],CHEMBL1909091,DRUGMATRIX: Adrenergic beta1 radioligand binding (ligand: [125I] Cyanopindolol),B,,,BAO_0000190,BAO_0000249,cell membrane format,CCC(=O)O[C@H]1[C@H](O[C@@H]2[C@@H](C)[C@H](O[C@H]3C[C@@](C)(OC)[C@@H](O)[C@H](C)O3)[C@@H](C)C(=O)O[C@H](CC)[C@@](C)(O)[C@H](O)[C@@H](C)C(=O)[C@H](C)C[C@@]2(C)O)O[C@H](C)C[C@@H]1N(C)C,,,CHEMBL1909046,,,,,CHEMBL2220427,ERYTHROMYCIN PROPIONATE,CHEMBL2220427,,0,,1539739,,15,0,,Not active,IC50,,,,CHEMBL213,Homo sapiens,Beta-1 adrenergic receptor,9606,Not Active,,IC50,,,,
,Inhibition < 50% @ 10 uM and thus dose-reponse curve not measured,7677979,[],CHEMBL1909091,DRUGMATRIX: Adrenergic beta1 radioligand binding (ligand: [125I] Cyanopindolol),B,,,BAO_0000190,BAO_0000249,cell membrane format,C#C[C@]1(O)CC[C@H]2[C@@H]3CCC4=CC(=O)CC[C@]4(C)[C@H]3CC[C@@]21C,,,CHEMBL1909046,,,,,CHEMBL241694,ETHISTERONE,CHEMBL241694,,0,,1539747,,15,0,,Not active,IC50,,,,CHEMBL213,Homo sapiens,Beta-1 adrenergic receptor,9606,Not Active,,IC50,,,,
,Inhibition < 50% @ 10 uM and thus dose-reponse curve not measured,7678106,[],CHEMBL1909091,DRUGMATRIX: Adrenergic beta1 radioligand binding (ligand: [125I] Cyanopindolol),B,,,BAO_0000190,BAO_0000249,cell membrane format,CC12CCC(CC1)C(C)(C)O2,,,CHEMBL1909046,,,,,CHEMBL485259,EUCALYPTOL,CHEMBL485259,,0,,1539755,,15,0,,Not active,IC50,,,,CHEMBL213,Homo sapiens,Beta-1 adrenergic receptor,9606,Not Active,,IC50,,,,
,Inhibition < 50% @ 10 uM and thus dose-reponse curve not measured,7678323,[],CHEMBL1909091,DRUGMATRIX: Adrenergic beta1 radioligand binding (ligand: [125I] Cyanopindolol),B,,,BAO_0000190,BAO_0000249,cell membrane format,,,,CHEMBL1909046,,,,,CHEMBL1909056,COBALT(II) ACETYLACETONATE,CHEMBL1909056,,0,,1539649,,15,0,,Not active,IC50,,,,CHEMBL213,Homo sapiens,Beta-1 adrenergic receptor,9606,Not Active,,IC50,,,,
,Inhibition < 50% @ 10 uM and thus dose-reponse curve not measured,7678459,[],CHEMBL1909091,DRUGMATRIX: Adrenergic beta1 radioligand binding (ligand: [125I] Cyanopindolol),B,,,BAO_0000190,BAO_0000249,cell membrane format,O=C(O)c1cc(=O)c2c(OCC(O)COc3cccc4oc(C(=O)O)cc(=O)c34)cccc2o1,,,CHEMBL1909046,,,,,CHEMBL428880,CROMOLYN,CHEMBL428880,,0,,1539657,,15,0,,Not active,IC50,,,,CHEMBL213,Homo sapiens,Beta-1 adrenergic receptor,9606,Not Active,,IC50,,,,
,Inhibition < 50% @ 10 uM and thus dose-reponse curve not measured,7678542,[],CHEMBL1909091,DRUGMATRIX: Adrenergic beta1 radioligand binding (ligand: [125I] Cyanopindolol),B,,,BAO_0000190,BAO_0000249,cell membrane format,CC(=O)O[C@]1(C(C)=O)CC[C@H]2[C@@H]3C=C(Cl)C4=CC(=O)[C@@H]5C[C@@H]5[C@]4(C)[C@H]3CC[C@@]21C,,,CHEMBL1909046,,,,,CHEMBL139835,CYPROTERONE ACETATE,CHEMBL139835,,0,,1539665,,15,0,,Not active,IC50,,,,CHEMBL213,Homo sapiens,Beta-1 adrenergic receptor,9606,Not Active,,IC50,,,,
,Inhibition < 50% @ 10 uM and thus dose-reponse curve not measured,7679201,[],CHEMBL1909091,DRUGMATRIX: Adrenergic beta1 radioligand binding (ligand: [125I] Cyanopindolol),B,,,BAO_0000190,BAO_0000249,cell membrane format,C[C@@H]1CC[C@@]2(OC1)O[C@H]1[C@@H](O)[C@H]3[C@@H]4CC[C@H]5C[C@@H](O[C@@H]6O[C@H](CO)[C@H](O[C@@H]7O[C@H](CO)C(O)[C@H](O[C@@H]8OC[C@@H](O)[C@H](O)[C@H]8O)[C@H]7O[C@@H]7O[C@H](CO)[C@H](O)[C@H](O[C@@H]8O[C@H](CO)[C@@H](O)[C@H](O)[C@H]8O)[C@H]7O)[C@H](O)[C@H]6O)[C@H](O)C[C@]5(C)[C@H]4CC[C@]3(C)[C@H]1[C@@H]2C,,,CHEMBL1909046,,,,,CHEMBL404811,DIGITONIN,CHEMBL404811,,0,,1539698,,15,0,,Not active,IC50,,,,CHEMBL213,Homo sapiens,Beta-1 adrenergic receptor,9606,Not Active,,IC50,,,,
,Inhibition < 50% @ 10 uM and thus dose-reponse curve not measured,7679268,[],CHEMBL1909091,DRUGMATRIX: Adrenergic beta1 radioligand binding (ligand: [125I] Cyanopindolol),B,,,BAO_0000190,BAO_0000249,cell membrane format,CN(C)CCOC(c1ccccc1)c1ccccc1,,,CHEMBL1909046,,,,,CHEMBL657,DIPHENHYDRAMINE,CHEMBL657,,0,,1539706,,15,0,,Not active,IC50,,,,CHEMBL213,Homo sapiens,Beta-1 adrenergic receptor,9606,Not Active,,IC50,,,,
,Inhibition < 50% @ 10 uM and thus dose-reponse curve not measured,7679847,[],CHEMBL1909091,DRUGMATRIX: Adrenergic beta1 radioligand binding (ligand: [125I] Cyanopindolol),B,,,BAO_0000190,BAO_0000249,cell membrane format,CN(C)[C@@H]1C(O)=C(C(N)=O)C(=O)[C@@]2(O)C(O)=C3C(=O)c4c(O)ccc(Cl)c4[C@@](C)(O)[C@H]3C[C@@H]12,,,CHEMBL1909046,,,,,CHEMBL404520,CHLORTETRACYCLINE,CHEMBL404520,,0,,1539608,,15,0,,Not active,IC50,,,,CHEMBL213,Homo sapiens,Beta-1 adrenergic receptor,9606,Not Active,,IC50,,,,
,Inhibition < 50% @ 10 uM and thus dose-reponse curve not measured,7679992,[],CHEMBL1909091,DRUGMATRIX: Adrenergic beta1 radioligand binding (ligand: [125I] Cyanopindolol),B,,,BAO_0000190,BAO_0000249,cell membrane format,Cc1cc(C2CCCCC2)n(O)c(=O)c1,,,CHEMBL1909046,,,,,CHEMBL1413,CICLOPIROX,CHEMBL1413,,0,,1539616,,15,0,,Not active,IC50,,,,CHEMBL213,Homo sapiens,Beta-1 adrenergic receptor,9606,Not Active,,IC50,,,,
,Inhibition < 50% @ 10 uM and thus dose-reponse curve not measured,7680078,[],CHEMBL1909091,DRUGMATRIX: Adrenergic beta1 radioligand binding (ligand: [125I] Cyanopindolol),B,,,BAO_0000190,BAO_0000249,cell membrane format,O=C(O)c1cn(C2CC2)c2cc(N3CCNCC3)c(F)cc2c1=O,,,CHEMBL1909046,,,,,CHEMBL8,CIPROFLOXACIN,CHEMBL8,,0,,1539624,,15,0,,Not active,IC50,,,,CHEMBL213,Homo sapiens,Beta-1 adrenergic receptor,9606,Not Active,,IC50,,,,
,Inhibition < 50% @ 10 uM and thus dose-reponse curve not measured,7680160,[],CHEMBL1909091,DRUGMATRIX: Adrenergic beta1 radioligand binding (ligand: [125I] Cyanopindolol),B,,,BAO_0000190,BAO_0000249,cell membrane format,CN1CCC[C@@H]1CCO[C@](C)(c1ccccc1)c1ccc(Cl)cc1,,,CHEMBL1909046,,,,,CHEMBL1626,CLEMASTINE,CHEMBL1626,,0,,1539632,,15,0,,Not active,IC50,,,,CHEMBL213,Homo sapiens,Beta-1 adrenergic receptor,9606,Not Active,,IC50,,,,
,Inhibition < 50% @ 10 uM and thus dose-reponse curve not measured,7680343,[],CHEMBL1909091,DRUGMATRIX: Adrenergic beta1 radioligand binding (ligand: [125I] Cyanopindolol),B,,,BAO_0000190,BAO_0000249,cell membrane format,Clc1cccc(Cl)c1NC1=NCCN1,,,CHEMBL1909046,,,,,CHEMBL134,CLONIDINE,CHEMBL134,,0,,1539641,,15,0,,Not active,IC50,,,,CHEMBL213,Homo sapiens,Beta-1 adrenergic receptor,9606,Not Active,,IC50,,,,
,Inhibition < 50% @ 10 uM and thus dose-reponse curve not measured,7680962,[],CHEMBL1909091,DRUGMATRIX: Adrenergic beta1 radioligand binding (ligand: [125I] Cyanopindolol),B,,,BAO_0000190,BAO_0000249,cell membrane format,Cc1ccccc1N1CCN(CCc2nnc3n2CCCC3)CC1,,,CHEMBL1909046,,,,,CHEMBL1201216,DAPIPRAZOLE,CHEMBL1201216,,0,,1539674,,15,0,,Not active,IC50,,,,CHEMBL213,Homo sapiens,Beta-1 adrenergic receptor,9606,Not Active,,IC50,,,,
,Inhibition < 50% @ 10 uM and thus dose-reponse curve not measured,7681051,[],CHEMBL1909091,DRUGMATRIX: Adrenergic beta1 radioligand binding (ligand: [125I] Cyanopindolol),B,,,BAO_0000190,BAO_0000249,cell membrane format,CCN[C@@H](C)Cc1cccc(C(F)(F)F)c1,,,CHEMBL1909046,,,,,CHEMBL248702,DEXFENFLURAMINE,CHEMBL248702,,0,,1539682,,15,0,,Not active,IC50,,,,CHEMBL213,Homo sapiens,Beta-1 adrenergic receptor,9606,Not Active,,IC50,,,,
,Inhibition < 50% @ 10 uM and thus dose-reponse curve not measured,7681189,[],CHEMBL1909091,DRUGMATRIX: Adrenergic beta1 radioligand binding (ligand: [125I] Cyanopindolol),B,,,BAO_0000190,BAO_0000249,cell membrane format,O=C(O)Cc1ccccc1Nc1c(Cl)cccc1Cl,,,CHEMBL1909046,,,,,CHEMBL139,DICLOFENAC,CHEMBL139,,0,,1539690,,15,0,,Not active,IC50,,,,CHEMBL213,Homo sapiens,Beta-1 adrenergic receptor,9606,Not Active,,IC50,,,,
,Inhibition < 50% @ 10 uM and thus dose-reponse curve not measured,7681597,[],CHEMBL1909091,DRUGMATRIX: Adrenergic beta1 radioligand binding (ligand: [125I] Cyanopindolol),B,,,BAO_0000190,BAO_0000249,cell membrane format,C[C@H]1O[C@@H](n2cc(F)c(=O)[nH]c2=O)[C@H](O)[C@@H]1O,,,CHEMBL1909046,,,,,CHEMBL1130,DOXIFLURIDINE,CHEMBL1130,,0,,1539717,,15,0,,Not active,IC50,,,,CHEMBL213,Homo sapiens,Beta-1 adrenergic receptor,9606,Not Active,,IC50,,,,
,Inhibition < 50% @ 10 uM and thus dose-reponse curve not measured,7681715,[],CHEMBL1909091,DRUGMATRIX: Adrenergic beta1 radioligand binding (ligand: [125I] Cyanopindolol),B,,,BAO_0000190,BAO_0000249,cell membrane format,Oc1ccccc1O,,,CHEMBL1909046,,,,,CHEMBL280998,CATECHOL,CHEMBL280998,,0,,1539592,,15,0,,Not active,IC50,,,,CHEMBL213,Homo sapiens,Beta-1 adrenergic receptor,9606,Not Active,,IC50,,,,
,Inhibition < 50% @ 10 uM and thus dose-reponse curve not measured,7681809,[],CHEMBL1909091,DRUGMATRIX: Adrenergic beta1 radioligand binding (ligand: [125I] Cyanopindolol),B,,,BAO_0000190,BAO_0000249,cell membrane format,O=C(O)CCCc1ccc(N(CCCl)CCCl)cc1,,,CHEMBL1909046,,,,,CHEMBL515,CHLORAMBUCIL,CHEMBL515,,0,,1539600,,15,0,,Not active,IC50,,,,CHEMBL213,Homo sapiens,Beta-1 adrenergic receptor,9606,Not Active,,IC50,,,,
,,7682447,[],CHEMBL1909091,DRUGMATRIX: Adrenergic beta1 radioligand binding (ligand: [125I] Cyanopindolol),B,,,BAO_0000190,BAO_0000249,cell membrane format,CC(C)(C)NCC(O)c1cc(Cl)c(N)c(Cl)c1,,,CHEMBL1909046,,,"{'bei': '24.97', 'le': '0.56', 'lle': '3.92', 'sei': '11.88'}",,CHEMBL49080,CLENBUTEROL,CHEMBL49080,6.92,0,http://www.openphacts.org/units/Nanomolar,1539633,=,15,1,=,,IC50,nM,,120.0,CHEMBL213,Homo sapiens,Beta-1 adrenergic receptor,9606,,,IC50,uM,UO_0000065,,0.12
,Inhibition < 50% @ 10 uM and thus dose-reponse curve not measured,7682659,[],CHEMBL1909091,DRUGMATRIX: Adrenergic beta1 radioligand binding (ligand: [125I] Cyanopindolol),B,,,BAO_0000190,BAO_0000249,cell membrane format,C=C(C)[C@@H]1[C@H]2OC(=O)[C@@H]1[C@]1(O)C[C@H]3O[C@]34C(=O)O[C@H]2[C@]14C,,,CHEMBL1909046,,,,,CHEMBL47244,PICROTOXININ,CHEMBL47244,,0,,1539650,,15,0,,Not active,IC50,,,,CHEMBL213,Homo sapiens,Beta-1 adrenergic receptor,9606,Not Active,,IC50,,,,
,Inhibition < 50% @ 10 uM and thus dose-reponse curve not measured,7682796,[],CHEMBL1909091,DRUGMATRIX: Adrenergic beta1 radioligand binding (ligand: [125I] Cyanopindolol),B,,,BAO_0000190,BAO_0000249,cell membrane format,CC=CC(=O)N(CC)c1ccccc1C,,,CHEMBL1909046,,,,,CHEMBL3183440,,CHEMBL3183440,,0,,1539658,,15,0,,Not active,IC50,,,,CHEMBL213,Homo sapiens,Beta-1 adrenergic receptor,9606,Not Active,,IC50,,,,
,Inhibition < 50% @ 10 uM and thus dose-reponse curve not measured,7682873,[],CHEMBL1909091,DRUGMATRIX: Adrenergic beta1 radioligand binding (ligand: [125I] Cyanopindolol),B,,,BAO_0000190,BAO_0000249,cell membrane format,Nc1nc(N)nc(NC2CC2)n1,,,CHEMBL1909046,,,,,CHEMBL1231107,CYROMAZINE,CHEMBL1231107,,0,,1539666,,15,0,,Not active,IC50,,,,CHEMBL213,Homo sapiens,Beta-1 adrenergic receptor,9606,Not Active,,IC50,,,,
,Inhibition < 50% @ 10 uM and thus dose-reponse curve not measured,7683523,[],CHEMBL1909091,DRUGMATRIX: Adrenergic beta1 radioligand binding (ligand: [125I] Cyanopindolol),B,,,BAO_0000190,BAO_0000249,cell membrane format,C[C@H]1O[C@@H](O[C@H]2[C@@H](O)C[C@H](O[C@H]3[C@@H](O)C[C@H](O[C@H]4CC[C@@]5(C)[C@H](CC[C@@H]6[C@@H]5CC[C@]5(C)[C@@H](C7=CC(=O)OC7)CC[C@]65O)C4)O[C@@H]3C)O[C@@H]2C)C[C@H](O)[C@@H]1O,,,CHEMBL1909046,,,,,CHEMBL254219,DIGITOXIN,CHEMBL254219,,0,,1539699,,15,0,,Not active,IC50,,,,CHEMBL213,Homo sapiens,Beta-1 adrenergic receptor,9606,Not Active,,IC50,,,,
,Inhibition < 50% @ 10 uM and thus dose-reponse curve not measured,7683577,[],CHEMBL1909091,DRUGMATRIX: Adrenergic beta1 radioligand binding (ligand: [125I] Cyanopindolol),B,,,BAO_0000190,BAO_0000249,cell membrane format,OC(CCCN1CCCCC1)(c1ccccc1)c1ccccc1,,,CHEMBL1909046,,,,,CHEMBL936,DIPHENIDOL,CHEMBL936,,0,,1539707,,15,0,,Not active,IC50,,,,CHEMBL213,Homo sapiens,Beta-1 adrenergic receptor,9606,Not Active,,IC50,,,,
,Inhibition < 50% @ 10 uM and thus dose-reponse curve not measured,7683764,[],CHEMBL1909091,DRUGMATRIX: Adrenergic beta1 radioligand binding (ligand: [125I] Cyanopindolol),B,,,BAO_0000190,BAO_0000249,cell membrane format,COc1cc2nc(N3CCN(C(=O)C4COc5ccccc5O4)CC3)nc(N)c2cc1OC,,,CHEMBL1909046,,,,,CHEMBL707,DOXAZOSIN,CHEMBL707,,0,,1539715,,15,0,,Not active,IC50,,,,CHEMBL213,Homo sapiens,Beta-1 adrenergic receptor,9606,Not Active,,IC50,,,,
,Inhibition < 50% @ 10 uM and thus dose-reponse curve not measured,7684149,[],CHEMBL1909091,DRUGMATRIX: Adrenergic beta1 radioligand binding (ligand: [125I] Cyanopindolol),B,,,BAO_0000190,BAO_0000249,cell membrane format,NS(=O)(=O)c1cc(C2(O)NC(=O)c3ccccc32)ccc1Cl,,,CHEMBL1909046,,,,,CHEMBL1055,CHLORTHALIDONE,CHEMBL1055,,0,,1539609,,15,0,,Not active,IC50,,,,CHEMBL213,Homo sapiens,Beta-1 adrenergic receptor,9606,Not Active,,IC50,,,,
,Inhibition < 50% @ 10 uM and thus dose-reponse curve not measured,7684293,[],CHEMBL1909091,DRUGMATRIX: Adrenergic beta1 radioligand binding (ligand: [125I] Cyanopindolol),B,,,BAO_0000190,BAO_0000249,cell membrane format,CC1(COc2ccc(CC3SC(=O)NC3=O)cc2)CCCCC1,,,CHEMBL1909046,,,,,CHEMBL7002,CIGLITAZONE,CHEMBL7002,,0,,1539617,,15,0,,Not active,IC50,,,,CHEMBL213,Homo sapiens,Beta-1 adrenergic receptor,9606,Not Active,,IC50,,,,
,Inhibition < 50% @ 10 uM and thus dose-reponse curve not measured,7684387,[],CHEMBL1909091,DRUGMATRIX: Adrenergic beta1 radioligand binding (ligand: [125I] Cyanopindolol),B,,,BAO_0000190,BAO_0000249,cell membrane format,COc1cc(N)c(Cl)cc1C(=O)NC1CCN(CCCOc2ccc(F)cc2)CC1OC,,,CHEMBL1909046,,,,,CHEMBL1729,CISAPRIDE,CHEMBL1729,,0,,1539625,,15,0,,Not active,IC50,,,,CHEMBL213,Homo sapiens,Beta-1 adrenergic receptor,9606,Not Active,,IC50,,,,
,Inhibition < 50% @ 10 uM and thus dose-reponse curve not measured,7684641,[],CHEMBL1909091,DRUGMATRIX: Adrenergic beta1 radioligand binding (ligand: [125I] Cyanopindolol),B,,,BAO_0000190,BAO_0000249,cell membrane format,COC(=O)[C@H](c1ccccc1Cl)N1CCc2sccc2C1,,,CHEMBL1909046,,,,,CHEMBL1771,CLOPIDOGREL,CHEMBL1771,,0,,1539642,,15,0,,Not active,IC50,,,,CHEMBL213,Homo sapiens,Beta-1 adrenergic receptor,9606,Not Active,,IC50,,,,
,Inhibition < 50% @ 10 uM and thus dose-reponse curve not measured,7685252,[],CHEMBL1909091,DRUGMATRIX: Adrenergic beta1 radioligand binding (ligand: [125I] Cyanopindolol),B,,,BAO_0000190,BAO_0000249,cell membrane format,COc1cccc2c1C(=O)c1c(O)c3c(c(O)c1C2=O)C[C@@](O)(C(C)=O)C[C@@H]3O[C@H]1C[C@H](N)[C@H](O)[C@H](C)O1,,,CHEMBL1909046,,,,,CHEMBL178,DAUNORUBICIN,CHEMBL178,,0,,1539675,,15,0,,Not active,IC50,,,,CHEMBL213,Homo sapiens,Beta-1 adrenergic receptor,9606,Not Active,,IC50,,,,
,Inhibition < 50% @ 10 uM and thus dose-reponse curve not measured,7685338,[],CHEMBL1909091,DRUGMATRIX: Adrenergic beta1 radioligand binding (ligand: [125I] Cyanopindolol),B,,,BAO_0000190,BAO_0000249,cell membrane format,CC(C)Cc1ccc([C@H](C)C(=O)O)cc1,,,CHEMBL1909046,,,,,CHEMBL175,DEXIBUPROFEN,CHEMBL175,,0,,1539683,,15,0,,Not active,IC50,,,,CHEMBL213,Homo sapiens,Beta-1 adrenergic receptor,9606,Not Active,,IC50,,,,
,Inhibition < 50% @ 10 uM and thus dose-reponse curve not measured,7685478,[],CHEMBL1909091,DRUGMATRIX: Adrenergic beta1 radioligand binding (ligand: [125I] Cyanopindolol),B,,,BAO_0000190,BAO_0000249,cell membrane format,O=c1oc2ccccc2c(O)c1Cc1c(O)c2ccccc2oc1=O,,,CHEMBL1909046,,,,,CHEMBL1466,DICUMAROL,CHEMBL1466,,0,,1539691,,15,0,,Not active,IC50,,,,CHEMBL213,Homo sapiens,Beta-1 adrenergic receptor,9606,Not Active,,IC50,,,,
,Inhibition < 50% @ 10 uM and thus dose-reponse curve not measured,7685987,[],CHEMBL1909091,DRUGMATRIX: Adrenergic beta1 radioligand binding (ligand: [125I] Cyanopindolol),B,,,BAO_0000190,BAO_0000249,cell membrane format,CO[C@@]1(NC(=O)CSCC#N)C(=O)N2C(C(=O)O)=C(CSc3nnnn3C)CS[C@@H]21,,,CHEMBL1909046,,,,,CHEMBL1201195,CEFMETAZOLE,CHEMBL1201195,,0,,1539593,,15,0,,Not active,IC50,,,,CHEMBL213,Homo sapiens,Beta-1 adrenergic receptor,9606,Not Active,,IC50,,,,
,Inhibition < 50% @ 10 uM and thus dose-reponse curve not measured,7686084,[],CHEMBL1909091,DRUGMATRIX: Adrenergic beta1 radioligand binding (ligand: [125I] Cyanopindolol),B,,,BAO_0000190,BAO_0000249,cell membrane format,O=C(N[C@H](CO)[C@H](O)c1ccc([N+](=O)[O-])cc1)C(Cl)Cl,,,CHEMBL1909046,,,,,CHEMBL130,CHLORAMPHENICOL,CHEMBL130,,0,,1539601,,15,0,,Not active,IC50,,,,CHEMBL213,Homo sapiens,Beta-1 adrenergic receptor,9606,Not Active,,IC50,,,,
,Inhibition < 50% @ 10 uM and thus dose-reponse curve not measured,7686732,[],CHEMBL1909091,DRUGMATRIX: Adrenergic beta1 radioligand binding (ligand: [125I] Cyanopindolol),B,,,BAO_0000190,BAO_0000249,cell membrane format,CCC[C@@H]1C[C@@H](C(=O)N[C@@H]([C@H]2O[C@H](SC)[C@H](O)[C@@H](O)[C@H]2O)[C@H](C)Cl)N(C)C1,,,CHEMBL1909046,,,,,CHEMBL1753,CLINDAMYCIN,CHEMBL1753,,0,,1539634,,15,0,,Not active,IC50,,,,CHEMBL213,Homo sapiens,Beta-1 adrenergic receptor,9606,Not Active,,IC50,,,,
,Inhibition < 50% @ 10 uM and thus dose-reponse curve not measured,7686944,[],CHEMBL1909091,DRUGMATRIX: Adrenergic beta1 radioligand binding (ligand: [125I] Cyanopindolol),B,,,BAO_0000190,BAO_0000249,cell membrane format,COc1cc2c(c(OC)c1OC)-c1ccc(OC)c(=O)cc1[C@@H](NC(C)=O)CC2,,,CHEMBL1909046,,,,,CHEMBL107,COLCHICINE,CHEMBL107,,0,,1539651,,15,0,,Not active,IC50,,,,CHEMBL213,Homo sapiens,Beta-1 adrenergic receptor,9606,Not Active,,IC50,,,,
,Inhibition < 50% @ 10 uM and thus dose-reponse curve not measured,7687082,[],CHEMBL1909091,DRUGMATRIX: Adrenergic beta1 radioligand binding (ligand: [125I] Cyanopindolol),B,,,BAO_0000190,BAO_0000249,cell membrane format,CC1CC(OC(=O)C(O)c2ccccc2)CC(C)(C)C1,,,CHEMBL1909046,,,,,CHEMBL1480987,CYCLANDELATE,CHEMBL1480987,,0,,1539659,,15,0,,Not active,IC50,,,,CHEMBL213,Homo sapiens,Beta-1 adrenergic receptor,9606,Not Active,,IC50,,,,
,Inhibition < 50% @ 10 uM and thus dose-reponse curve not measured,7687159,[],CHEMBL1909091,DRUGMATRIX: Adrenergic beta1 radioligand binding (ligand: [125I] Cyanopindolol),B,,,BAO_0000190,BAO_0000249,cell membrane format,Nc1ccn([C@@H]2O[C@H](CO)[C@@H](O)[C@@H]2O)c(=O)n1,,,CHEMBL1909046,,,,,CHEMBL803,CYTARABINE,CHEMBL803,,0,,1539667,,15,0,,Not active,IC50,,,,CHEMBL213,Homo sapiens,Beta-1 adrenergic receptor,9606,Not Active,,IC50,,,,
,Inhibition < 50% @ 10 uM and thus dose-reponse curve not measured,7687808,[],CHEMBL1909091,DRUGMATRIX: Adrenergic beta1 radioligand binding (ligand: [125I] Cyanopindolol),B,,,BAO_0000190,BAO_0000249,cell membrane format,C[C@H]1O[C@@H](O[C@H]2[C@@H](O)C[C@H](O[C@H]3[C@@H](O)C[C@H](O[C@H]4CC[C@@]5(C)[C@H](CC[C@@H]6[C@@H]5C[C@@H](O)[C@]5(C)[C@@H](C7=CC(=O)OC7)CC[C@]65O)C4)O[C@@H]3C)O[C@@H]2C)C[C@H](O)[C@@H]1O,,,CHEMBL1909046,,,,,CHEMBL1751,DIGOXIN,CHEMBL1751,,0,,1539700,,15,0,,Not active,IC50,,,,CHEMBL213,Homo sapiens,Beta-1 adrenergic receptor,9606,Not Active,,IC50,,,,
,Inhibition < 50% @ 10 uM and thus dose-reponse curve not measured,7687848,[],CHEMBL1909091,DRUGMATRIX: Adrenergic beta1 radioligand binding (ligand: [125I] Cyanopindolol),B,,,BAO_0000190,BAO_0000249,cell membrane format,OCCN(CCO)c1nc(N2CCCCC2)c2nc(N(CCO)CCO)nc(N3CCCCC3)c2n1,,,CHEMBL1909046,,,,,CHEMBL932,DIPYRIDAMOLE,CHEMBL932,,0,,1539708,,15,0,,Not active,IC50,,,,CHEMBL213,Homo sapiens,Beta-1 adrenergic receptor,9606,Not Active,,IC50,,,,
,Inhibition < 50% @ 10 uM and thus dose-reponse curve not measured,7688039,[],CHEMBL1909091,DRUGMATRIX: Adrenergic beta1 radioligand binding (ligand: [125I] Cyanopindolol),B,,,BAO_0000190,BAO_0000249,cell membrane format,CN(C)CCC=C1c2ccccc2COc2ccccc21,,,CHEMBL1909046,,,,,CHEMBL1628227,DOXEPIN,CHEMBL1628227,,0,,1539716,,15,0,,Not active,IC50,,,,CHEMBL213,Homo sapiens,Beta-1 adrenergic receptor,9606,Not Active,,IC50,,,,
,Inhibition < 50% @ 10 uM and thus dose-reponse curve not measured,7688439,[],CHEMBL1909091,DRUGMATRIX: Adrenergic beta1 radioligand binding (ligand: [125I] Cyanopindolol),B,,,BAO_0000190,BAO_0000249,cell membrane format,O=c1[nH]c2cc(Cl)ccc2o1,,,CHEMBL1909046,,,,,CHEMBL1371,CHLORZOXAZONE,CHEMBL1371,,0,,1539610,,15,0,,Not active,IC50,,,,CHEMBL213,Homo sapiens,Beta-1 adrenergic receptor,9606,Not Active,,IC50,,,,
,Inhibition < 50% @ 10 uM and thus dose-reponse curve not measured,7688564,[],CHEMBL1909091,DRUGMATRIX: Adrenergic beta1 radioligand binding (ligand: [125I] Cyanopindolol),B,,,BAO_0000190,BAO_0000249,cell membrane format,CN(C(=O)CCCOc1ccc2[nH]c(=O)ccc2c1)C1CCCCC1,,,CHEMBL1909046,,,,,CHEMBL34431,CILOSTAMIDE,CHEMBL34431,,0,,1539618,,15,0,,Not active,IC50,,,,CHEMBL213,Homo sapiens,Beta-1 adrenergic receptor,9606,Not Active,,IC50,,,,
,Inhibition < 50% @ 10 uM and thus dose-reponse curve not measured,7688644,[],CHEMBL1909091,DRUGMATRIX: Adrenergic beta1 radioligand binding (ligand: [125I] Cyanopindolol),B,,,BAO_0000190,BAO_0000249,cell membrane format,,,,CHEMBL1909046,,,,,CHEMBL11359,CISPLATIN,CHEMBL11359,,0,,1539626,,15,0,,Not active,IC50,,,,CHEMBL213,Homo sapiens,Beta-1 adrenergic receptor,9606,Not Active,,IC50,,,,
,,7688915,[],CHEMBL1909091,DRUGMATRIX: Adrenergic beta1 radioligand binding (ligand: [125I] Cyanopindolol),B,,,BAO_0000190,BAO_0000249,cell membrane format,CC(C)NCC(O)c1ccccc1Cl,,,CHEMBL1909046,,,"{'bei': '26.14', 'le': '0.54', 'lle': '3.22', 'sei': '17.32'}",,CHEMBL1902627,CLORPRENALINE,CHEMBL1902627,5.59,0,http://www.openphacts.org/units/Nanomolar,1539643,=,15,1,=,,IC50,nM,,2592.0,CHEMBL213,Homo sapiens,Beta-1 adrenergic receptor,9606,,,IC50,uM,UO_0000065,,2.592
,Inhibition < 50% @ 10 uM and thus dose-reponse curve not measured,7689524,[],CHEMBL1909091,DRUGMATRIX: Adrenergic beta1 radioligand binding (ligand: [125I] Cyanopindolol),B,,,BAO_0000190,BAO_0000249,cell membrane format,Cc1c(O)c(=O)ccn1C,,,CHEMBL1909046,,,,,CHEMBL70927,DEFERIPRONE,CHEMBL70927,,0,,1539676,,15,0,,Not active,IC50,,,,CHEMBL213,Homo sapiens,Beta-1 adrenergic receptor,9606,Not Active,,IC50,,,,
,Inhibition < 50% @ 10 uM and thus dose-reponse curve not measured,7689606,[],CHEMBL1909091,DRUGMATRIX: Adrenergic beta1 radioligand binding (ligand: [125I] Cyanopindolol),B,,,BAO_0000190,BAO_0000249,cell membrane format,C[C@H](C(=O)O)c1cccc(C(=O)c2ccccc2)c1,,,CHEMBL1909046,,,,,CHEMBL75435,DEXKETOPROFEN,CHEMBL75435,,0,,1539684,,15,0,,Not active,IC50,,,,CHEMBL213,Homo sapiens,Beta-1 adrenergic receptor,9606,Not Active,,IC50,,,,
,Inhibition < 50% @ 10 uM and thus dose-reponse curve not measured,7689744,[],CHEMBL1909091,DRUGMATRIX: Adrenergic beta1 radioligand binding (ligand: [125I] Cyanopindolol),B,,,BAO_0000190,BAO_0000249,cell membrane format,CCN(CC)CCOC(=O)C1(C2CCCCC2)CCCCC1,,,CHEMBL1909046,,,,,CHEMBL1123,DICYCLOMINE,CHEMBL1123,,0,,1539692,,15,0,,Not active,IC50,,,,CHEMBL213,Homo sapiens,Beta-1 adrenergic receptor,9606,Not Active,,IC50,,,,
,Inhibition < 50% @ 10 uM and thus dose-reponse curve not measured,7690262,[],CHEMBL1909091,DRUGMATRIX: Adrenergic beta1 radioligand binding (ligand: [125I] Cyanopindolol),B,,,BAO_0000190,BAO_0000249,cell membrane format,CO/N=C(\C(=O)N[C@@H]1C(=O)N2C(C(=O)O)=C(COC(C)=O)CS[C@H]12)c1csc(N)n1,,,CHEMBL1909046,,,,,CHEMBL1730,CEFOTAXIME,CHEMBL1730,,0,,1539594,,15,0,,Not active,IC50,,,,CHEMBL213,Homo sapiens,Beta-1 adrenergic receptor,9606,Not Active,,IC50,,,,
,Inhibition < 50% @ 10 uM and thus dose-reponse curve not measured,7690359,[],CHEMBL1909091,DRUGMATRIX: Adrenergic beta1 radioligand binding (ligand: [125I] Cyanopindolol),B,,,BAO_0000190,BAO_0000249,cell membrane format,CNC1=Nc2ccc(Cl)cc2C(c2ccccc2)=[N+]([O-])C1,,,CHEMBL1909046,,,,,CHEMBL451,CHLORDIAZEPOXIDE,CHEMBL451,,0,,1539602,,15,0,,Not active,IC50,,,,CHEMBL213,Homo sapiens,Beta-1 adrenergic receptor,9606,Not Active,,IC50,,,,
,Inhibition < 50% @ 10 uM and thus dose-reponse curve not measured,7690995,[],CHEMBL1909091,DRUGMATRIX: Adrenergic beta1 radioligand binding (ligand: [125I] Cyanopindolol),B,,,BAO_0000190,BAO_0000249,cell membrane format,CCC(=O)O[C@]1(C(=O)CCl)[C@@H](C)C[C@H]2[C@@H]3CCC4=CC(=O)C=C[C@]4(C)[C@@]3(F)[C@@H](O)C[C@@]21C,,,CHEMBL1909046,,,,,CHEMBL1159650,CLOBETASOL PROPIONATE,CHEMBL1159650,,0,,1539635,,15,0,,Not active,IC50,,,,CHEMBL213,Homo sapiens,Beta-1 adrenergic receptor,9606,Not Active,,IC50,,,,
,Inhibition < 50% @ 10 uM and thus dose-reponse curve not measured,7691206,[],CHEMBL1909091,DRUGMATRIX: Adrenergic beta1 radioligand binding (ligand: [125I] Cyanopindolol),B,,,BAO_0000190,BAO_0000249,cell membrane format,,,,CHEMBL1909046,,,,,CHEMBL6067481,COLISTIN,CHEMBL6067481,,0,,1539652,,15,0,,Not active,IC50,,,,CHEMBL213,Homo sapiens,Beta-1 adrenergic receptor,9606,Not Active,,IC50,,,,
,Inhibition < 50% @ 10 uM and thus dose-reponse curve not measured,7691344,[],CHEMBL1909091,DRUGMATRIX: Adrenergic beta1 radioligand binding (ligand: [125I] Cyanopindolol),B,,,BAO_0000190,BAO_0000249,cell membrane format,CN1CCN(C(c2ccccc2)c2ccccc2)CC1,,,CHEMBL1909046,,,,,CHEMBL648,CYCLIZINE,CHEMBL648,,0,,1539660,,15,0,,Not active,IC50,,,,CHEMBL213,Homo sapiens,Beta-1 adrenergic receptor,9606,Not Active,,IC50,,,,
,Inhibition < 50% @ 10 uM and thus dose-reponse curve not measured,7691431,[],CHEMBL1909091,DRUGMATRIX: Adrenergic beta1 radioligand binding (ligand: [125I] Cyanopindolol),B,,,BAO_0000190,BAO_0000249,cell membrane format,CC12CCC(CC1=O)C2(C)C,,,CHEMBL1909046,,,,,CHEMBL15768,CAMPHOR,CHEMBL15768,,0,,1539668,,15,0,,Not active,IC50,,,,CHEMBL213,Homo sapiens,Beta-1 adrenergic receptor,9606,Not Active,,IC50,,,,
,Inhibition < 50% @ 10 uM and thus dose-reponse curve not measured,7692090,[],CHEMBL1909091,DRUGMATRIX: Adrenergic beta1 radioligand binding (ligand: [125I] Cyanopindolol),B,,,BAO_0000190,BAO_0000249,cell membrane format,CC(C)[C@@]1(NC(=O)[C@@H]2C[C@@H]3c4cccc5[nH]cc(c45)C[C@H]3N(C)C2)O[C@@]2(O)[C@@H]3CCCN3C(=O)[C@H](Cc3ccccc3)N2C1=O.CS(=O)(=O)O,,,CHEMBL1909046,,,,,CHEMBL1255837,DIHYDROERGOCRISTINE MESYLATE,CHEMBL601773,,0,,1539701,,15,0,,Not active,IC50,,,,CHEMBL213,Homo sapiens,Beta-1 adrenergic receptor,9606,Not Active,,IC50,,,,
,Inhibition < 50% @ 10 uM and thus dose-reponse curve not measured,7692133,[],CHEMBL1909091,DRUGMATRIX: Adrenergic beta1 radioligand binding (ligand: [125I] Cyanopindolol),B,,,BAO_0000190,BAO_0000249,cell membrane format,Cc1c(N(C)CS(=O)(=O)[O-])c(=O)n(-c2ccccc2)n1C.[Na+],,,CHEMBL1909046,,,,,CHEMBL487894,DIPYRONE SODIUM,CHEMBL461522,,0,,1539709,,15,0,,Not active,IC50,,,,CHEMBL213,Homo sapiens,Beta-1 adrenergic receptor,9606,Not Active,,IC50,,,,
,Inhibition < 50% @ 10 uM and thus dose-reponse curve not measured,7692709,[],CHEMBL1909091,DRUGMATRIX: Adrenergic beta1 radioligand binding (ligand: [125I] Cyanopindolol),B,,,BAO_0000190,BAO_0000249,cell membrane format,C=C1CC[C@H](O)C/C1=C/C=C1\CCC[C@]2(C)[C@@H]([C@H](C)CCCC(C)C)CC[C@@H]12,,,CHEMBL1909046,,,,,CHEMBL1042,CHOLECALCIFEROL,CHEMBL1042,,0,,1539611,,15,0,,Not active,IC50,,,,CHEMBL213,Homo sapiens,Beta-1 adrenergic receptor,9606,Not Active,,IC50,,,,
,Inhibition < 50% @ 10 uM and thus dose-reponse curve not measured,7692830,[],CHEMBL1909091,DRUGMATRIX: Adrenergic beta1 radioligand binding (ligand: [125I] Cyanopindolol),B,,,BAO_0000190,BAO_0000249,cell membrane format,O=C1CCc2cc(OCCCCc3nnnn3C3CCCCC3)ccc2N1,,,CHEMBL1909046,,,,,CHEMBL799,CILOSTAZOL,CHEMBL799,,0,,1539619,,15,0,,Not active,IC50,,,,CHEMBL213,Homo sapiens,Beta-1 adrenergic receptor,9606,Not Active,,IC50,,,,
,Inhibition < 50% @ 10 uM and thus dose-reponse curve not measured,7692901,[],CHEMBL1909091,DRUGMATRIX: Adrenergic beta1 radioligand binding (ligand: [125I] Cyanopindolol),B,,,BAO_0000190,BAO_0000249,cell membrane format,CN(C)CCCC1(c2ccc(F)cc2)OCc2cc(C#N)ccc21,,,CHEMBL1909046,,,,,CHEMBL549,CITALOPRAM,CHEMBL549,,0,,1539627,,15,0,,Not active,IC50,,,,CHEMBL213,Homo sapiens,Beta-1 adrenergic receptor,9606,Not Active,,IC50,,,,
,Inhibition < 50% @ 10 uM and thus dose-reponse curve not measured,7693187,[],CHEMBL1909091,DRUGMATRIX: Adrenergic beta1 radioligand binding (ligand: [125I] Cyanopindolol),B,,,BAO_0000190,BAO_0000249,cell membrane format,Cc1cc(C(C#N)c2ccc(Cl)cc2)c(Cl)cc1NC(=O)c1cc(I)cc(I)c1O,,,CHEMBL1909046,,,,,CHEMBL12131,CLOSANTEL,CHEMBL12131,,0,,1539644,,15,0,,Not active,IC50,,,,CHEMBL213,Homo sapiens,Beta-1 adrenergic receptor,9606,Not Active,,IC50,,,,
,Inhibition < 50% @ 10 uM and thus dose-reponse curve not measured,7693826,[],CHEMBL1909091,DRUGMATRIX: Adrenergic beta1 radioligand binding (ligand: [125I] Cyanopindolol),B,,,BAO_0000190,BAO_0000249,cell membrane format,CNCCCN1c2ccccc2CCc2ccccc21,,,CHEMBL1909046,,,,,CHEMBL72,DESIPRAMINE,CHEMBL72,,0,,1539677,,15,0,,Not active,IC50,,,,CHEMBL213,Homo sapiens,Beta-1 adrenergic receptor,9606,Not Active,,IC50,,,,
,Inhibition < 50% @ 10 uM and thus dose-reponse curve not measured,7693906,[],CHEMBL1909091,DRUGMATRIX: Adrenergic beta1 radioligand binding (ligand: [125I] Cyanopindolol),B,,,BAO_0000190,BAO_0000249,cell membrane format,COc1ccc2c(c1)[C@]13CCCC[C@@H]1[C@H](C2)N(C)CC3,,,CHEMBL1909046,,,,,CHEMBL52440,DEXTROMETHORPHAN,CHEMBL52440,,0,,1539685,,15,0,,Not active,IC50,,,,CHEMBL213,Homo sapiens,Beta-1 adrenergic receptor,9606,Not Active,,IC50,,,,
,Inhibition < 50% @ 10 uM and thus dose-reponse curve not measured,7694028,[],CHEMBL1909091,DRUGMATRIX: Adrenergic beta1 radioligand binding (ligand: [125I] Cyanopindolol),B,,,BAO_0000190,BAO_0000249,cell membrane format,O=c1[nH]cnc2c1ncn2[C@H]1CC[C@@H](CO)O1,,,CHEMBL1909046,,,,,CHEMBL1460,DIDANOSINE,CHEMBL1460,,0,,1539693,,15,0,,Not active,IC50,,,,CHEMBL213,Homo sapiens,Beta-1 adrenergic receptor,9606,Not Active,,IC50,,,,
,Inhibition < 50% @ 10 uM and thus dose-reponse curve not measured,7694451,[],CHEMBL1909091,DRUGMATRIX: Adrenergic beta1 radioligand binding (ligand: [125I] Cyanopindolol),B,,,BAO_0000190,BAO_0000249,cell membrane format,,,,CHEMBL1909046,,,,,CHEMBL1351,CARBOPLATIN,CHEMBL1351,,0,,1539587,,15,0,,Not active,IC50,,,,CHEMBL213,Homo sapiens,Beta-1 adrenergic receptor,9606,Not Active,,IC50,,,,
,Inhibition < 50% @ 10 uM and thus dose-reponse curve not measured,7694556,[],CHEMBL1909091,DRUGMATRIX: Adrenergic beta1 radioligand binding (ligand: [125I] Cyanopindolol),B,,,BAO_0000190,BAO_0000249,cell membrane format,Cc1ccc(-c2cc(C(F)(F)F)nn2-c2ccc(S(N)(=O)=O)cc2)cc1,,,CHEMBL1909046,,,,,CHEMBL118,CELECOXIB,CHEMBL118,,0,,1539595,,15,0,,Not active,IC50,,,,CHEMBL213,Homo sapiens,Beta-1 adrenergic receptor,9606,Not Active,,IC50,,,,
,Inhibition < 50% @ 10 uM and thus dose-reponse curve not measured,7694663,[],CHEMBL1909091,DRUGMATRIX: Adrenergic beta1 radioligand binding (ligand: [125I] Cyanopindolol),B,,,BAO_0000190,BAO_0000249,cell membrane format,CC(=O)O[C@]1(C(C)=O)CC[C@H]2[C@@H]3C=C(Cl)C4=CC(=O)CC[C@]4(C)[C@H]3CC[C@@]21C,,,CHEMBL1909046,,,,,CHEMBL110691,CHLORMADINONE ACETATE,CHEMBL110691,,0,,1539603,,15,0,,Not active,IC50,,,,CHEMBL213,Homo sapiens,Beta-1 adrenergic receptor,9606,Not Active,,IC50,,,,
,Inhibition < 50% @ 10 uM and thus dose-reponse curve not measured,7695299,[],CHEMBL1909091,DRUGMATRIX: Adrenergic beta1 radioligand binding (ligand: [125I] Cyanopindolol),B,,,BAO_0000190,BAO_0000249,cell membrane format,CCOC(=O)C(C)(C)Oc1ccc(Cl)cc1,,,CHEMBL1909046,,,,,CHEMBL565,CLOFIBRATE,CHEMBL565,,0,,1539636,,15,0,,Not active,IC50,,,,CHEMBL213,Homo sapiens,Beta-1 adrenergic receptor,9606,Not Active,,IC50,,,,
,Inhibition < 50% @ 10 uM and thus dose-reponse curve not measured,7695521,[],CHEMBL1909091,DRUGMATRIX: Adrenergic beta1 radioligand binding (ligand: [125I] Cyanopindolol),B,,,BAO_0000190,BAO_0000249,cell membrane format,,,,CHEMBL1909046,,,,,CHEMBL1909057,COPPER(II) OXIDE,CHEMBL1909057,,0,,1539653,,15,0,,Not active,IC50,,,,CHEMBL213,Homo sapiens,Beta-1 adrenergic receptor,9606,Not Active,,IC50,,,,
,Inhibition < 50% @ 10 uM and thus dose-reponse curve not measured,7695643,[],CHEMBL1909091,DRUGMATRIX: Adrenergic beta1 radioligand binding (ligand: [125I] Cyanopindolol),B,,,BAO_0000190,BAO_0000249,cell membrane format,C[C@@H]1C[C@@H]([C@H](O)CC2CC(=O)NC(=O)C2)C(=O)[C@@H](C)C1,,,CHEMBL1909046,,,,,CHEMBL123292,CYCLOHEXIMIDE,CHEMBL123292,,0,,1539661,,15,0,,Not active,IC50,,,,CHEMBL213,Homo sapiens,Beta-1 adrenergic receptor,9606,Not Active,,IC50,,,,
,Inhibition < 50% @ 10 uM and thus dose-reponse curve not measured,7695745,[],CHEMBL1909091,DRUGMATRIX: Adrenergic beta1 radioligand binding (ligand: [125I] Cyanopindolol),B,,,BAO_0000190,BAO_0000249,cell membrane format,COc1cc2c3cc1Oc1cc(ccc1O)C[C@@H]1c4c(cc(OC)c(O)c4Oc4ccc(cc4)C[C@@H]3N(C)CC2)CC[N+]1(C)C.[Cl-],,,CHEMBL1909046,,,,,CHEMBL1687,,CHEMBL339427,,0,,1539669,,15,0,,Not active,IC50,,,,CHEMBL213,Homo sapiens,Beta-1 adrenergic receptor,9606,Not Active,,IC50,,,,
,Inhibition < 50% @ 10 uM and thus dose-reponse curve not measured,7696376,[],CHEMBL1909091,DRUGMATRIX: Adrenergic beta1 radioligand binding (ligand: [125I] Cyanopindolol),B,,,BAO_0000190,BAO_0000249,cell membrane format,CN1C[C@H](C(=O)N[C@]2(C)O[C@@]3(O)[C@@H]4CCCN4C(=O)[C@H](Cc4ccccc4)N3C2=O)C[C@@H]2c3cccc4[nH]cc(c34)C[C@H]21,,,CHEMBL1909046,,,,,CHEMBL1732,DIHYDROERGOTAMINE,CHEMBL1732,,0,,1539702,,15,0,,Not active,IC50,,,,CHEMBL213,Homo sapiens,Beta-1 adrenergic receptor,9606,Not Active,,IC50,,,,
,Inhibition < 50% @ 10 uM and thus dose-reponse curve not measured,7696446,[],CHEMBL1909091,DRUGMATRIX: Adrenergic beta1 radioligand binding (ligand: [125I] Cyanopindolol),B,,,BAO_0000190,BAO_0000249,cell membrane format,CCN(CC)C(=S)SSC(=S)N(CC)CC,,,CHEMBL1909046,,,,,CHEMBL964,DISULFIRAM,CHEMBL964,,0,,1539710,,15,0,,Not active,IC50,,,,CHEMBL213,Homo sapiens,Beta-1 adrenergic receptor,9606,Not Active,,IC50,,,,
,Inhibition < 50% @ 10 uM and thus dose-reponse curve not measured,7697050,[],CHEMBL1909091,DRUGMATRIX: Adrenergic beta1 radioligand binding (ligand: [125I] Cyanopindolol),B,,,BAO_0000190,BAO_0000249,cell membrane format,C[C@H](CCC(=O)O)[C@H]1CC[C@H]2[C@@H]3[C@H](O)C[C@@H]4C[C@H](O)CC[C@]4(C)[C@H]3C[C@H](O)[C@]12C,,,CHEMBL1909046,,,,,CHEMBL205596,CHOLIC ACID,CHEMBL205596,,0,,1539612,,15,0,,Not active,IC50,,,,CHEMBL213,Homo sapiens,Beta-1 adrenergic receptor,9606,Not Active,,IC50,,,,
,Inhibition < 50% @ 10 uM and thus dose-reponse curve not measured,7697169,[],CHEMBL1909091,DRUGMATRIX: Adrenergic beta1 radioligand binding (ligand: [125I] Cyanopindolol),B,,,BAO_0000190,BAO_0000249,cell membrane format,CN/C(=N\CCSCc1nc[nH]c1C)NC#N,,,CHEMBL1909046,,,,,CHEMBL30,CIMETIDINE,CHEMBL30,,0,,1539620,,15,0,,Not active,IC50,,,,CHEMBL213,Homo sapiens,Beta-1 adrenergic receptor,9606,Not Active,,IC50,,,,
,Inhibition < 50% @ 10 uM and thus dose-reponse curve not measured,7697225,[],CHEMBL1909091,DRUGMATRIX: Adrenergic beta1 radioligand binding (ligand: [125I] Cyanopindolol),B,,,BAO_0000190,BAO_0000249,cell membrane format,O=C(O)CC(O)(CC(=O)O)C(=O)O,,,CHEMBL1909046,,,,,CHEMBL1261,CITRIC ACID,CHEMBL1261,,0,,1539628,,15,0,,Not active,IC50,,,,CHEMBL213,Homo sapiens,Beta-1 adrenergic receptor,9606,Not Active,,IC50,,,,
,,7697492,[],CHEMBL1909091,DRUGMATRIX: Adrenergic beta1 radioligand binding (ligand: [125I] Cyanopindolol),B,,,BAO_0000190,BAO_0000249,cell membrane format,Clc1ccccc1C(c1ccccc1)(c1ccccc1)n1ccnc1,,,CHEMBL1909046,,,"{'bei': '14.35', 'le': '0.27', 'lle': '-0.43', 'sei': '27.77'}",,CHEMBL104,CLOTRIMAZOLE,CHEMBL104,4.95,0,http://www.openphacts.org/units/Nanomolar,1539645,=,15,1,=,,IC50,nM,,11279.0,CHEMBL213,Homo sapiens,Beta-1 adrenergic receptor,9606,,,IC50,uM,UO_0000065,,11.279
,Inhibition < 50% @ 10 uM and thus dose-reponse curve not measured,7698164,[],CHEMBL1909091,DRUGMATRIX: Adrenergic beta1 radioligand binding (ligand: [125I] Cyanopindolol),B,,,BAO_0000190,BAO_0000249,cell membrane format,Clc1ccc2c(c1)CCc1cccnc1C2=C1CCNCC1,,,CHEMBL1909046,,,,,CHEMBL1172,DESLORATADINE,CHEMBL1172,,0,,1539678,,15,0,,Not active,IC50,,,,CHEMBL213,Homo sapiens,Beta-1 adrenergic receptor,9606,Not Active,,IC50,,,,
,Inhibition < 50% @ 10 uM and thus dose-reponse curve not measured,7698248,[],CHEMBL1909091,DRUGMATRIX: Adrenergic beta1 radioligand binding (ligand: [125I] Cyanopindolol),B,,,BAO_0000190,BAO_0000249,cell membrane format,CC(=O)Nc1c(I)c(NC(C)=O)c(I)c(C(=O)O)c1I,,,CHEMBL1909046,,,,,CHEMBL1201220,DIATRIZOIC ACID,CHEMBL1201220,,0,,1539686,,15,0,,Not active,IC50,,,,CHEMBL213,Homo sapiens,Beta-1 adrenergic receptor,9606,Not Active,,IC50,,,,
,Inhibition < 50% @ 10 uM and thus dose-reponse curve not measured,7698366,[],CHEMBL1909091,DRUGMATRIX: Adrenergic beta1 radioligand binding (ligand: [125I] Cyanopindolol),B,,,BAO_0000190,BAO_0000249,cell membrane format,ClC1=C(Cl)[C@]2(Cl)[C@@H]3[C@@H]4C[C@@H]([C@H]5O[C@@H]45)[C@@H]3[C@@]1(Cl)C2(Cl)Cl,,,CHEMBL1909046,,,,,CHEMBL1873703,DIELDRIN,CHEMBL1873703,,0,,1539694,,15,0,,Not active,IC50,,,,CHEMBL213,Homo sapiens,Beta-1 adrenergic receptor,9606,Not Active,,IC50,,,,
,Inhibition < 50% @ 10 uM and thus dose-reponse curve not measured,7698803,[],CHEMBL1909091,DRUGMATRIX: Adrenergic beta1 radioligand binding (ligand: [125I] Cyanopindolol),B,,,BAO_0000190,BAO_0000249,cell membrane format,,,,CHEMBL1909046,,,,,CHEMBL1909054,CARBOXYMETHYLCELLULOSE,CHEMBL1909054,,0,,1539588,,15,0,,Not active,IC50,,,,CHEMBL213,Homo sapiens,Beta-1 adrenergic receptor,9606,Not Active,,IC50,,,,
,Inhibition < 50% @ 10 uM and thus dose-reponse curve not measured,7698890,[],CHEMBL1909091,DRUGMATRIX: Adrenergic beta1 radioligand binding (ligand: [125I] Cyanopindolol),B,,,BAO_0000190,BAO_0000249,cell membrane format,CC1=C(C(=O)O)N2C(=O)[C@@H](NC(=O)[C@H](N)c3ccccc3)[C@H]2SC1,,,CHEMBL1909046,,,,,CHEMBL1727,CEPHALEXIN ANHYDROUS,CHEMBL1727,,0,,1539596,,15,0,,Not active,IC50,,,,CHEMBL213,Homo sapiens,Beta-1 adrenergic receptor,9606,Not Active,,IC50,,,,
,Inhibition < 50% @ 10 uM and thus dose-reponse curve not measured,7698996,[],CHEMBL1909091,DRUGMATRIX: Adrenergic beta1 radioligand binding (ligand: [125I] Cyanopindolol),B,,,BAO_0000190,BAO_0000249,cell membrane format,ClC(Cl)Cl,,,CHEMBL1909046,,,,,CHEMBL44618,CHLOROFORM,CHEMBL44618,,0,,1539604,,15,0,,Not active,IC50,,,,CHEMBL213,Homo sapiens,Beta-1 adrenergic receptor,9606,Not Active,,IC50,,,,
,Inhibition < 50% @ 10 uM and thus dose-reponse curve not measured,7699626,[],CHEMBL1909091,DRUGMATRIX: Adrenergic beta1 radioligand binding (ligand: [125I] Cyanopindolol),B,,,BAO_0000190,BAO_0000249,cell membrane format,CC(C)(Oc1ccc(Cl)cc1)C(=O)O,,,CHEMBL1909046,,,,,CHEMBL683,CLOFIBRIC ACID,CHEMBL683,,0,,1539637,,15,0,,Not active,IC50,,,,CHEMBL213,Homo sapiens,Beta-1 adrenergic receptor,9606,Not Active,,IC50,,,,
,Inhibition < 50% @ 10 uM and thus dose-reponse curve not measured,7699752,[],CHEMBL1909091,DRUGMATRIX: Adrenergic beta1 radioligand binding (ligand: [125I] Cyanopindolol),B,,,BAO_0000190,BAO_0000249,cell membrane format,Cc1onc(-c2ccccc2Cl)c1C(=O)N[C@@H]1C(=O)N2[C@@H]1SC(C)(C)[C@@H]2C(=O)O,,,CHEMBL1909046,,,,,CHEMBL891,CLOXACILLIN,CHEMBL891,,0,,1539646,,15,0,,Not active,IC50,,,,CHEMBL213,Homo sapiens,Beta-1 adrenergic receptor,9606,Not Active,,IC50,,,,
,Inhibition < 50% @ 10 uM and thus dose-reponse curve not measured,7699853,[],CHEMBL1909091,DRUGMATRIX: Adrenergic beta1 radioligand binding (ligand: [125I] Cyanopindolol),B,,,BAO_0000190,BAO_0000249,cell membrane format,C[C@]12CCC(=O)C=C1CC[C@@H]1[C@@H]2C(=O)C[C@@]2(C)[C@H]1CC[C@]2(O)C(=O)CO,,,CHEMBL1909046,,,,,CHEMBL1499,CORTISONE,CHEMBL1499,,0,,1539654,,15,0,,Not active,IC50,,,,CHEMBL213,Homo sapiens,Beta-1 adrenergic receptor,9606,Not Active,,IC50,,,,
,Inhibition < 50% @ 10 uM and thus dose-reponse curve not measured,7699973,[],CHEMBL1909091,DRUGMATRIX: Adrenergic beta1 radioligand binding (ligand: [125I] Cyanopindolol),B,,,BAO_0000190,BAO_0000249,cell membrane format,O=P1(N(CCCl)CCCl)NCCCO1,,,CHEMBL1909046,,,,,CHEMBL88,CYCLOPHOSPHAMIDE ANHYDROUS,CHEMBL88,,0,,1539662,,15,0,,Not active,IC50,,,,CHEMBL213,Homo sapiens,Beta-1 adrenergic receptor,9606,Not Active,,IC50,,,,
,Inhibition < 50% @ 10 uM and thus dose-reponse curve not measured,7700075,[],CHEMBL1909091,DRUGMATRIX: Adrenergic beta1 radioligand binding (ligand: [125I] Cyanopindolol),B,,,BAO_0000190,BAO_0000249,cell membrane format,CN(C)/N=N/c1[nH]cnc1C(N)=O,,,CHEMBL1909046,,,,,CHEMBL476,DACARBAZINE,CHEMBL476,,0,,1539670,,15,0,,Not active,IC50,,,,CHEMBL213,Homo sapiens,Beta-1 adrenergic receptor,9606,Not Active,,IC50,,,,
,Inhibition < 50% @ 10 uM and thus dose-reponse curve not measured,7700697,[],CHEMBL1909091,DRUGMATRIX: Adrenergic beta1 radioligand binding (ligand: [125I] Cyanopindolol),B,,,BAO_0000190,BAO_0000249,cell membrane format,COc1ccc([C@@H]2Sc3ccccc3N(CCN(C)C)C(=O)[C@@H]2OC(C)=O)cc1,,,CHEMBL1909046,,,,,CHEMBL23,DILTIAZEM,CHEMBL23,,0,,1539703,,15,0,,Not active,IC50,,,,CHEMBL213,Homo sapiens,Beta-1 adrenergic receptor,9606,Not Active,,IC50,,,,
,,7700749,[],CHEMBL1909091,DRUGMATRIX: Adrenergic beta1 radioligand binding (ligand: [125I] Cyanopindolol),B,,,BAO_0000190,BAO_0000249,cell membrane format,CC(CCc1ccc(O)cc1)NCCc1ccc(O)c(O)c1,,,CHEMBL1909046,,,"{'bei': '18.95', 'le': '0.35', 'lle': '2.75', 'sei': '7.85'}",,CHEMBL926,DOBUTAMINE,CHEMBL926,5.71,0,http://www.openphacts.org/units/Nanomolar,1539711,=,15,1,=,,IC50,nM,,1944.0,CHEMBL213,Homo sapiens,Beta-1 adrenergic receptor,9606,,,IC50,uM,UO_0000065,,1.944
,Inhibition < 50% @ 10 uM and thus dose-reponse curve not measured,7701370,[],CHEMBL1909091,DRUGMATRIX: Adrenergic beta1 radioligand binding (ligand: [125I] Cyanopindolol),B,,,BAO_0000190,BAO_0000249,cell membrane format,C[N+](C)(C)CCOP(=O)([O-])OC[C@H](O)CO,,,CHEMBL1909046,,,,,CHEMBL1567463,,CHEMBL1567463,,0,,1539613,,15,0,,Not active,IC50,,,,CHEMBL213,Homo sapiens,Beta-1 adrenergic receptor,9606,Not Active,,IC50,,,,
,Inhibition < 50% @ 10 uM and thus dose-reponse curve not measured,7701487,[],CHEMBL1909091,DRUGMATRIX: Adrenergic beta1 radioligand binding (ligand: [125I] Cyanopindolol),B,,,BAO_0000190,BAO_0000249,cell membrane format,O=C/C=C/c1ccccc1,,,CHEMBL1909046,,,,,CHEMBL293492,CINNAMALDEHYDE,CHEMBL293492,,0,,1539621,,15,0,,Not active,IC50,,,,CHEMBL213,Homo sapiens,Beta-1 adrenergic receptor,9606,Not Active,,IC50,,,,
,Inhibition < 50% @ 10 uM and thus dose-reponse curve not measured,7701545,[],CHEMBL1909091,DRUGMATRIX: Adrenergic beta1 radioligand binding (ligand: [125I] Cyanopindolol),B,,,BAO_0000190,BAO_0000249,cell membrane format,CC1=C2C(=CO[C@H](C)[C@H]2C)C(O)=C(C(=O)O)C1=O,,,CHEMBL1909046,,,,,CHEMBL510139,CITRININ,CHEMBL510139,,0,,1539629,,15,0,,Not active,IC50,,,,CHEMBL213,Homo sapiens,Beta-1 adrenergic receptor,9606,Not Active,,IC50,,,,
,Inhibition < 50% @ 10 uM and thus dose-reponse curve not measured,7702427,[],CHEMBL1909091,DRUGMATRIX: Adrenergic beta1 radioligand binding (ligand: [125I] Cyanopindolol),B,,,BAO_0000190,BAO_0000249,cell membrane format,C[C@@H]1C[C@H]2[C@@H]3CCC4=CC(=O)C=C[C@]4(C)[C@@]3(F)[C@@H](O)C[C@]2(C)[C@H]1C(=O)CO,,,CHEMBL1909046,,,,,CHEMBL1766,DESOXIMETASONE,CHEMBL1766,,0,,1539679,,15,0,,Not active,IC50,,,,CHEMBL213,Homo sapiens,Beta-1 adrenergic receptor,9606,Not Active,,IC50,,,,
,Inhibition < 50% @ 10 uM and thus dose-reponse curve not measured,7702531,[],CHEMBL1909091,DRUGMATRIX: Adrenergic beta1 radioligand binding (ligand: [125I] Cyanopindolol),B,,,BAO_0000190,BAO_0000249,cell membrane format,CN1C(=O)CN=C(c2ccccc2)c2cc(Cl)ccc21,,,CHEMBL1909046,,,,,CHEMBL12,DIAZEPAM,CHEMBL12,,0,,1539687,,15,0,,Not active,IC50,,,,CHEMBL213,Homo sapiens,Beta-1 adrenergic receptor,9606,Not Active,,IC50,,,,
,,7702646,[],CHEMBL1909091,DRUGMATRIX: Adrenergic beta1 radioligand binding (ligand: [125I] Cyanopindolol),B,,,BAO_0000190,BAO_0000249,cell membrane format,CC/C(=C(/CC)c1ccc(O)cc1)c1ccc(O)cc1,,,CHEMBL1909046,,,"{'bei': '17.35', 'le': '0.32', 'lle': '-0.17', 'sei': '11.51'}",,CHEMBL411,DIETHYLSTILBESTROL,CHEMBL411,4.66,0,http://www.openphacts.org/units/Nanomolar,1539695,=,15,1,=,,IC50,nM,,22088.0,CHEMBL213,Homo sapiens,Beta-1 adrenergic receptor,9606,,,IC50,uM,UO_0000065,,22.088
,Inhibition < 50% @ 10 uM and thus dose-reponse curve not measured,7703020,[],CHEMBL1909091,DRUGMATRIX: Adrenergic beta1 radioligand binding (ligand: [125I] Cyanopindolol),B,,,BAO_0000190,BAO_0000249,cell membrane format,CC(=O)O[C@@]12CO[C@@H]1C[C@H](O)[C@@]1(C)C(=O)[C@H](O)C3=C(C)[C@@H](OC(=O)[C@H](O)[C@@H](NC(=O)OC(C)(C)C)c4ccccc4)C[C@@](O)([C@@H](OC(=O)c4ccccc4)[C@H]21)C3(C)C.O.O.O,,,CHEMBL1909046,,,,,CHEMBL3545252,DOCETAXEL,CHEMBL92,,0,,1539712,,15,0,,Not active,IC50,,,,CHEMBL213,Homo sapiens,Beta-1 adrenergic receptor,9606,Not Active,,IC50,,,,
,Inhibition < 50% @ 10 uM and thus dose-reponse curve not measured,7703102,[],CHEMBL1909091,DRUGMATRIX: Adrenergic beta1 radioligand binding (ligand: [125I] Cyanopindolol),B,,,BAO_0000190,BAO_0000249,cell membrane format,CCCCCCNC(=O)n1cc(F)c(=O)[nH]c1=O,,,CHEMBL1909046,,,,,CHEMBL460499,CARMOFUR,CHEMBL460499,,0,,1539589,,15,0,,Not active,IC50,,,,CHEMBL213,Homo sapiens,Beta-1 adrenergic receptor,9606,Not Active,,IC50,,,,
,Inhibition < 50% @ 10 uM and thus dose-reponse curve not measured,7703191,[],CHEMBL1909091,DRUGMATRIX: Adrenergic beta1 radioligand binding (ligand: [125I] Cyanopindolol),B,,,BAO_0000190,BAO_0000249,cell membrane format,COCc1c(C(C)C)nc(C(C)C)c(/C=C/[C@@H](O)C[C@@H](O)CC(=O)O)c1-c1ccc(F)cc1,,,CHEMBL1909046,,,,,CHEMBL1477,CERIVASTATIN,CHEMBL1477,,0,,1539597,,15,0,,Not active,IC50,,,,CHEMBL213,Homo sapiens,Beta-1 adrenergic receptor,9606,Not Active,,IC50,,,,
,Inhibition < 50% @ 10 uM and thus dose-reponse curve not measured,7703298,[],CHEMBL1909091,DRUGMATRIX: Adrenergic beta1 radioligand binding (ligand: [125I] Cyanopindolol),B,,,BAO_0000190,BAO_0000249,cell membrane format,Cc1cc(O)cc(C)c1Cl,,,CHEMBL1909046,,,,,CHEMBL398440,CHLOROXYLENOL,CHEMBL398440,,0,,1539605,,15,0,,Not active,IC50,,,,CHEMBL213,Homo sapiens,Beta-1 adrenergic receptor,9606,Not Active,,IC50,,,,
,Inhibition < 50% @ 10 uM and thus dose-reponse curve not measured,7703927,[],CHEMBL1909091,DRUGMATRIX: Adrenergic beta1 radioligand binding (ligand: [125I] Cyanopindolol),B,,,BAO_0000190,BAO_0000249,cell membrane format,CCN(CC)CCOc1ccc(/C(=C(/Cl)c2ccccc2)c2ccccc2)cc1,,,CHEMBL1909046,,,,,CHEMBL954,ENCLOMIPHENE,CHEMBL954,,0,,1539638,,15,0,,Not active,IC50,,,,CHEMBL213,Homo sapiens,Beta-1 adrenergic receptor,9606,Not Active,,IC50,,,,
,Inhibition < 50% @ 10 uM and thus dose-reponse curve not measured,7704047,[],CHEMBL1909091,DRUGMATRIX: Adrenergic beta1 radioligand binding (ligand: [125I] Cyanopindolol),B,,,BAO_0000190,BAO_0000249,cell membrane format,CN1CCN(C2=Nc3cc(Cl)ccc3Nc3ccccc32)CC1,,,CHEMBL1909046,,,,,CHEMBL42,CLOZAPINE,CHEMBL42,,0,,1539647,,15,0,,Not active,IC50,,,,CHEMBL213,Homo sapiens,Beta-1 adrenergic receptor,9606,Not Active,,IC50,,,,
,Inhibition < 50% @ 10 uM and thus dose-reponse curve not measured,7704158,[],CHEMBL1909091,DRUGMATRIX: Adrenergic beta1 radioligand binding (ligand: [125I] Cyanopindolol),B,,,BAO_0000190,BAO_0000249,cell membrane format,CC(=O)OCC(=O)[C@@]1(O)CC[C@H]2[C@@H]3CCC4=CC(=O)CC[C@]4(C)[C@H]3C(=O)C[C@@]21C,,,CHEMBL1909046,,,,,CHEMBL1650,CORTISONE ACETATE,CHEMBL1650,,0,,1539655,,15,0,,Not active,IC50,,,,CHEMBL213,Homo sapiens,Beta-1 adrenergic receptor,9606,Not Active,,IC50,,,,
,Inhibition < 50% @ 10 uM and thus dose-reponse curve not measured,7704279,[],CHEMBL1909091,DRUGMATRIX: Adrenergic beta1 radioligand binding (ligand: [125I] Cyanopindolol),B,,,BAO_0000190,BAO_0000249,cell membrane format,C/C=C/C[C@@H](C)[C@@H](O)[C@H]1C(=O)N[C@@H](CC)C(=O)N(C)CC(=O)N(C)[C@@H](CC(C)C)C(=O)N[C@@H](C(C)C)C(=O)N(C)[C@@H](CC(C)C)C(=O)N[C@@H](C)C(=O)N[C@H](C)C(=O)N(C)[C@@H](CC(C)C)C(=O)N(C)[C@@H](CC(C)C)C(=O)N(C)[C@@H](C(C)C)C(=O)N1C,,,CHEMBL1909046,,,,,CHEMBL160,CYCLOSPORINE,CHEMBL160,,0,,1539663,,15,0,,Not active,IC50,,,,CHEMBL213,Homo sapiens,Beta-1 adrenergic receptor,9606,Not Active,,IC50,,,,
,Inhibition < 50% @ 10 uM and thus dose-reponse curve not measured,7704382,[],CHEMBL1909091,DRUGMATRIX: Adrenergic beta1 radioligand binding (ligand: [125I] Cyanopindolol),B,,,BAO_0000190,BAO_0000249,cell membrane format,Cc1c2oc3c(C)ccc(C(=O)N[C@@H]4C(=O)N[C@H](C(C)C)C(=O)N5CCC[C@H]5C(=O)N(C)CC(=O)N(C)[C@@H](C(C)C)C(=O)O[C@@H]4C)c3nc-2c(C(=O)N[C@@H]2C(=O)N[C@H](C(C)C)C(=O)N3CCC[C@H]3C(=O)N(C)CC(=O)N(C)[C@@H](C(C)C)C(=O)O[C@@H]2C)c(N)c1=O,,,CHEMBL1909046,,,,,CHEMBL1554,DACTINOMYCIN,CHEMBL1554,,0,,1539671,,15,0,,Not active,IC50,,,,CHEMBL213,Homo sapiens,Beta-1 adrenergic receptor,9606,Not Active,,IC50,,,,
,Inhibition < 50% @ 10 uM and thus dose-reponse curve not measured,7704916,[],CHEMBL1909091,DRUGMATRIX: Adrenergic beta1 radioligand binding (ligand: [125I] Cyanopindolol),B,,,BAO_0000190,BAO_0000249,cell membrane format,CC(=O)OCC(=O)[C@@]1(OC(C)=O)[C@@H](C)C[C@H]2[C@@H]3C[C@H](F)C4=CC(=O)C=C[C@]4(C)[C@@]3(F)[C@@H](O)C[C@@]21C,,,CHEMBL1909046,,,,,CHEMBL1200545,DIFLORASONE DIACETATE,CHEMBL1200545,,0,,1539696,,15,0,,Not active,IC50,,,,CHEMBL213,Homo sapiens,Beta-1 adrenergic receptor,9606,Not Active,,IC50,,,,
,Inhibition < 50% @ 10 uM and thus dose-reponse curve not measured,7705001,[],CHEMBL1909091,DRUGMATRIX: Adrenergic beta1 radioligand binding (ligand: [125I] Cyanopindolol),B,,,BAO_0000190,BAO_0000249,cell membrane format,CN(C)CCOC(c1ccccc1)c1ccccc1.Cn1c(=O)c2[nH]c(Cl)nc2n(C)c1=O,,,CHEMBL1909046,,,,,CHEMBL1200406,DIMENHYDRINATE,CHEMBL1200406,,0,,1539704,,15,0,,Not active,IC50,,,,CHEMBL213,Homo sapiens,Beta-1 adrenergic receptor,9606,Not Active,,IC50,,,,
,Inhibition < 50% @ 10 uM and thus dose-reponse curve not measured,7705586,[],CHEMBL1909091,DRUGMATRIX: Adrenergic beta1 radioligand binding (ligand: [125I] Cyanopindolol),B,,,BAO_0000190,BAO_0000249,cell membrane format,CN(C)CCCN1c2ccccc2Sc2ccc(Cl)cc21,,,CHEMBL1909046,,,,,CHEMBL71,CHLORPROMAZINE,CHEMBL71,,0,,1539606,,15,0,,Not active,IC50,,,,CHEMBL213,Homo sapiens,Beta-1 adrenergic receptor,9606,Not Active,,IC50,,,,
,Inhibition < 50% @ 10 uM and thus dose-reponse curve not measured,7705683,[],CHEMBL1909091,DRUGMATRIX: Adrenergic beta1 radioligand binding (ligand: [125I] Cyanopindolol),B,,,BAO_0000190,BAO_0000249,cell membrane format,C[N+](C)(C)CCO.[Cl-],,,CHEMBL1909046,,,,,CHEMBL282468,CHOLINE CHLORIDE,CHEMBL920,,0,,1539614,,15,0,,Not active,IC50,,,,CHEMBL213,Homo sapiens,Beta-1 adrenergic receptor,9606,Not Active,,IC50,,,,
,Inhibition < 50% @ 10 uM and thus dose-reponse curve not measured,7705800,[],CHEMBL1909091,DRUGMATRIX: Adrenergic beta1 radioligand binding (ligand: [125I] Cyanopindolol),B,,,BAO_0000190,BAO_0000249,cell membrane format,C(=C/c1ccccc1)\CN1CCN(C(c2ccccc2)c2ccccc2)CC1,,,CHEMBL1909046,,,,,CHEMBL43064,CINNARIZINE,CHEMBL43064,,0,,1539622,,15,0,,Not active,IC50,,,,CHEMBL213,Homo sapiens,Beta-1 adrenergic receptor,9606,Not Active,,IC50,,,,
,Inhibition < 50% @ 10 uM and thus dose-reponse curve not measured,7705873,[],CHEMBL1909091,DRUGMATRIX: Adrenergic beta1 radioligand binding (ligand: [125I] Cyanopindolol),B,,,BAO_0000190,BAO_0000249,cell membrane format,Nc1nc(Cl)nc2c1ncn2[C@H]1C[C@H](O)[C@@H](CO)O1,,,CHEMBL1909046,,,,,CHEMBL1619,CLADRIBINE,CHEMBL1619,,0,,1539630,,15,0,,Not active,IC50,,,,CHEMBL213,Homo sapiens,Beta-1 adrenergic receptor,9606,Not Active,,IC50,,,,
,Inhibition < 50% @ 10 uM and thus dose-reponse curve not measured,7706779,[],CHEMBL1909091,DRUGMATRIX: Adrenergic beta1 radioligand binding (ligand: [125I] Cyanopindolol),B,,,BAO_0000190,BAO_0000249,cell membrane format,C[C@@H]1C[C@H]2[C@@H]3CCC4=CC(=O)C=C[C@]4(C)[C@@]3(F)[C@@H](O)C[C@]2(C)[C@@]1(O)C(=O)CO,,,CHEMBL1909046,,,,,CHEMBL384467,DEXAMETHASONE,CHEMBL384467,,0,,1539680,,15,0,,Not active,IC50,,,,CHEMBL213,Homo sapiens,Beta-1 adrenergic receptor,9606,Not Active,,IC50,,,,
,Inhibition < 50% @ 10 uM and thus dose-reponse curve not measured,7706885,[],CHEMBL1909091,DRUGMATRIX: Adrenergic beta1 radioligand binding (ligand: [125I] Cyanopindolol),B,,,BAO_0000190,BAO_0000249,cell membrane format,CC1=Nc2ccc(Cl)cc2S(=O)(=O)N1,,,CHEMBL1909046,,,,,CHEMBL181,DIAZOXIDE,CHEMBL181,,0,,1539688,,15,0,,Not active,IC50,,,,CHEMBL213,Homo sapiens,Beta-1 adrenergic receptor,9606,Not Active,,IC50,,,,
,Inhibition < 50% @ 10 uM and thus dose-reponse curve not measured,7707346,[],CHEMBL1909091,DRUGMATRIX: Adrenergic beta1 radioligand binding (ligand: [125I] Cyanopindolol),B,,,BAO_0000190,BAO_0000249,cell membrane format,O=c1[nH]c2ccccc2n1CCCN1CCC(n2c(=O)[nH]c3cc(Cl)ccc32)CC1,,,CHEMBL1909046,,,,,CHEMBL219916,DOMPERIDONE,CHEMBL219916,,0,,1539713,,15,0,,Not active,IC50,,,,CHEMBL213,Homo sapiens,Beta-1 adrenergic receptor,9606,Not Active,,IC50,,,,
,Inhibition < 50% @ 10 uM and thus dose-reponse curve not measured,7707437,[],CHEMBL1909091,DRUGMATRIX: Adrenergic beta1 radioligand binding (ligand: [125I] Cyanopindolol),B,,,BAO_0000190,BAO_0000249,cell membrane format,O=NN(CCCl)C(=O)NCCCl,,,CHEMBL1909046,,,,,CHEMBL513,CARMUSTINE,CHEMBL513,,0,,1539590,,15,0,,Not active,IC50,,,,CHEMBL213,Homo sapiens,Beta-1 adrenergic receptor,9606,Not Active,,IC50,,,,
,Inhibition < 50% @ 10 uM and thus dose-reponse curve not measured,7707526,[],CHEMBL1909091,DRUGMATRIX: Adrenergic beta1 radioligand binding (ligand: [125I] Cyanopindolol),B,,,BAO_0000190,BAO_0000249,cell membrane format,Cl.NC[C@H]1CC[C@H](C(=O)Oc2ccc(CCC(=O)O)cc2)CC1,,,CHEMBL1909046,,,,,CHEMBL502896,CETRAXATE HYDROCHLORIDE,CHEMBL1187445,,0,,1539598,,15,0,,Not active,IC50,,,,CHEMBL213,Homo sapiens,Beta-1 adrenergic receptor,9606,Not Active,,IC50,,,,
,Inhibition < 50% @ 10 uM and thus dose-reponse curve not measured,7708280,[],CHEMBL1909091,DRUGMATRIX: Adrenergic beta1 radioligand binding (ligand: [125I] Cyanopindolol),B,,,BAO_0000190,BAO_0000249,cell membrane format,CN(C)CCCN1c2ccccc2CCc2ccc(Cl)cc21,,,CHEMBL1909046,,,,,CHEMBL415,CLOMIPRAMINE,CHEMBL415,,0,,1539639,,15,0,,Not active,IC50,,,,CHEMBL213,Homo sapiens,Beta-1 adrenergic receptor,9606,Not Active,,IC50,,,,
,Inhibition < 50% @ 10 uM and thus dose-reponse curve not measured,7708412,[],CHEMBL1909091,DRUGMATRIX: Adrenergic beta1 radioligand binding (ligand: [125I] Cyanopindolol),B,,,BAO_0000190,BAO_0000249,cell membrane format,,,,CHEMBL1909046,,,,,CHEMBL1909055,COBALTOUS CHLORIDE,CHEMBL1909055,,0,,1539648,,15,0,,Not active,IC50,,,,CHEMBL213,Homo sapiens,Beta-1 adrenergic receptor,9606,Not Active,,IC50,,,,
,Inhibition < 50% @ 10 uM and thus dose-reponse curve not measured,7708548,[],CHEMBL1909091,DRUGMATRIX: Adrenergic beta1 radioligand binding (ligand: [125I] Cyanopindolol),B,,,BAO_0000190,BAO_0000249,cell membrane format,O=c1ccc2ccccc2o1,,,CHEMBL1909046,,,,,CHEMBL6466,COUMARIN,CHEMBL6466,,0,,1539656,,15,0,,Not active,IC50,,,,CHEMBL213,Homo sapiens,Beta-1 adrenergic receptor,9606,Not Active,,IC50,,,,
,Inhibition < 50% @ 10 uM and thus dose-reponse curve not measured,7708668,[],CHEMBL1909091,DRUGMATRIX: Adrenergic beta1 radioligand binding (ligand: [125I] Cyanopindolol),B,,,BAO_0000190,BAO_0000249,cell membrane format,CN1CCC(=C2c3ccccc3C=Cc3ccccc32)CC1,,,CHEMBL1909046,,,,,CHEMBL516,CYPROHEPTADINE,CHEMBL516,,0,,1539664,,15,0,,Not active,IC50,,,,CHEMBL213,Homo sapiens,Beta-1 adrenergic receptor,9606,Not Active,,IC50,,,,
,Inhibition < 50% @ 10 uM and thus dose-reponse curve not measured,7708791,[],CHEMBL1909091,DRUGMATRIX: Adrenergic beta1 radioligand binding (ligand: [125I] Cyanopindolol),B,,,BAO_0000190,BAO_0000249,cell membrane format,C#C[C@]1(O)CC[C@H]2[C@@H]3CCC4=Cc5oncc5C[C@]4(C)[C@H]3CC[C@@]21C,,,CHEMBL1909046,,,,,CHEMBL1479,DANAZOL,CHEMBL1479,,0,,1539672,,15,0,,Not active,IC50,,,,CHEMBL213,Homo sapiens,Beta-1 adrenergic receptor,9606,Not Active,,IC50,,,,
,Inhibition < 50% @ 10 uM and thus dose-reponse curve not measured,7709322,[],CHEMBL1909091,DRUGMATRIX: Adrenergic beta1 radioligand binding (ligand: [125I] Cyanopindolol),B,,,BAO_0000190,BAO_0000249,cell membrane format,O=C(O)c1cc(-c2ccc(F)cc2F)ccc1O,,,CHEMBL1909046,,,,,CHEMBL898,DIFLUNISAL,CHEMBL898,,0,,1539697,,15,0,,Not active,IC50,,,,CHEMBL213,Homo sapiens,Beta-1 adrenergic receptor,9606,Not Active,,IC50,,,,
,Inhibition < 50% @ 10 uM and thus dose-reponse curve not measured,7709394,[],CHEMBL1909091,DRUGMATRIX: Adrenergic beta1 radioligand binding (ligand: [125I] Cyanopindolol),B,,,BAO_0000190,BAO_0000249,cell membrane format,C[S+](C)[O-],,,CHEMBL1909046,,,,,CHEMBL504,DIMETHYL SULFOXIDE,CHEMBL504,,0,,1539705,,15,0,,Not active,IC50,,,,CHEMBL213,Homo sapiens,Beta-1 adrenergic receptor,9606,Not Active,,IC50,,,,
,Inhibition < 50% @ 10 uM and thus dose-reponse curve not measured,7709960,[],CHEMBL1909091,DRUGMATRIX: Adrenergic beta1 radioligand binding (ligand: [125I] Cyanopindolol),B,,,BAO_0000190,BAO_0000249,cell membrane format,CCCNC(=O)NS(=O)(=O)c1ccc(Cl)cc1,,,CHEMBL1909046,,,,,CHEMBL498,CHLORPROPAMIDE,CHEMBL498,,0,,1539607,,15,0,,Not active,IC50,,,,CHEMBL213,Homo sapiens,Beta-1 adrenergic receptor,9606,Not Active,,IC50,,,,
,Inhibition < 50% @ 10 uM and thus dose-reponse curve not measured,7710105,[],CHEMBL1909091,DRUGMATRIX: Adrenergic beta1 radioligand binding (ligand: [125I] Cyanopindolol),B,,,BAO_0000190,BAO_0000249,cell membrane format,,,,CHEMBL1909046,,,,,CHEMBL1200528,CHROMIC CHLORIDE,CHEMBL1200528,,0,,1539615,,15,0,,Not active,IC50,,,,CHEMBL213,Homo sapiens,Beta-1 adrenergic receptor,9606,Not Active,,IC50,,,,
,Inhibition < 50% @ 10 uM and thus dose-reponse curve not measured,7710194,[],CHEMBL1909091,DRUGMATRIX: Adrenergic beta1 radioligand binding (ligand: [125I] Cyanopindolol),B,,,BAO_0000190,BAO_0000249,cell membrane format,CC(C)(Oc1ccc(C2CC2(Cl)Cl)cc1)C(=O)O,,,CHEMBL1909046,,,,,CHEMBL557555,CIPROFIBRATE,CHEMBL557555,,0,,1539623,,15,0,,Not active,IC50,,,,CHEMBL213,Homo sapiens,Beta-1 adrenergic receptor,9606,Not Active,,IC50,,,,
,Inhibition < 50% @ 10 uM and thus dose-reponse curve not measured,7710284,[],CHEMBL1909091,DRUGMATRIX: Adrenergic beta1 radioligand binding (ligand: [125I] Cyanopindolol),B,,,BAO_0000190,BAO_0000249,cell membrane format,CC[C@H]1OC(=O)[C@H](C)[C@@H](O[C@H]2C[C@@](C)(OC)[C@@H](O)[C@H](C)O2)[C@H](C)[C@@H](O[C@@H]2O[C@H](C)C[C@H](N(C)C)[C@H]2O)[C@](C)(OC)C[C@@H](C)C(=O)[C@H](C)[C@@H](O)[C@]1(C)O,,,CHEMBL1909046,,,,,CHEMBL1741,CLARITHROMYCIN,CHEMBL1741,,0,,1539631,,15,0,,Not active,IC50,,,,CHEMBL213,Homo sapiens,Beta-1 adrenergic receptor,9606,Not Active,,IC50,,,,
,Inhibition < 50% @ 10 uM and thus dose-reponse curve not measured,7711094,[],CHEMBL1909091,DRUGMATRIX: Adrenergic beta1 radioligand binding (ligand: [125I] Cyanopindolol),B,,,BAO_0000190,BAO_0000249,cell membrane format,CN1C[C@@H]2C[C@H]1CN2c1cc2c(cc1F)c(=O)c(C(=O)O)cn2C1CC1,,,CHEMBL1909046,,,,,CHEMBL157548,DANOFLOXACIN,CHEMBL157548,,0,,1539673,,15,0,,Not active,IC50,,,,CHEMBL213,Homo sapiens,Beta-1 adrenergic receptor,9606,Not Active,,IC50,,,,
,Inhibition < 50% @ 10 uM and thus dose-reponse curve not measured,7711199,[],CHEMBL1909091,DRUGMATRIX: Adrenergic beta1 radioligand binding (ligand: [125I] Cyanopindolol),B,,,BAO_0000190,BAO_0000249,cell membrane format,CN(C)CC[C@@H](c1ccc(Cl)cc1)c1ccccn1,,,CHEMBL1909046,,,,,CHEMBL1201353,DEXCHLORPHENIRAMINE,CHEMBL1201353,,0,,1539681,,15,0,,Not active,IC50,,,,CHEMBL213,Homo sapiens,Beta-1 adrenergic receptor,9606,Not Active,,IC50,,,,
,Inhibition < 50% @ 10 uM and thus dose-reponse curve not measured,7711318,[],CHEMBL1909091,DRUGMATRIX: Adrenergic beta1 radioligand binding (ligand: [125I] Cyanopindolol),B,,,BAO_0000190,BAO_0000249,cell membrane format,COP(=O)(OC)OC=C(Cl)Cl,,,CHEMBL1909046,,,,,CHEMBL167911,DICHLORVOS,CHEMBL167911,,0,,1539689,,15,0,,Not active,IC50,,,,CHEMBL213,Homo sapiens,Beta-1 adrenergic receptor,9606,Not Active,,IC50,,,,
,Inhibition < 50% @ 10 uM and thus dose-reponse curve not measured,7711750,[],CHEMBL1909091,DRUGMATRIX: Adrenergic beta1 radioligand binding (ligand: [125I] Cyanopindolol),B,,,BAO_0000190,BAO_0000249,cell membrane format,CCN1CC(CCN2CCOCC2)C(c2ccccc2)(c2ccccc2)C1=O,,,CHEMBL1909046,,,,,CHEMBL1754,DOXAPRAM,CHEMBL1754,,0,,1539714,,15,0,,Not active,IC50,,,,CHEMBL213,Homo sapiens,Beta-1 adrenergic receptor,9606,Not Active,,IC50,,,,
,,7711854,[],CHEMBL1909091,DRUGMATRIX: Adrenergic beta1 radioligand binding (ligand: [125I] Cyanopindolol),B,,,BAO_0000190,BAO_0000249,cell membrane format,COc1ccccc1OCCNCC(O)COc1cccc2[nH]c3ccccc3c12,,,CHEMBL1909046,,,"{'bei': '23.99', 'le': '0.44', 'lle': '6.01', 'sei': '12.87'}",,CHEMBL723,CARVEDILOL,CHEMBL723,9.75,0,http://www.openphacts.org/units/Nanomolar,1539591,=,15,1,=,,IC50,nM,,0.178,CHEMBL213,Homo sapiens,Beta-1 adrenergic receptor,9606,,,IC50,uM,UO_0000065,,0.000178
,Inhibition < 50% @ 10 uM and thus dose-reponse curve not measured,7711963,[],CHEMBL1909091,DRUGMATRIX: Adrenergic beta1 radioligand binding (ligand: [125I] Cyanopindolol),B,,,BAO_0000190,BAO_0000249,cell membrane format,CCCCCCCCCCCCCCCC[n+]1ccccc1.[Br-],,,CHEMBL1909046,,,,,CHEMBL334255,CETYLPYRIDINIUM BROMIDE,CHEMBL305906,,0,,1539599,,15,0,,Not active,IC50,,,,CHEMBL213,Homo sapiens,Beta-1 adrenergic receptor,9606,Not Active,,IC50,,,,
,Inhibition < 50% @ 10 uM and thus dose-reponse curve not measured,7712639,[],CHEMBL1909091,DRUGMATRIX: Adrenergic beta1 radioligand binding (ligand: [125I] Cyanopindolol),B,,,BAO_0000190,BAO_0000249,cell membrane format,O=C1CN=C(c2ccccc2Cl)c2cc([N+](=O)[O-])ccc2N1,,,CHEMBL1909046,,,,,CHEMBL452,CLONAZEPAM,CHEMBL452,,0,,1539640,,15,0,,Not active,IC50,,,,CHEMBL213,Homo sapiens,Beta-1 adrenergic receptor,9606,Not Active,,IC50,,,,
,Inhibition < 50% @ 10 uM and thus dose-reponse curve not measured,7713097,[],CHEMBL1909091,DRUGMATRIX: Adrenergic beta1 radioligand binding (ligand: [125I] Cyanopindolol),B,,,BAO_0000190,BAO_0000249,cell membrane format,NNCCc1ccccc1,,,CHEMBL1909046,,,,,CHEMBL1089,PHENELZINE,CHEMBL1089,,0,,1540045,,15,0,,Not active,IC50,,,,CHEMBL213,Homo sapiens,Beta-1 adrenergic receptor,9606,Not Active,,IC50,,,,
,Inhibition < 50% @ 10 uM and thus dose-reponse curve not measured,7713204,[],CHEMBL1909091,DRUGMATRIX: Adrenergic beta1 radioligand binding (ligand: [125I] Cyanopindolol),B,,,BAO_0000190,BAO_0000249,cell membrane format,O=C1NC(=O)C(c2ccccc2)(c2ccccc2)N1,,,CHEMBL1909046,,,,,CHEMBL16,PHENYTOIN,CHEMBL16,,0,,1540053,,15,0,,Not active,IC50,,,,CHEMBL213,Homo sapiens,Beta-1 adrenergic receptor,9606,Not Active,,IC50,,,,
,Inhibition < 50% @ 10 uM and thus dose-reponse curve not measured,7713301,[],CHEMBL1909091,DRUGMATRIX: Adrenergic beta1 radioligand binding (ligand: [125I] Cyanopindolol),B,,,BAO_0000190,BAO_0000249,cell membrane format,NC(=O)CN1CCCC1=O,,,CHEMBL1909046,,,,,CHEMBL36715,PIRACETAM,CHEMBL36715,,0,,1540061,,15,0,,Not active,IC50,,,,CHEMBL213,Homo sapiens,Beta-1 adrenergic receptor,9606,Not Active,,IC50,,,,
,Inhibition < 50% @ 10 uM and thus dose-reponse curve not measured,7713443,[],CHEMBL1909091,DRUGMATRIX: Adrenergic beta1 radioligand binding (ligand: [125I] Cyanopindolol),B,,,BAO_0000190,BAO_0000249,cell membrane format,CCCCOc1ccc(OCCCN2CCOCC2)cc1,,,CHEMBL1909046,,,,,CHEMBL1198,PRAMOXINE,CHEMBL1198,,0,,1540069,,15,0,,Not active,IC50,,,,CHEMBL213,Homo sapiens,Beta-1 adrenergic receptor,9606,Not Active,,IC50,,,,
,Inhibition < 50% @ 10 uM and thus dose-reponse curve not measured,7713563,[],CHEMBL1909091,DRUGMATRIX: Adrenergic beta1 radioligand binding (ligand: [125I] Cyanopindolol),B,,,BAO_0000190,BAO_0000249,cell membrane format,COc1cc(NC(C)CCCN)c2ncccc2c1,,,CHEMBL1909046,,,,,CHEMBL506,PRIMAQUINE,CHEMBL506,,0,,1540077,,15,0,,Not active,IC50,,,,CHEMBL213,Homo sapiens,Beta-1 adrenergic receptor,9606,Not Active,,IC50,,,,
,Inhibition < 50% @ 10 uM and thus dose-reponse curve not measured,7713665,[],CHEMBL1909091,DRUGMATRIX: Adrenergic beta1 radioligand binding (ligand: [125I] Cyanopindolol),B,,,BAO_0000190,BAO_0000249,cell membrane format,CC(=O)[C@H]1CC[C@H]2[C@@H]3CCC4=CC(=O)CC[C@]4(C)[C@H]3CC[C@]12C,,,CHEMBL1909046,,,,,CHEMBL103,PROGESTERONE,CHEMBL103,,0,,1540085,,15,0,,Not active,IC50,,,,CHEMBL213,Homo sapiens,Beta-1 adrenergic receptor,9606,Not Active,,IC50,,,,
,Inhibition < 50% @ 10 uM and thus dose-reponse curve not measured,7714030,[],CHEMBL1909091,DRUGMATRIX: Adrenergic beta1 radioligand binding (ligand: [125I] Cyanopindolol),B,,,BAO_0000190,BAO_0000249,cell membrane format,CCOC(=O)[C@H](CCc1ccccc1)N[C@@H](C)C(=O)N1Cc2ccccc2C[C@H]1C(=O)O,,,CHEMBL1909046,,,,,CHEMBL1592,QUINAPRIL,CHEMBL1592,,0,,1540102,,15,0,,Not active,IC50,,,,CHEMBL213,Homo sapiens,Beta-1 adrenergic receptor,9606,Not Active,,IC50,,,,
,Inhibition < 50% @ 10 uM and thus dose-reponse curve not measured,7714110,[],CHEMBL1909091,DRUGMATRIX: Adrenergic beta1 radioligand binding (ligand: [125I] Cyanopindolol),B,,,BAO_0000190,BAO_0000249,cell membrane format,CN(C)C(=O)Oc1cccc([N+](C)(C)C)c1.[Br-],,,CHEMBL1909046,,,,,CHEMBL54126,NEOSTIGMINE BROMIDE,CHEMBL278020,,0,,1539981,,15,0,,Not active,IC50,,,,CHEMBL213,Homo sapiens,Beta-1 adrenergic receptor,9606,Not Active,,IC50,,,,
,Inhibition < 50% @ 10 uM and thus dose-reponse curve not measured,7714238,[],CHEMBL1909091,DRUGMATRIX: Adrenergic beta1 radioligand binding (ligand: [125I] Cyanopindolol),B,,,BAO_0000190,BAO_0000249,cell membrane format,O=C(N/N=C/c1ccc([N+](=O)[O-])o1)c1cc([N+](=O)[O-])cc([N+](=O)[O-])c1O,,,CHEMBL1909046,,,,,CHEMBL485549,NIFURSOL,CHEMBL485549,,0,,1539989,,15,0,,Not active,IC50,,,,CHEMBL213,Homo sapiens,Beta-1 adrenergic receptor,9606,Not Active,,IC50,,,,
,Inhibition < 50% @ 10 uM and thus dose-reponse curve not measured,7714358,[],CHEMBL1909091,DRUGMATRIX: Adrenergic beta1 radioligand binding (ligand: [125I] Cyanopindolol),B,,,BAO_0000190,BAO_0000249,cell membrane format,CNC(=C[N+](=O)[O-])NCCSCc1csc(CN(C)C)n1,,,CHEMBL1909046,,,,,CHEMBL3183075,NIZATIDINE,CHEMBL3183075,,0,,1539997,,15,0,,Not active,IC50,,,,CHEMBL213,Homo sapiens,Beta-1 adrenergic receptor,9606,Not Active,,IC50,,,,
,Inhibition < 50% @ 10 uM and thus dose-reponse curve not measured,7714762,[],CHEMBL1909091,DRUGMATRIX: Adrenergic beta1 radioligand binding (ligand: [125I] Cyanopindolol),B,,,BAO_0000190,BAO_0000249,cell membrane format,Cc1cc(C(C)(C)C)c(O)c(C)c1CC1=NCCN1,,,CHEMBL1909046,,,,,CHEMBL762,OXYMETAZOLINE,CHEMBL762,,0,,1540021,,15,0,,Not active,IC50,,,,CHEMBL213,Homo sapiens,Beta-1 adrenergic receptor,9606,Not Active,,IC50,,,,
,Inhibition < 50% @ 10 uM and thus dose-reponse curve not measured,7714885,[],CHEMBL1909091,DRUGMATRIX: Adrenergic beta1 radioligand binding (ligand: [125I] Cyanopindolol),B,,,BAO_0000190,BAO_0000249,cell membrane format,C[n+]1ccc(-c2cc[n+](C)cc2)cc1.[Cl-].[Cl-],,,CHEMBL1909046,,,,,CHEMBL458019,PARAQUAT DICHLORIDE,CHEMBL74469,,0,,1540029,,15,0,,Not active,IC50,,,,CHEMBL213,Homo sapiens,Beta-1 adrenergic receptor,9606,Not Active,,IC50,,,,
,Inhibition < 50% @ 10 uM and thus dose-reponse curve not measured,7715011,[],CHEMBL1909091,DRUGMATRIX: Adrenergic beta1 radioligand binding (ligand: [125I] Cyanopindolol),B,,,BAO_0000190,BAO_0000249,cell membrane format,CC1(C)S[C@@H]2[C@H](NC(=O)Cc3ccccc3)C(=O)N2[C@H]1C(=O)O,,,CHEMBL1909046,,,,,CHEMBL29,PENICILLIN G,CHEMBL29,,0,,1540037,,15,0,,Not active,IC50,,,,CHEMBL213,Homo sapiens,Beta-1 adrenergic receptor,9606,Not Active,,IC50,,,,
,Inhibition < 50% @ 10 uM and thus dose-reponse curve not measured,7715955,[],CHEMBL1909091,DRUGMATRIX: Adrenergic beta1 radioligand binding (ligand: [125I] Cyanopindolol),B,,,BAO_0000190,BAO_0000249,cell membrane format,CCCc1cc(=O)[nH]c(=S)[nH]1,,,CHEMBL1909046,,,,,CHEMBL1518,PROPYLTHIOURACIL,CHEMBL1518,,0,,1540094,,15,0,,Not active,IC50,,,,CHEMBL213,Homo sapiens,Beta-1 adrenergic receptor,9606,Not Active,,IC50,,,,
,Inhibition < 50% @ 10 uM and thus dose-reponse curve not measured,7716699,[],CHEMBL1909091,DRUGMATRIX: Adrenergic beta1 radioligand binding (ligand: [125I] Cyanopindolol),B,,,BAO_0000190,BAO_0000249,cell membrane format,,,,CHEMBL1909046,,,,,CHEMBL5465559,NYSTATIN,CHEMBL5465559,,0,,1540006,,15,0,,Not active,IC50,,,,CHEMBL213,Homo sapiens,Beta-1 adrenergic receptor,9606,Not Active,,IC50,,,,
,Inhibition < 50% @ 10 uM and thus dose-reponse curve not measured,7716795,[],CHEMBL1909091,DRUGMATRIX: Adrenergic beta1 radioligand binding (ligand: [125I] Cyanopindolol),B,,,BAO_0000190,BAO_0000249,cell membrane format,C[C@@H]1O[C@@H](O[C@H]2C[C@@H](O)[C@]3(CO)[C@H]4[C@H](O)C[C@]5(C)[C@@H](C6=CC(=O)OC6)CC[C@]5(O)[C@@H]4CC[C@]3(O)C2)[C@H](O)[C@H](O)[C@H]1O,,,CHEMBL1909046,,,,,CHEMBL222863,OUABAIN,CHEMBL222863,,0,,1540014,,15,0,,Not active,IC50,,,,CHEMBL213,Homo sapiens,Beta-1 adrenergic receptor,9606,Not Active,,IC50,,,,
,Inhibition < 50% @ 10 uM and thus dose-reponse curve not measured,7717351,[],CHEMBL1909091,DRUGMATRIX: Adrenergic beta1 radioligand binding (ligand: [125I] Cyanopindolol),B,,,BAO_0000190,BAO_0000249,cell membrane format,O=C1c2ccccc2C(=O)C1c1ccccc1,,,CHEMBL1909046,,,,,CHEMBL711,PHENINDIONE,CHEMBL711,,0,,1540046,,15,0,,Not active,IC50,,,,CHEMBL213,Homo sapiens,Beta-1 adrenergic receptor,9606,Not Active,,IC50,,,,
,Inhibition < 50% @ 10 uM and thus dose-reponse curve not measured,7717463,[],CHEMBL1909091,DRUGMATRIX: Adrenergic beta1 radioligand binding (ligand: [125I] Cyanopindolol),B,,,BAO_0000190,BAO_0000249,cell membrane format,CNC(=O)Oc1ccc2c(c1)[C@]1(C)CCN(C)[C@@H]1N2C,,,CHEMBL1909046,,,,,CHEMBL94,PHYSOSTIGMINE,CHEMBL94,,0,,1540054,,15,0,,Not active,IC50,,,,CHEMBL213,Homo sapiens,Beta-1 adrenergic receptor,9606,Not Active,,IC50,,,,
,Inhibition < 50% @ 10 uM and thus dose-reponse curve not measured,7717562,[],CHEMBL1909091,DRUGMATRIX: Adrenergic beta1 radioligand binding (ligand: [125I] Cyanopindolol),B,,,BAO_0000190,BAO_0000249,cell membrane format,Cc1cccc(Nc2cc(Cl)nc(SCC(=O)O)n2)c1C,,,CHEMBL1909046,,,,,CHEMBL295416,PIRINIXIC ACID,CHEMBL295416,,0,,1540062,,15,0,,Not active,IC50,,,,CHEMBL213,Homo sapiens,Beta-1 adrenergic receptor,9606,Not Active,,IC50,,,,
,Inhibition < 50% @ 10 uM and thus dose-reponse curve not measured,7717705,[],CHEMBL1909091,DRUGMATRIX: Adrenergic beta1 radioligand binding (ligand: [125I] Cyanopindolol),B,,,BAO_0000190,BAO_0000249,cell membrane format,CC[C@H](C)C(=O)O[C@H]1C[C@H](O)C=C2C=C[C@H](C)[C@H](CC[C@@H](O)C[C@@H](O)CC(=O)O)[C@H]21,,,CHEMBL1909046,,,,,CHEMBL1144,PRAVASTATIN,CHEMBL1144,,0,,1540070,,15,0,,Not active,IC50,,,,CHEMBL213,Homo sapiens,Beta-1 adrenergic receptor,9606,Not Active,,IC50,,,,
,Inhibition < 50% @ 10 uM and thus dose-reponse curve not measured,7717826,[],CHEMBL1909091,DRUGMATRIX: Adrenergic beta1 radioligand binding (ligand: [125I] Cyanopindolol),B,,,BAO_0000190,BAO_0000249,cell membrane format,CCC1(c2ccccc2)C(=O)NCNC1=O,,,CHEMBL1909046,,,,,CHEMBL856,PRIMIDONE,CHEMBL856,,0,,1540078,,15,0,,Not active,IC50,,,,CHEMBL213,Homo sapiens,Beta-1 adrenergic receptor,9606,Not Active,,IC50,,,,
,Inhibition < 50% @ 10 uM and thus dose-reponse curve not measured,7717922,[],CHEMBL1909091,DRUGMATRIX: Adrenergic beta1 radioligand binding (ligand: [125I] Cyanopindolol),B,,,BAO_0000190,BAO_0000249,cell membrane format,CCCN(CCC)C(=O)C(CCC(=O)O)NC(=O)c1ccccc1,,,CHEMBL1909046,,,,,CHEMBL316561,PROGLUMIDE,CHEMBL316561,,0,,1540086,,15,0,,Not active,IC50,,,,CHEMBL213,Homo sapiens,Beta-1 adrenergic receptor,9606,Not Active,,IC50,,,,
,Inhibition < 50% @ 10 uM and thus dose-reponse curve not measured,7718368,[],CHEMBL1909091,DRUGMATRIX: Adrenergic beta1 radioligand binding (ligand: [125I] Cyanopindolol),B,,,BAO_0000190,BAO_0000249,cell membrane format,CCN[C@@H]1C[C@H](N)[C@@H](O[C@H]2OC(CN)=CC[C@H]2N)[C@H](O)[C@H]1O[C@H]1OC[C@](C)(O)[C@H](NC)[C@H]1O,,,CHEMBL1909046,,,,,CHEMBL1572,NETILMICIN,CHEMBL1572,,0,,1539982,,15,0,,Not active,IC50,,,,CHEMBL213,Homo sapiens,Beta-1 adrenergic receptor,9606,Not Active,,IC50,,,,
,Inhibition < 50% @ 10 uM and thus dose-reponse curve not measured,7718494,[],CHEMBL1909091,DRUGMATRIX: Adrenergic beta1 radioligand binding (ligand: [125I] Cyanopindolol),B,,,BAO_0000190,BAO_0000249,cell membrane format,CS(=O)(=O)Nc1ccc([N+](=O)[O-])cc1Oc1ccccc1,,,CHEMBL1909046,,,,,CHEMBL56367,NIMESULIDE,CHEMBL56367,,0,,1539990,,15,0,,Not active,IC50,,,,CHEMBL213,Homo sapiens,Beta-1 adrenergic receptor,9606,Not Active,,IC50,,,,
,Inhibition < 50% @ 10 uM and thus dose-reponse curve not measured,7718616,[],CHEMBL1909091,DRUGMATRIX: Adrenergic beta1 radioligand binding (ligand: [125I] Cyanopindolol),B,,,BAO_0000190,BAO_0000249,cell membrane format,COC(=O)Nc1nc2cc(C(=O)c3cccs3)ccc2[nH]1,,,CHEMBL1909046,,,,,CHEMBL9514,NOCODAZOLE,CHEMBL9514,,0,,1539998,,15,0,,Not active,IC50,,,,CHEMBL213,Homo sapiens,Beta-1 adrenergic receptor,9606,Not Active,,IC50,,,,
,Inhibition < 50% @ 10 uM and thus dose-reponse curve not measured,7718991,[],CHEMBL1909091,DRUGMATRIX: Adrenergic beta1 radioligand binding (ligand: [125I] Cyanopindolol),B,,,BAO_0000190,BAO_0000249,cell membrane format,C[C@]12C/C(=C/O)C(=O)C[C@@H]1CC[C@@H]1[C@@H]2CC[C@@]2(C)[C@H]1CC[C@]2(C)O,,,CHEMBL1909046,,,,,CHEMBL1200585,OXYMETHOLONE,CHEMBL1200585,,0,,1540022,,15,0,,Not active,IC50,,,,CHEMBL213,Homo sapiens,Beta-1 adrenergic receptor,9606,Not Active,,IC50,,,,
,Inhibition < 50% @ 10 uM and thus dose-reponse curve not measured,7719124,[],CHEMBL1909091,DRUGMATRIX: Adrenergic beta1 radioligand binding (ligand: [125I] Cyanopindolol),B,,,BAO_0000190,BAO_0000249,cell membrane format,Fc1ccc([C@@H]2CCNC[C@H]2COc2ccc3c(c2)OCO3)cc1,,,CHEMBL1909046,,,,,CHEMBL490,PAROXETINE,CHEMBL490,,0,,1540030,,15,0,,Not active,IC50,,,,CHEMBL213,Homo sapiens,Beta-1 adrenergic receptor,9606,Not Active,,IC50,,,,
,Inhibition < 50% @ 10 uM and thus dose-reponse curve not measured,7719258,[],CHEMBL1909091,DRUGMATRIX: Adrenergic beta1 radioligand binding (ligand: [125I] Cyanopindolol),B,,,BAO_0000190,BAO_0000249,cell membrane format,N=C(N)c1ccc(OCCCCCOc2ccc(C(=N)N)cc2)cc1,,,CHEMBL1909046,,,,,CHEMBL55,PENTAMIDINE,CHEMBL55,,0,,1540038,,15,0,,Not active,IC50,,,,CHEMBL213,Homo sapiens,Beta-1 adrenergic receptor,9606,Not Active,,IC50,,,,
,Inhibition < 50% @ 10 uM and thus dose-reponse curve not measured,7720185,[],CHEMBL1909091,DRUGMATRIX: Adrenergic beta1 radioligand binding (ligand: [125I] Cyanopindolol),B,,,BAO_0000190,BAO_0000249,cell membrane format,CN(C)CCCN1c2ccccc2Sc2ccccc21,,,CHEMBL1909046,,,,,CHEMBL564,PROMAZINE,CHEMBL564,,0,,1540087,,15,0,,Not active,IC50,,,,CHEMBL213,Homo sapiens,Beta-1 adrenergic receptor,9606,Not Active,,IC50,,,,
,Inhibition < 50% @ 10 uM and thus dose-reponse curve not measured,7720218,[],CHEMBL1909091,DRUGMATRIX: Adrenergic beta1 radioligand binding (ligand: [125I] Cyanopindolol),B,,,BAO_0000190,BAO_0000249,cell membrane format,C[C@@H]1O[C@@H](O[C@@H]2C=C3CC[C@@H]4[C@H](CC[C@]5(C)[C@@H](c6ccc(=O)oc6)CC[C@]45O)[C@@]3(C)CC2)[C@H](O)[C@H](O)[C@H]1O,,,CHEMBL1909046,,,,,CHEMBL600325,PROSCILLARIDIN,CHEMBL600325,,0,,1540095,,15,0,,Not active,IC50,,,,CHEMBL213,Homo sapiens,Beta-1 adrenergic receptor,9606,Not Active,,IC50,,,,
,Inhibition < 50% @ 10 uM and thus dose-reponse curve not measured,7720427,[],CHEMBL1909091,DRUGMATRIX: Adrenergic beta1 radioligand binding (ligand: [125I] Cyanopindolol),B,,,BAO_0000190,BAO_0000249,cell membrane format,,,,CHEMBL1909046,,,,,CHEMBL1909075,,CHEMBL1909075,,0,,1540103,,15,0,,Not active,IC50,,,,CHEMBL213,Homo sapiens,Beta-1 adrenergic receptor,9606,Not Active,,IC50,,,,
,Inhibition < 50% @ 10 uM and thus dose-reponse curve not measured,7720965,[],CHEMBL1909091,DRUGMATRIX: Adrenergic beta1 radioligand binding (ligand: [125I] Cyanopindolol),B,,,BAO_0000190,BAO_0000249,cell membrane format,COc1ccccc1N,,,CHEMBL1909046,,,,,CHEMBL1612004,,CHEMBL1612004,,0,,1540007,,15,0,,Not active,IC50,,,,CHEMBL213,Homo sapiens,Beta-1 adrenergic receptor,9606,Not Active,,IC50,,,,
,Inhibition < 50% @ 10 uM and thus dose-reponse curve not measured,7721053,[],CHEMBL1909091,DRUGMATRIX: Adrenergic beta1 radioligand binding (ligand: [125I] Cyanopindolol),B,,,BAO_0000190,BAO_0000249,cell membrane format,,,,CHEMBL1909046,,,,,CHEMBL414804,OXALIPLATIN,CHEMBL414804,,0,,1540015,,15,0,,Not active,IC50,,,,CHEMBL213,Homo sapiens,Beta-1 adrenergic receptor,9606,Not Active,,IC50,,,,
,Inhibition < 50% @ 10 uM and thus dose-reponse curve not measured,7721513,[],CHEMBL1909091,DRUGMATRIX: Adrenergic beta1 radioligand binding (ligand: [125I] Cyanopindolol),B,,,BAO_0000190,BAO_0000249,cell membrane format,CC(=O)CCCCn1c(=O)c2c(ncn2C)n(C)c1=O,,,CHEMBL1909046,,,,,CHEMBL628,PENTOXIFYLLINE,CHEMBL628,,0,,1540039,,15,0,,Not active,IC50,,,,CHEMBL213,Homo sapiens,Beta-1 adrenergic receptor,9606,Not Active,,IC50,,,,
,Inhibition < 50% @ 10 uM and thus dose-reponse curve not measured,7721614,[],CHEMBL1909091,DRUGMATRIX: Adrenergic beta1 radioligand binding (ligand: [125I] Cyanopindolol),B,,,BAO_0000190,BAO_0000249,cell membrane format,CCC1(c2ccccc2)C(=O)NC(=O)NC1=O,,,CHEMBL1909046,,,,,CHEMBL40,PHENOBARBITAL,CHEMBL40,,0,,1540047,,15,0,,Not active,IC50,,,,CHEMBL213,Homo sapiens,Beta-1 adrenergic receptor,9606,Not Active,,IC50,,,,
,Inhibition < 50% @ 10 uM and thus dose-reponse curve not measured,7721724,[],CHEMBL1909091,DRUGMATRIX: Adrenergic beta1 radioligand binding (ligand: [125I] Cyanopindolol),B,,,BAO_0000190,BAO_0000249,cell membrane format,C[C@@H]1C/C=C/C=C/C=C/C=C/[C@H](O[C@@H]2O[C@H](C)[C@@H](O)[C@H](N)[C@@H]2O)C[C@@H]2O[C@](O)(C[C@@H](O)C[C@H]3O[C@@H]3/C=C/C(=O)O1)C[C@H](O)[C@H]2C(=O)O,,,CHEMBL1909046,,,,,CHEMBL1200656,NATAMYCIN,CHEMBL1200656,,0,,1540055,,15,0,,Not active,IC50,,,,CHEMBL213,Homo sapiens,Beta-1 adrenergic receptor,9606,Not Active,,IC50,,,,
,Inhibition < 50% @ 10 uM and thus dose-reponse curve not measured,7721822,[],CHEMBL1909091,DRUGMATRIX: Adrenergic beta1 radioligand binding (ligand: [125I] Cyanopindolol),B,,,BAO_0000190,BAO_0000249,cell membrane format,CCn1cc(C(=O)O)c(=O)c2cnc(N3CCCC3)nc21,,,CHEMBL1909046,,,,,CHEMBL311350,PIROMIDIC ACID,CHEMBL311350,,0,,1540063,,15,0,,Not active,IC50,,,,CHEMBL213,Homo sapiens,Beta-1 adrenergic receptor,9606,Not Active,,IC50,,,,
,Inhibition < 50% @ 10 uM and thus dose-reponse curve not measured,7721961,[],CHEMBL1909091,DRUGMATRIX: Adrenergic beta1 radioligand binding (ligand: [125I] Cyanopindolol),B,,,BAO_0000190,BAO_0000249,cell membrane format,O=C(C1CCCCC1)N1CC(=O)N2CCc3ccccc3C2C1,,,CHEMBL1909046,,,,,CHEMBL976,PRAZIQUANTEL,CHEMBL976,,0,,1540071,,15,0,,Not active,IC50,,,,CHEMBL213,Homo sapiens,Beta-1 adrenergic receptor,9606,Not Active,,IC50,,,,
,Inhibition < 50% @ 10 uM and thus dose-reponse curve not measured,7722083,[],CHEMBL1909091,DRUGMATRIX: Adrenergic beta1 radioligand binding (ligand: [125I] Cyanopindolol),B,,,BAO_0000190,BAO_0000249,cell membrane format,CCCN(CCC)S(=O)(=O)c1ccc(C(=O)O)cc1,,,CHEMBL1909046,,,,,CHEMBL897,PROBENECID,CHEMBL897,,0,,1540079,,15,0,,Not active,IC50,,,,CHEMBL213,Homo sapiens,Beta-1 adrenergic receptor,9606,Not Active,,IC50,,,,
,Inhibition < 50% @ 10 uM and thus dose-reponse curve not measured,7722644,[],CHEMBL1909091,DRUGMATRIX: Adrenergic beta1 radioligand binding (ligand: [125I] Cyanopindolol),B,,,BAO_0000190,BAO_0000249,cell membrane format,Cc1ccnc2c1NC(=O)c1cccnc1N2C1CC1,,,CHEMBL1909046,,,,,CHEMBL57,NEVIRAPINE,CHEMBL57,,0,,1539983,,15,0,,Not active,IC50,,,,CHEMBL213,Homo sapiens,Beta-1 adrenergic receptor,9606,Not Active,,IC50,,,,
,Inhibition < 50% @ 10 uM and thus dose-reponse curve not measured,7722766,[],CHEMBL1909091,DRUGMATRIX: Adrenergic beta1 radioligand binding (ligand: [125I] Cyanopindolol),B,,,BAO_0000190,BAO_0000249,cell membrane format,CN1C(=O)CN=C(c2ccccc2)c2cc([N+](=O)[O-])ccc21,,,CHEMBL1909046,,,,,CHEMBL13341,NIMETAZEPAM,CHEMBL13341,,0,,1539991,,15,0,,Not active,IC50,,,,CHEMBL213,Homo sapiens,Beta-1 adrenergic receptor,9606,Not Active,,IC50,,,,
,Inhibition < 50% @ 10 uM and thus dose-reponse curve not measured,7722885,[],CHEMBL1909091,DRUGMATRIX: Adrenergic beta1 radioligand binding (ligand: [125I] Cyanopindolol),B,,,BAO_0000190,BAO_0000249,cell membrane format,C#C[C@]1(O)CC[C@H]2[C@@H]3CCC4=CC(=O)CC[C@@H]4[C@H]3CC[C@@]21C,,,CHEMBL1909046,,,,,CHEMBL1162,NORETHINDRONE,CHEMBL1162,,0,,1539999,,15,0,,Not active,IC50,,,,CHEMBL213,Homo sapiens,Beta-1 adrenergic receptor,9606,Not Active,,IC50,,,,
,Inhibition < 50% @ 10 uM and thus dose-reponse curve not measured,7723267,[],CHEMBL1909091,DRUGMATRIX: Adrenergic beta1 radioligand binding (ligand: [125I] Cyanopindolol),B,,,BAO_0000190,BAO_0000249,cell membrane format,Oc1cccc2cccnc12,,,CHEMBL1909046,,,,,CHEMBL310555,OXYQUINOLINE,CHEMBL310555,,0,,1540023,,15,0,,Not active,IC50,,,,CHEMBL213,Homo sapiens,Beta-1 adrenergic receptor,9606,Not Active,,IC50,,,,
,Inhibition < 50% @ 10 uM and thus dose-reponse curve not measured,7723383,[],CHEMBL1909091,DRUGMATRIX: Adrenergic beta1 radioligand binding (ligand: [125I] Cyanopindolol),B,,,BAO_0000190,BAO_0000249,cell membrane format,C=C1C(=O)O[C@@H]2C3O[C@]3(C)CC/C=C(\C)CC[C@@H]12,,,CHEMBL1909046,,,,,CHEMBL4298697,,CHEMBL4298697,,0,,1540031,,15,0,,Not active,IC50,,,,CHEMBL213,Homo sapiens,Beta-1 adrenergic receptor,9606,Not Active,,IC50,,,,
,Inhibition < 50% @ 10 uM and thus dose-reponse curve not measured,7724410,[],CHEMBL1909091,DRUGMATRIX: Adrenergic beta1 radioligand binding (ligand: [125I] Cyanopindolol),B,,,BAO_0000190,BAO_0000249,cell membrane format,CC(CN1c2ccccc2Sc2ccccc21)N(C)C,,,CHEMBL1909046,,,,,CHEMBL643,PROMETHAZINE,CHEMBL643,,0,,1540088,,15,0,,Not active,IC50,,,,CHEMBL213,Homo sapiens,Beta-1 adrenergic receptor,9606,Not Active,,IC50,,,,
,Inhibition < 50% @ 10 uM and thus dose-reponse curve not measured,7724484,[],CHEMBL1909091,DRUGMATRIX: Adrenergic beta1 radioligand binding (ligand: [125I] Cyanopindolol),B,,,BAO_0000190,BAO_0000249,cell membrane format,COc1ccc(C[C@H](N)C(=O)N[C@H]2[C@@H](O)[C@H](n3cnc4c(N(C)C)ncnc43)O[C@@H]2CO)cc1,,,CHEMBL1909046,,,,,CHEMBL469912,PUROMYCIN,CHEMBL469912,,0,,1540096,,15,0,,Not active,IC50,,,,CHEMBL213,Homo sapiens,Beta-1 adrenergic receptor,9606,Not Active,,IC50,,,,
,,7724692,[],CHEMBL1909091,DRUGMATRIX: Adrenergic beta1 radioligand binding (ligand: [125I] Cyanopindolol),B,,,BAO_0000190,BAO_0000249,cell membrane format,CC(C)NC[C@@H](O)COc1cccc2ccccc12,,,CHEMBL1909046,,,"{'bei': '24.80', 'le': '0.46', 'lle': '3.85', 'sei': '15.50'}",,CHEMBL275742,DEXPROPRANOLOL,CHEMBL275742,6.43,0,http://www.openphacts.org/units/Nanomolar,1540104,=,15,1,=,,IC50,nM,,370.0,CHEMBL213,Homo sapiens,Beta-1 adrenergic receptor,9606,,,IC50,uM,UO_0000065,,0.37
,Inhibition < 50% @ 10 uM and thus dose-reponse curve not measured,7725231,[],CHEMBL1909091,DRUGMATRIX: Adrenergic beta1 radioligand binding (ligand: [125I] Cyanopindolol),B,,,BAO_0000190,BAO_0000249,cell membrane format,C[C@@H](O)[C@H](CO)NC(=O)[C@@H]1CSSC[C@H](NC(=O)[C@H](N)Cc2ccccc2)C(=O)N[C@@H](Cc2ccccc2)C(=O)N[C@H](Cc2c[nH]c3ccccc23)C(=O)N[C@@H](CCCCN)C(=O)N[C@@H]([C@@H](C)O)C(=O)N1,,,CHEMBL1909046,,,,,CHEMBL3350037,,CHEMBL3350037,,0,,1540008,,15,0,,Not active,IC50,,,,CHEMBL213,Homo sapiens,Beta-1 adrenergic receptor,9606,Not Active,,IC50,,,,
,Inhibition < 50% @ 10 uM and thus dose-reponse curve not measured,7725321,[],CHEMBL1909091,DRUGMATRIX: Adrenergic beta1 radioligand binding (ligand: [125I] Cyanopindolol),B,,,BAO_0000190,BAO_0000249,cell membrane format,O=C(O)CCc1nc(-c2ccccc2)c(-c2ccccc2)o1,,,CHEMBL1909046,,,,,CHEMBL1071,OXAPROZIN,CHEMBL1071,,0,,1540016,,15,0,,Not active,IC50,,,,CHEMBL213,Homo sapiens,Beta-1 adrenergic receptor,9606,Not Active,,IC50,,,,
,Inhibition < 50% @ 10 uM and thus dose-reponse curve not measured,7725766,[],CHEMBL1909091,DRUGMATRIX: Adrenergic beta1 radioligand binding (ligand: [125I] Cyanopindolol),B,,,BAO_0000190,BAO_0000249,cell membrane format,CCCN1C[C@H](CSC)C[C@@H]2c3cccc4[nH]cc(c34)C[C@H]21,,,CHEMBL1909046,,,,,CHEMBL531,PERGOLIDE,CHEMBL531,,0,,1540040,,15,0,,Not active,IC50,,,,CHEMBL213,Homo sapiens,Beta-1 adrenergic receptor,9606,Not Active,,IC50,,,,
,Inhibition < 50% @ 10 uM and thus dose-reponse curve not measured,7725875,[],CHEMBL1909091,DRUGMATRIX: Adrenergic beta1 radioligand binding (ligand: [125I] Cyanopindolol),B,,,BAO_0000190,BAO_0000249,cell membrane format,Oc1ccccc1,,,CHEMBL1909046,,,,,CHEMBL14060,PHENOL,CHEMBL14060,,0,,1540048,,15,0,,Not active,IC50,,,,CHEMBL213,Homo sapiens,Beta-1 adrenergic receptor,9606,Not Active,,IC50,,,,
,,7725985,[],CHEMBL1909091,DRUGMATRIX: Adrenergic beta1 radioligand binding (ligand: [125I] Cyanopindolol),B,,,BAO_0000190,BAO_0000249,cell membrane format,CC(C)NCC(O)COc1cccc2[nH]ccc12,,,CHEMBL1909046,,,"{'bei': '36.39', 'le': '0.69', 'lle': '7.13', 'sei': '15.77'}",,CHEMBL500,PINDOLOL,CHEMBL500,9.04,0,http://www.openphacts.org/units/Nanomolar,1540056,=,15,1,=,,IC50,nM,,0.921,CHEMBL213,Homo sapiens,Beta-1 adrenergic receptor,9606,,,IC50,uM,UO_0000065,,0.000921
,Inhibition < 50% @ 10 uM and thus dose-reponse curve not measured,7726087,[],CHEMBL1909091,DRUGMATRIX: Adrenergic beta1 radioligand binding (ligand: [125I] Cyanopindolol),B,,,BAO_0000190,BAO_0000249,cell membrane format,CN1C(C(=O)Nc2ccccn2)=C(O)c2ccccc2S1(=O)=O,,,CHEMBL1909046,,,,,CHEMBL527,PIROXICAM,CHEMBL527,,0,,1540064,,15,0,,Not active,IC50,,,,CHEMBL213,Homo sapiens,Beta-1 adrenergic receptor,9606,Not Active,,IC50,,,,
,Inhibition < 50% @ 10 uM and thus dose-reponse curve not measured,7726227,[],CHEMBL1909091,DRUGMATRIX: Adrenergic beta1 radioligand binding (ligand: [125I] Cyanopindolol),B,,,BAO_0000190,BAO_0000249,cell membrane format,COc1cc2nc(N3CCN(C(=O)c4ccco4)CC3)nc(N)c2cc1OC,,,CHEMBL1909046,,,,,CHEMBL2,PRAZOSIN,CHEMBL2,,0,,1540072,,15,0,,Not active,IC50,,,,CHEMBL213,Homo sapiens,Beta-1 adrenergic receptor,9606,Not Active,,IC50,,,,
,Inhibition < 50% @ 10 uM and thus dose-reponse curve not measured,7726357,[],CHEMBL1909091,DRUGMATRIX: Adrenergic beta1 radioligand binding (ligand: [125I] Cyanopindolol),B,,,BAO_0000190,BAO_0000249,cell membrane format,CC(C)(Sc1cc(C(C)(C)C)c(O)c(C(C)(C)C)c1)Sc1cc(C(C)(C)C)c(O)c(C(C)(C)C)c1,,,CHEMBL1909046,,,,,CHEMBL608,PROBUCOL,CHEMBL608,,0,,1540080,,15,0,,Not active,IC50,,,,CHEMBL213,Homo sapiens,Beta-1 adrenergic receptor,9606,Not Active,,IC50,,,,
,Inhibition < 50% @ 10 uM and thus dose-reponse curve not measured,7726802,[],CHEMBL1909091,DRUGMATRIX: Adrenergic beta1 radioligand binding (ligand: [125I] Cyanopindolol),B,,,BAO_0000190,BAO_0000249,cell membrane format,C[C@]12CC[C@H]3[C@@H](CCC4=CC(=O)CC[C@@H]43)[C@@H]1CC[C@@H]2O,,,CHEMBL1909046,,,,,CHEMBL757,NANDROLONE,CHEMBL757,,0,,1539976,,15,0,,Not active,IC50,,,,CHEMBL213,Homo sapiens,Beta-1 adrenergic receptor,9606,Not Active,,IC50,,,,
,Inhibition < 50% @ 10 uM and thus dose-reponse curve not measured,7726913,[],CHEMBL1909091,DRUGMATRIX: Adrenergic beta1 radioligand binding (ligand: [125I] Cyanopindolol),B,,,BAO_0000190,BAO_0000249,cell membrane format,O=C(O)c1cccnc1,,,CHEMBL1909046,,,,,CHEMBL573,NIACIN,CHEMBL573,,0,,1539984,,15,0,,Not active,IC50,,,,CHEMBL213,Homo sapiens,Beta-1 adrenergic receptor,9606,Not Active,,IC50,,,,
,Inhibition < 50% @ 10 uM and thus dose-reponse curve not measured,7727033,[],CHEMBL1909091,DRUGMATRIX: Adrenergic beta1 radioligand binding (ligand: [125I] Cyanopindolol),B,,,BAO_0000190,BAO_0000249,cell membrane format,COCCOC(=O)C1=C(C)NC(C)=C(C(=O)OC(C)C)C1c1cccc([N+](=O)[O-])c1,,,CHEMBL1909046,,,,,CHEMBL1428,NIMODIPINE,CHEMBL1428,,0,,1539992,,15,0,,Not active,IC50,,,,CHEMBL213,Homo sapiens,Beta-1 adrenergic receptor,9606,Not Active,,IC50,,,,
,Inhibition < 50% @ 10 uM and thus dose-reponse curve not measured,7727150,[],CHEMBL1909091,DRUGMATRIX: Adrenergic beta1 radioligand binding (ligand: [125I] Cyanopindolol),B,,,BAO_0000190,BAO_0000249,cell membrane format,C#C[C@]1(OC(C)=O)CC[C@H]2[C@@H]3CCC4=CC(=O)CC[C@@H]4[C@H]3CC[C@@]21C,,,CHEMBL1909046,,,,,CHEMBL1201146,NORETHINDRONE ACETATE,CHEMBL1201146,,0,,1540000,,15,0,,Not active,IC50,,,,CHEMBL213,Homo sapiens,Beta-1 adrenergic receptor,9606,Not Active,,IC50,,,,
,Inhibition < 50% @ 10 uM and thus dose-reponse curve not measured,7727537,[],CHEMBL1909091,DRUGMATRIX: Adrenergic beta1 radioligand binding (ligand: [125I] Cyanopindolol),B,,,BAO_0000190,BAO_0000249,cell membrane format,CN(C)[C@@H]1C(O)=C(C(N)=O)C(=O)[C@@]2(O)C(O)=C3C(=O)c4c(O)cccc4[C@@](C)(O)[C@H]3[C@H](O)[C@@H]12,,,CHEMBL1909046,,,,,CHEMBL1517,OXYTETRACYCLINE,CHEMBL1517,,0,,1540024,,15,0,,Not active,IC50,,,,CHEMBL213,Homo sapiens,Beta-1 adrenergic receptor,9606,Not Active,,IC50,,,,
,Inhibition < 50% @ 10 uM and thus dose-reponse curve not measured,7727654,[],CHEMBL1909091,DRUGMATRIX: Adrenergic beta1 radioligand binding (ligand: [125I] Cyanopindolol),B,,,BAO_0000190,BAO_0000249,cell membrane format,CCn1cc(C(=O)O)c(=O)c2cc(F)c(N3CCN(C)CC3)cc21,,,CHEMBL1909046,,,,,CHEMBL267648,PEFLOXACIN,CHEMBL267648,,0,,1540032,,15,0,,Not active,IC50,,,,CHEMBL213,Homo sapiens,Beta-1 adrenergic receptor,9606,Not Active,,IC50,,,,
,,7728659,[],CHEMBL1909091,DRUGMATRIX: Adrenergic beta1 radioligand binding (ligand: [125I] Cyanopindolol),B,,,BAO_0000190,BAO_0000249,cell membrane format,CCCNCC(O)COc1ccccc1C(=O)CCc1ccccc1,,,CHEMBL1909046,,,"{'bei': '18.89', 'le': '0.35', 'lle': '3.21', 'sei': '11.02'}",,CHEMBL631,PROPAFENONE,CHEMBL631,6.45,0,http://www.openphacts.org/units/Nanomolar,1540089,=,15,1,=,,IC50,nM,,354.0,CHEMBL213,Homo sapiens,Beta-1 adrenergic receptor,9606,,,IC50,uM,UO_0000065,,0.354
,Inhibition < 50% @ 10 uM and thus dose-reponse curve not measured,7728770,[],CHEMBL1909091,DRUGMATRIX: Adrenergic beta1 radioligand binding (ligand: [125I] Cyanopindolol),B,,,BAO_0000190,BAO_0000249,cell membrane format,NC(=O)c1cnccn1,,,CHEMBL1909046,,,,,CHEMBL614,PYRAZINAMIDE,CHEMBL614,,0,,1540097,,15,0,,Not active,IC50,,,,CHEMBL213,Homo sapiens,Beta-1 adrenergic receptor,9606,Not Active,,IC50,,,,
,Inhibition < 50% @ 10 uM and thus dose-reponse curve not measured,7729514,[],CHEMBL1909091,DRUGMATRIX: Adrenergic beta1 radioligand binding (ligand: [125I] Cyanopindolol),B,,,BAO_0000190,BAO_0000249,cell membrane format,CC1COc2c(N3CCN(C)CC3)c(F)cc3c(=O)c(C(=O)O)cn1c23,,,CHEMBL1909046,,,,,CHEMBL4,OFLOXACIN,CHEMBL4,,0,,1540009,,15,0,,Not active,IC50,,,,CHEMBL213,Homo sapiens,Beta-1 adrenergic receptor,9606,Not Active,,IC50,,,,
,Inhibition < 50% @ 10 uM and thus dose-reponse curve not measured,7729603,[],CHEMBL1909091,DRUGMATRIX: Adrenergic beta1 radioligand binding (ligand: [125I] Cyanopindolol),B,,,BAO_0000190,BAO_0000249,cell membrane format,NC(=O)N1c2ccccc2CC(=O)c2ccccc21,,,CHEMBL1909046,,,,,CHEMBL1068,OXCARBAZEPINE,CHEMBL1068,,0,,1540017,,15,0,,Not active,IC50,,,,CHEMBL213,Homo sapiens,Beta-1 adrenergic receptor,9606,Not Active,,IC50,,,,
,Inhibition < 50% @ 10 uM and thus dose-reponse curve not measured,7730031,[],CHEMBL1909091,DRUGMATRIX: Adrenergic beta1 radioligand binding (ligand: [125I] Cyanopindolol),B,,,BAO_0000190,BAO_0000249,cell membrane format,C1CCC(C(CC2CCCCN2)C2CCCCC2)CC1,,,CHEMBL1909046,,,,,CHEMBL75880,PERHEXILINE,CHEMBL75880,,0,,1540041,,15,0,,Not active,IC50,,,,CHEMBL213,Homo sapiens,Beta-1 adrenergic receptor,9606,Not Active,,IC50,,,,
,Inhibition < 50% @ 10 uM and thus dose-reponse curve not measured,7730161,[],CHEMBL1909091,DRUGMATRIX: Adrenergic beta1 radioligand binding (ligand: [125I] Cyanopindolol),B,,,BAO_0000190,BAO_0000249,cell membrane format,c1ccc2c(c1)Nc1ccccc1S2,,,CHEMBL1909046,,,,,CHEMBL828,PHENOTHIAZINE,CHEMBL828,,0,,1540049,,15,0,,Not active,IC50,,,,CHEMBL213,Homo sapiens,Beta-1 adrenergic receptor,9606,Not Active,,IC50,,,,
,Inhibition < 50% @ 10 uM and thus dose-reponse curve not measured,7730271,[],CHEMBL1909091,DRUGMATRIX: Adrenergic beta1 radioligand binding (ligand: [125I] Cyanopindolol),B,,,BAO_0000190,BAO_0000249,cell membrane format,CCc1ccc(CCOc2ccc(CC3SC(=O)NC3=O)cc2)nc1,,,CHEMBL1909046,,,,,CHEMBL595,PIOGLITAZONE,CHEMBL595,,0,,1540057,,15,0,,Not active,IC50,,,,CHEMBL213,Homo sapiens,Beta-1 adrenergic receptor,9606,Not Active,,IC50,,,,
,Inhibition < 50% @ 10 uM and thus dose-reponse curve not measured,7730375,[],CHEMBL1909091,DRUGMATRIX: Adrenergic beta1 radioligand binding (ligand: [125I] Cyanopindolol),B,,,BAO_0000190,BAO_0000249,cell membrane format,COc1cc([C@@H]2c3cc4c(cc3[C@H](O)[C@H]3COC(=O)[C@H]23)OCO4)cc(OC)c1OC,,,CHEMBL1909046,,,,,CHEMBL61,PODOFILOX,CHEMBL61,,0,,1540065,,15,0,,Not active,IC50,,,,CHEMBL213,Homo sapiens,Beta-1 adrenergic receptor,9606,Not Active,,IC50,,,,
,Inhibition < 50% @ 10 uM and thus dose-reponse curve not measured,7730504,[],CHEMBL1909091,DRUGMATRIX: Adrenergic beta1 radioligand binding (ligand: [125I] Cyanopindolol),B,,,BAO_0000190,BAO_0000249,cell membrane format,C[C@]12C=CC(=O)C=C1CC[C@@H]1[C@@H]2[C@@H](O)C[C@@]2(C)[C@H]1CC[C@]2(O)C(=O)CO,,,CHEMBL1909046,,,,,CHEMBL131,PREDNISOLONE,CHEMBL131,,0,,1540073,,15,0,,Not active,IC50,,,,CHEMBL213,Homo sapiens,Beta-1 adrenergic receptor,9606,Not Active,,IC50,,,,
,Inhibition < 50% @ 10 uM and thus dose-reponse curve not measured,7730642,[],CHEMBL1909091,DRUGMATRIX: Adrenergic beta1 radioligand binding (ligand: [125I] Cyanopindolol),B,,,BAO_0000190,BAO_0000249,cell membrane format,CCN(CC)CCNC(=O)c1ccc(N)cc1,,,CHEMBL1909046,,,,,CHEMBL640,PROCAINAMIDE,CHEMBL640,,0,,1540081,,15,0,,Not active,IC50,,,,CHEMBL213,Homo sapiens,Beta-1 adrenergic receptor,9606,Not Active,,IC50,,,,
,Inhibition < 50% @ 10 uM and thus dose-reponse curve not measured,7731076,[],CHEMBL1909091,DRUGMATRIX: Adrenergic beta1 radioligand binding (ligand: [125I] Cyanopindolol),B,,,BAO_0000190,BAO_0000249,cell membrane format,COc1ccc2cc([C@H](C)C(=O)O)ccc2c1,,,CHEMBL1909046,,,,,CHEMBL154,NAPROXEN,CHEMBL154,,0,,1539977,,15,0,,Not active,IC50,,,,CHEMBL213,Homo sapiens,Beta-1 adrenergic receptor,9606,Not Active,,IC50,,,,
,Inhibition < 50% @ 10 uM and thus dose-reponse curve not measured,7731192,[],CHEMBL1909091,DRUGMATRIX: Adrenergic beta1 radioligand binding (ligand: [125I] Cyanopindolol),B,,,BAO_0000190,BAO_0000249,cell membrane format,NC(=O)c1cccnc1,,,CHEMBL1909046,,,,,CHEMBL1140,NIACINAMIDE,CHEMBL1140,,0,,1539985,,15,0,,Not active,IC50,,,,CHEMBL213,Homo sapiens,Beta-1 adrenergic receptor,9606,Not Active,,IC50,,,,
,Inhibition < 50% @ 10 uM and thus dose-reponse curve not measured,7731305,[],CHEMBL1909091,DRUGMATRIX: Adrenergic beta1 radioligand binding (ligand: [125I] Cyanopindolol),B,,,BAO_0000190,BAO_0000249,cell membrane format,COC(=O)C1=C(C)NC(C)=C(C(=O)OCC(C)C)C1c1ccccc1[N+](=O)[O-],,,CHEMBL1909046,,,,,CHEMBL1726,NISOLDIPINE,CHEMBL1726,,0,,1539993,,15,0,,Not active,IC50,,,,CHEMBL213,Homo sapiens,Beta-1 adrenergic receptor,9606,Not Active,,IC50,,,,
,Inhibition < 50% @ 10 uM and thus dose-reponse curve not measured,7731423,[],CHEMBL1909091,DRUGMATRIX: Adrenergic beta1 radioligand binding (ligand: [125I] Cyanopindolol),B,,,BAO_0000190,BAO_0000249,cell membrane format,CCn1cc(C(=O)O)c(=O)c2cc(F)c(N3CCNCC3)cc21,,,CHEMBL1909046,,,,,CHEMBL9,NORFLOXACIN,CHEMBL9,,0,,1540001,,15,0,,Not active,IC50,,,,CHEMBL213,Homo sapiens,Beta-1 adrenergic receptor,9606,Not Active,,IC50,,,,
,Inhibition < 50% @ 10 uM and thus dose-reponse curve not measured,7731812,[],CHEMBL1909091,DRUGMATRIX: Adrenergic beta1 radioligand binding (ligand: [125I] Cyanopindolol),B,,,BAO_0000190,BAO_0000249,cell membrane format,CC(=O)O[C@H]1C(=O)[C@@]2(C)[C@H]([C@H](OC(=O)c3ccccc3)[C@]3(O)C[C@H](OC(=O)[C@H](O)[C@@H](NC(=O)c4ccccc4)c4ccccc4)C(C)=C1C3(C)C)[C@]1(OC(C)=O)CO[C@@H]1C[C@@H]2O,,,CHEMBL1909046,,,,,CHEMBL428647,PACLITAXEL,CHEMBL428647,,0,,1540025,,15,0,,Not active,IC50,,,,CHEMBL213,Homo sapiens,Beta-1 adrenergic receptor,9606,Not Active,,IC50,,,,
,Inhibition < 50% @ 10 uM and thus dose-reponse curve not measured,7731931,[],CHEMBL1909091,DRUGMATRIX: Adrenergic beta1 radioligand binding (ligand: [125I] Cyanopindolol),B,,,BAO_0000190,BAO_0000249,cell membrane format,NC1=NC(=O)C(c2ccccc2)O1,,,CHEMBL1909046,,,,,CHEMBL1177,PEMOLINE,CHEMBL1177,,0,,1540033,,15,0,,Not active,IC50,,,,CHEMBL213,Homo sapiens,Beta-1 adrenergic receptor,9606,Not Active,,IC50,,,,
,Inhibition < 50% @ 10 uM and thus dose-reponse curve not measured,7732909,[],CHEMBL1909091,DRUGMATRIX: Adrenergic beta1 radioligand binding (ligand: [125I] Cyanopindolol),B,,,BAO_0000190,BAO_0000249,cell membrane format,CCCOc1ccc(C(=O)OCCN(CC)CC)cc1N,,,CHEMBL1909046,,,,,CHEMBL1196,PROPARACAINE,CHEMBL1196,,0,,1540090,,15,0,,Not active,IC50,,,,CHEMBL213,Homo sapiens,Beta-1 adrenergic receptor,9606,Not Active,,IC50,,,,
,Inhibition < 50% @ 10 uM and thus dose-reponse curve not measured,7733029,[],CHEMBL1909091,DRUGMATRIX: Adrenergic beta1 radioligand binding (ligand: [125I] Cyanopindolol),B,,,BAO_0000190,BAO_0000249,cell membrane format,COc1ccc(CN(CCN(C)C)c2ccccn2)cc1,,,CHEMBL1909046,,,,,CHEMBL511,PYRILAMINE,CHEMBL511,,0,,1540098,,15,0,,Not active,IC50,,,,CHEMBL213,Homo sapiens,Beta-1 adrenergic receptor,9606,Not Active,,IC50,,,,
,Inhibition < 50% @ 10 uM and thus dose-reponse curve not measured,7733775,[],CHEMBL1909091,DRUGMATRIX: Adrenergic beta1 radioligand binding (ligand: [125I] Cyanopindolol),B,,,BAO_0000190,BAO_0000249,cell membrane format,Cc1cc2c(s1)Nc1ccccc1N=C2N1CCN(C)CC1,,,CHEMBL1909046,,,,,CHEMBL715,OLANZAPINE,CHEMBL715,,0,,1540010,,15,0,,Not active,IC50,,,,CHEMBL213,Homo sapiens,Beta-1 adrenergic receptor,9606,Not Active,,IC50,,,,
,Inhibition < 50% @ 10 uM and thus dose-reponse curve not measured,7733872,[],CHEMBL1909091,DRUGMATRIX: Adrenergic beta1 radioligand binding (ligand: [125I] Cyanopindolol),B,,,BAO_0000190,BAO_0000249,cell membrane format,COC(=O)Nc1nc2cc([S+]([O-])c3ccccc3)ccc2[nH]1,,,CHEMBL1909046,,,,,CHEMBL42442,OXFENDAZOLE,CHEMBL42442,,0,,1540018,,15,0,,Not active,IC50,,,,CHEMBL213,Homo sapiens,Beta-1 adrenergic receptor,9606,Not Active,,IC50,,,,
,Inhibition < 50% @ 10 uM and thus dose-reponse curve not measured,7734288,[],CHEMBL1909091,DRUGMATRIX: Adrenergic beta1 radioligand binding (ligand: [125I] Cyanopindolol),B,,,BAO_0000190,BAO_0000249,cell membrane format,OCCN1CCN(CCCN2c3ccccc3Sc3ccc(Cl)cc32)CC1,,,CHEMBL1909046,,,,,CHEMBL567,PERPHENAZINE,CHEMBL567,,0,,1540042,,15,0,,Not active,IC50,,,,CHEMBL213,Homo sapiens,Beta-1 adrenergic receptor,9606,Not Active,,IC50,,,,
,Inhibition < 50% @ 10 uM and thus dose-reponse curve not measured,7734418,[],CHEMBL1909091,DRUGMATRIX: Adrenergic beta1 radioligand binding (ligand: [125I] Cyanopindolol),B,,,BAO_0000190,BAO_0000249,cell membrane format,Cc1ccc(N(CC2=NCCN2)c2cccc(O)c2)cc1,,,CHEMBL1909046,,,,,CHEMBL597,PHENTOLAMINE,CHEMBL597,,0,,1540050,,15,0,,Not active,IC50,,,,CHEMBL213,Homo sapiens,Beta-1 adrenergic receptor,9606,Not Active,,IC50,,,,
,Inhibition < 50% @ 10 uM and thus dose-reponse curve not measured,7734539,[],CHEMBL1909091,DRUGMATRIX: Adrenergic beta1 radioligand binding (ligand: [125I] Cyanopindolol),B,,,BAO_0000190,BAO_0000249,cell membrane format,NC(=O)C1CCN(CCCN2c3ccccc3Sc3ccc(Cl)cc32)CC1,,,CHEMBL1909046,,,,,CHEMBL1909072,PIPAMAZINE,CHEMBL1909072,,0,,1540058,,15,0,,Not active,IC50,,,,CHEMBL213,Homo sapiens,Beta-1 adrenergic receptor,9606,Not Active,,IC50,,,,
,Inhibition < 50% @ 10 uM and thus dose-reponse curve not measured,7734657,[],CHEMBL1909091,DRUGMATRIX: Adrenergic beta1 radioligand binding (ligand: [125I] Cyanopindolol),B,,,BAO_0000190,BAO_0000249,cell membrane format,,,,CHEMBL1909046,,,,,CHEMBL3559671,POLYVINYL ALCOHOL,CHEMBL3559671,,0,,1540066,,15,0,,Not active,IC50,,,,CHEMBL213,Homo sapiens,Beta-1 adrenergic receptor,9606,Not Active,,IC50,,,,
,Inhibition < 50% @ 10 uM and thus dose-reponse curve not measured,7734784,[],CHEMBL1909091,DRUGMATRIX: Adrenergic beta1 radioligand binding (ligand: [125I] Cyanopindolol),B,,,BAO_0000190,BAO_0000249,cell membrane format,C[C@]12C=CC(=O)C=C1CC[C@@H]1[C@@H]2C(=O)C[C@@]2(C)[C@H]1CC[C@]2(O)C(=O)CO,,,CHEMBL1909046,,,,,CHEMBL635,PREDNISONE,CHEMBL635,,0,,1540074,,15,0,,Not active,IC50,,,,CHEMBL213,Homo sapiens,Beta-1 adrenergic receptor,9606,Not Active,,IC50,,,,
,Inhibition < 50% @ 10 uM and thus dose-reponse curve not measured,7734925,[],CHEMBL1909091,DRUGMATRIX: Adrenergic beta1 radioligand binding (ligand: [125I] Cyanopindolol),B,,,BAO_0000190,BAO_0000249,cell membrane format,CCN(CC)CCOC(=O)c1ccc(N)cc1,,,CHEMBL1909046,,,,,CHEMBL569,PROCAINE,CHEMBL569,,0,,1540082,,15,0,,Not active,IC50,,,,CHEMBL213,Homo sapiens,Beta-1 adrenergic receptor,9606,Not Active,,IC50,,,,
,Inhibition < 50% @ 10 uM and thus dose-reponse curve not measured,7735362,[],CHEMBL1909091,DRUGMATRIX: Adrenergic beta1 radioligand binding (ligand: [125I] Cyanopindolol),B,,,BAO_0000190,BAO_0000249,cell membrane format,CC(C)[C@H]1CC[C@H](C(=O)N[C@H](Cc2ccccc2)C(=O)O)CC1,,,CHEMBL1909046,,,,,CHEMBL783,NATEGLINIDE,CHEMBL783,,0,,1539978,,15,0,,Not active,IC50,,,,CHEMBL213,Homo sapiens,Beta-1 adrenergic receptor,9606,Not Active,,IC50,,,,
,Inhibition < 50% @ 10 uM and thus dose-reponse curve not measured,7735478,[],CHEMBL1909091,DRUGMATRIX: Adrenergic beta1 radioligand binding (ligand: [125I] Cyanopindolol),B,,,BAO_0000190,BAO_0000249,cell membrane format,CN1CCC[C@H]1c1cccnc1,,,CHEMBL1909046,,,,,CHEMBL3,NICOTINE,CHEMBL3,,0,,1539986,,15,0,,Not active,IC50,,,,CHEMBL213,Homo sapiens,Beta-1 adrenergic receptor,9606,Not Active,,IC50,,,,
,Inhibition < 50% @ 10 uM and thus dose-reponse curve not measured,7735584,[],CHEMBL1909091,DRUGMATRIX: Adrenergic beta1 radioligand binding (ligand: [125I] Cyanopindolol),B,,,BAO_0000190,BAO_0000249,cell membrane format,O=C1CN=C(c2ccccc2)c2cc([N+](=O)[O-])ccc2N1,,,CHEMBL1909046,,,,,CHEMBL13209,NITRAZEPAM,CHEMBL13209,,0,,1539994,,15,0,,Not active,IC50,,,,CHEMBL213,Homo sapiens,Beta-1 adrenergic receptor,9606,Not Active,,IC50,,,,
,Inhibition < 50% @ 10 uM and thus dose-reponse curve not measured,7735704,[],CHEMBL1909091,DRUGMATRIX: Adrenergic beta1 radioligand binding (ligand: [125I] Cyanopindolol),B,,,BAO_0000190,BAO_0000249,cell membrane format,C#CC1(O)CC[C@H]2[C@@H]3CCC4=CC(=O)CC[C@@H]4[C@H]3CC[C@@]21CC,,,CHEMBL1909046,,,,,CHEMBL2107797,NORGESTREL,CHEMBL2107797,,0,,1540002,,15,0,,Not active,IC50,,,,CHEMBL213,Homo sapiens,Beta-1 adrenergic receptor,9606,Not Active,,IC50,,,,
,Inhibition < 50% @ 10 uM and thus dose-reponse curve not measured,7736100,[],CHEMBL1909091,DRUGMATRIX: Adrenergic beta1 radioligand binding (ligand: [125I] Cyanopindolol),B,,,BAO_0000190,BAO_0000249,cell membrane format,CC(C)(CO)C(O)C(=O)NCCCO,,,CHEMBL1909046,,,,,CHEMBL1371937,PANTHENOL,CHEMBL1371937,,0,,1540026,,15,0,,Not active,IC50,,,,CHEMBL213,Homo sapiens,Beta-1 adrenergic receptor,9606,Not Active,,IC50,,,,
,Inhibition < 50% @ 10 uM and thus dose-reponse curve not measured,7736222,[],CHEMBL1909091,DRUGMATRIX: Adrenergic beta1 radioligand binding (ligand: [125I] Cyanopindolol),B,,,BAO_0000190,BAO_0000249,cell membrane format,Nc1nc(O)c2ncn(CCC(CO)CO)c2n1,,,CHEMBL1909046,,,,,CHEMBL1540,PENCICLOVIR,CHEMBL1540,,0,,1540034,,15,0,,Not active,IC50,,,,CHEMBL213,Homo sapiens,Beta-1 adrenergic receptor,9606,Not Active,,IC50,,,,
,Inhibition < 50% @ 10 uM and thus dose-reponse curve not measured,7737198,[],CHEMBL1909091,DRUGMATRIX: Adrenergic beta1 radioligand binding (ligand: [125I] Cyanopindolol),B,,,BAO_0000190,BAO_0000249,cell membrane format,CC(C)c1cccc(C(C)C)c1O,,,CHEMBL1909046,,,,,CHEMBL526,PROPOFOL,CHEMBL526,,0,,1540091,,15,0,,Not active,IC50,,,,CHEMBL213,Homo sapiens,Beta-1 adrenergic receptor,9606,Not Active,,IC50,,,,
,Inhibition < 50% @ 10 uM and thus dose-reponse curve not measured,7737309,[],CHEMBL1909091,DRUGMATRIX: Adrenergic beta1 radioligand binding (ligand: [125I] Cyanopindolol),B,,,BAO_0000190,BAO_0000249,cell membrane format,Oc1cccc(O)c1O,,,CHEMBL1909046,,,,,CHEMBL307145,PYROGALLOL,CHEMBL307145,,0,,1540099,,15,0,,Not active,IC50,,,,CHEMBL213,Homo sapiens,Beta-1 adrenergic receptor,9606,Not Active,,IC50,,,,
,Inhibition < 50% @ 10 uM and thus dose-reponse curve not measured,7738052,[],CHEMBL1909091,DRUGMATRIX: Adrenergic beta1 radioligand binding (ligand: [125I] Cyanopindolol),B,,,BAO_0000190,BAO_0000249,cell membrane format,COc1ccc2[nH]c([S+]([O-])Cc3ncc(C)c(OC)c3C)nc2c1,,,CHEMBL1909046,,,,,CHEMBL1503,OMEPRAZOLE,CHEMBL1503,,0,,1540011,,15,0,,Not active,IC50,,,,CHEMBL213,Homo sapiens,Beta-1 adrenergic receptor,9606,Not Active,,IC50,,,,
,Inhibition < 50% @ 10 uM and thus dose-reponse curve not measured,7738169,[],CHEMBL1909091,DRUGMATRIX: Adrenergic beta1 radioligand binding (ligand: [125I] Cyanopindolol),B,,,BAO_0000190,BAO_0000249,cell membrane format,Clc1ccc(CO/N=C(\Cn2ccnc2)c2ccc(Cl)cc2Cl)c(Cl)c1,,,CHEMBL1909046,,,,,CHEMBL1262,OXICONAZOLE,CHEMBL1262,,0,,1540019,,15,0,,Not active,IC50,,,,CHEMBL213,Homo sapiens,Beta-1 adrenergic receptor,9606,Not Active,,IC50,,,,
,Inhibition < 50% @ 10 uM and thus dose-reponse curve not measured,7738591,[],CHEMBL1909091,DRUGMATRIX: Adrenergic beta1 radioligand binding (ligand: [125I] Cyanopindolol),B,,,BAO_0000190,BAO_0000249,cell membrane format,NC(=O)NC(=O)Cc1ccccc1,,,CHEMBL1909046,,,,,CHEMBL918,PHENACEMIDE,CHEMBL918,,0,,1540043,,15,0,,Not active,IC50,,,,CHEMBL213,Homo sapiens,Beta-1 adrenergic receptor,9606,Not Active,,IC50,,,,
,Inhibition < 50% @ 10 uM and thus dose-reponse curve not measured,7738709,[],CHEMBL1909091,DRUGMATRIX: Adrenergic beta1 radioligand binding (ligand: [125I] Cyanopindolol),B,,,BAO_0000190,BAO_0000249,cell membrane format,CCCCC1C(=O)N(c2ccccc2)N(c2ccccc2)C1=O,,,CHEMBL1909046,,,,,CHEMBL101,PHENYLBUTAZONE,CHEMBL101,,0,,1540051,,15,0,,Not active,IC50,,,,CHEMBL213,Homo sapiens,Beta-1 adrenergic receptor,9606,Not Active,,IC50,,,,
,Inhibition < 50% @ 10 uM and thus dose-reponse curve not measured,7738812,[],CHEMBL1909091,DRUGMATRIX: Adrenergic beta1 radioligand binding (ligand: [125I] Cyanopindolol),B,,,BAO_0000190,BAO_0000249,cell membrane format,CCN1CCN(C(=O)N[C@@H](C(=O)N[C@@H]2C(=O)N3[C@@H]2SC(C)(C)[C@@H]3C(=O)O)c2ccccc2)C(=O)C1=O,,,CHEMBL1909046,,,,,CHEMBL702,PIPERACILLIN,CHEMBL702,,0,,1540059,,15,0,,Not active,IC50,,,,CHEMBL213,Homo sapiens,Beta-1 adrenergic receptor,9606,Not Active,,IC50,,,,
,Inhibition < 50% @ 10 uM and thus dose-reponse curve not measured,7738947,[],CHEMBL1909091,DRUGMATRIX: Adrenergic beta1 radioligand binding (ligand: [125I] Cyanopindolol),B,,,BAO_0000190,BAO_0000249,cell membrane format,,,,CHEMBL1909046,,,,,CHEMBL2108139,POVIDONE,CHEMBL2108139,,0,,1540067,,15,0,,Not active,IC50,,,,CHEMBL213,Homo sapiens,Beta-1 adrenergic receptor,9606,Not Active,,IC50,,,,
,Inhibition < 50% @ 10 uM and thus dose-reponse curve not measured,7739071,[],CHEMBL1909091,DRUGMATRIX: Adrenergic beta1 radioligand binding (ligand: [125I] Cyanopindolol),B,,,BAO_0000190,BAO_0000249,cell membrane format,CC(=O)[C@H]1[C@H](C#N)C[C@H]2[C@@H]3CC=C4C[C@@H](O)CC[C@]4(C)[C@H]3CC[C@@]21C,,,CHEMBL1909046,,,,,CHEMBL1400945,PREGNENOLONE CARBONITRILE,CHEMBL1400945,,0,,1540075,,15,0,,Not active,IC50,,,,CHEMBL213,Homo sapiens,Beta-1 adrenergic receptor,9606,Not Active,,IC50,,,,
,Inhibition < 50% @ 10 uM and thus dose-reponse curve not measured,7739214,[],CHEMBL1909091,DRUGMATRIX: Adrenergic beta1 radioligand binding (ligand: [125I] Cyanopindolol),B,,,BAO_0000190,BAO_0000249,cell membrane format,CNNCc1ccc(C(=O)NC(C)C)cc1,,,CHEMBL1909046,,,,,CHEMBL1321,PROCARBAZINE,CHEMBL1321,,0,,1540083,,15,0,,Not active,IC50,,,,CHEMBL213,Homo sapiens,Beta-1 adrenergic receptor,9606,Not Active,,IC50,,,,
,Inhibition < 50% @ 10 uM and thus dose-reponse curve not measured,7739644,[],CHEMBL1909091,DRUGMATRIX: Adrenergic beta1 radioligand binding (ligand: [125I] Cyanopindolol),B,,,BAO_0000190,BAO_0000249,cell membrane format,Cc1c(O)cccc1C(=O)N[C@@H](CSc1ccccc1)[C@H](O)CN1C[C@H]2CCCC[C@H]2C[C@H]1C(=O)NC(C)(C)C,,,CHEMBL1909046,,,,,CHEMBL584,NELFINAVIR,CHEMBL584,,0,,1539979,,15,0,,Not active,IC50,,,,CHEMBL213,Homo sapiens,Beta-1 adrenergic receptor,9606,Not Active,,IC50,,,,
,Inhibition < 50% @ 10 uM and thus dose-reponse curve not measured,7739769,[],CHEMBL1909091,DRUGMATRIX: Adrenergic beta1 radioligand binding (ligand: [125I] Cyanopindolol),B,,,BAO_0000190,BAO_0000249,cell membrane format,COC(=O)C1=C(C)NC(C)=C(C(=O)OC)C1c1ccccc1[N+](=O)[O-],,,CHEMBL1909046,,,,,CHEMBL193,NIFEDIPINE,CHEMBL193,,0,,1539987,,15,0,,Not active,IC50,,,,CHEMBL213,Homo sapiens,Beta-1 adrenergic receptor,9606,Not Active,,IC50,,,,
,Inhibition < 50% @ 10 uM and thus dose-reponse curve not measured,7739884,[],CHEMBL1909091,DRUGMATRIX: Adrenergic beta1 radioligand binding (ligand: [125I] Cyanopindolol),B,,,BAO_0000190,BAO_0000249,cell membrane format,CCOC(=O)C1=C(C)NC(C)=C(C(=O)OC)C1c1cccc([N+](=O)[O-])c1,,,CHEMBL1909046,,,,,CHEMBL475534,NITRENDIPINE,CHEMBL475534,,0,,1539995,,15,0,,Not active,IC50,,,,CHEMBL213,Homo sapiens,Beta-1 adrenergic receptor,9606,Not Active,,IC50,,,,
,Inhibition < 50% @ 10 uM and thus dose-reponse curve not measured,7740003,[],CHEMBL1909091,DRUGMATRIX: Adrenergic beta1 radioligand binding (ligand: [125I] Cyanopindolol),B,,,BAO_0000190,BAO_0000249,cell membrane format,CNCCC=C1c2ccccc2CCc2ccccc21,,,CHEMBL1909046,,,,,CHEMBL445,NORTRIPTYLINE,CHEMBL445,,0,,1540003,,15,0,,Not active,IC50,,,,CHEMBL213,Homo sapiens,Beta-1 adrenergic receptor,9606,Not Active,,IC50,,,,
,Inhibition < 50% @ 10 uM and thus dose-reponse curve not measured,7740425,[],CHEMBL1909091,DRUGMATRIX: Adrenergic beta1 radioligand binding (ligand: [125I] Cyanopindolol),B,,,BAO_0000190,BAO_0000249,cell membrane format,COc1ccnc(C[S+]([O-])c2nc3cc(OC(F)F)ccc3[nH]2)c1OC,,,CHEMBL1909046,,,,,CHEMBL1502,PANTOPRAZOLE,CHEMBL1502,,0,,1540027,,15,0,,Not active,IC50,,,,CHEMBL213,Homo sapiens,Beta-1 adrenergic receptor,9606,Not Active,,IC50,,,,
,Inhibition < 50% @ 10 uM and thus dose-reponse curve not measured,7740547,[],CHEMBL1909091,DRUGMATRIX: Adrenergic beta1 radioligand binding (ligand: [125I] Cyanopindolol),B,,,BAO_0000190,BAO_0000249,cell membrane format,CC(C)(S)[C@@H](N)C(=O)O,,,CHEMBL1909046,,,,,CHEMBL1430,PENICILLAMINE,CHEMBL1430,,0,,1540035,,15,0,,Not active,IC50,,,,CHEMBL213,Homo sapiens,Beta-1 adrenergic receptor,9606,Not Active,,IC50,,,,
,,7741500,[],CHEMBL1909091,DRUGMATRIX: Adrenergic beta1 radioligand binding (ligand: [125I] Cyanopindolol),B,,,BAO_0000190,BAO_0000249,cell membrane format,CC(C)NCC(O)COc1cccc2ccccc12,,,CHEMBL1909046,,,"{'bei': '33.14', 'le': '0.62', 'lle': '6.01', 'sei': '20.72'}",,CHEMBL27,PROPRANOLOL,CHEMBL27,8.60,0,http://www.openphacts.org/units/Nanomolar,1540092,=,15,1,=,,IC50,nM,,2.543,CHEMBL213,Homo sapiens,Beta-1 adrenergic receptor,9606,,,IC50,uM,UO_0000065,,0.002543
,Inhibition < 50% @ 10 uM and thus dose-reponse curve not measured,7741617,[],CHEMBL1909091,DRUGMATRIX: Adrenergic beta1 radioligand binding (ligand: [125I] Cyanopindolol),B,,,BAO_0000190,BAO_0000249,cell membrane format,OCCOCCN1CCN(C2=Nc3ccccc3Sc3ccccc32)CC1,,,CHEMBL1909046,,,,,CHEMBL716,QUETIAPINE,CHEMBL716,,0,,1540100,,15,0,,Not active,IC50,,,,CHEMBL213,Homo sapiens,Beta-1 adrenergic receptor,9606,Not Active,,IC50,,,,
,Inhibition < 50% @ 10 uM and thus dose-reponse curve not measured,7742279,[],CHEMBL1909091,DRUGMATRIX: Adrenergic beta1 radioligand binding (ligand: [125I] Cyanopindolol),B,,,BAO_0000190,BAO_0000249,cell membrane format,COc1ccc2c(c1OC)C(=O)O[C@@H]2[C@H]1c2c(cc3c(c2OC)OCO3)CCN1C,,,CHEMBL1909046,,,,,CHEMBL364713,NOSCAPINE,CHEMBL364713,,0,,1540004,,15,0,,Not active,IC50,,,,CHEMBL213,Homo sapiens,Beta-1 adrenergic receptor,9606,Not Active,,IC50,,,,
,Inhibition < 50% @ 10 uM and thus dose-reponse curve not measured,7742389,[],CHEMBL1909091,DRUGMATRIX: Adrenergic beta1 radioligand binding (ligand: [125I] Cyanopindolol),B,,,BAO_0000190,BAO_0000249,cell membrane format,Cc1nccn1CC1CCc2c(c3ccccc3n2C)C1=O,,,CHEMBL1909046,,,,,CHEMBL46,ONDANSETRON,CHEMBL46,,0,,1540012,,15,0,,Not active,IC50,,,,CHEMBL213,Homo sapiens,Beta-1 adrenergic receptor,9606,Not Active,,IC50,,,,
,Inhibition < 50% @ 10 uM and thus dose-reponse curve not measured,7742483,[],CHEMBL1909091,DRUGMATRIX: Adrenergic beta1 radioligand binding (ligand: [125I] Cyanopindolol),B,,,BAO_0000190,BAO_0000249,cell membrane format,CCN(CC)CC#CCOC(=O)C(O)(c1ccccc1)C1CCCCC1,,,CHEMBL1909046,,,,,CHEMBL1231,OXYBUTYNIN,CHEMBL1231,,0,,1540020,,15,0,,Not active,IC50,,,,CHEMBL213,Homo sapiens,Beta-1 adrenergic receptor,9606,Not Active,,IC50,,,,
,Inhibition < 50% @ 10 uM and thus dose-reponse curve not measured,7742924,[],CHEMBL1909091,DRUGMATRIX: Adrenergic beta1 radioligand binding (ligand: [125I] Cyanopindolol),B,,,BAO_0000190,BAO_0000249,cell membrane format,CCOc1ccc(NC(C)=O)cc1,,,CHEMBL1909046,,,,,CHEMBL16073,PHENACETIN,CHEMBL16073,,0,,1540044,,15,0,,Not active,IC50,,,,CHEMBL213,Homo sapiens,Beta-1 adrenergic receptor,9606,Not Active,,IC50,,,,
,Inhibition < 50% @ 10 uM and thus dose-reponse curve not measured,7743038,[],CHEMBL1909091,DRUGMATRIX: Adrenergic beta1 radioligand binding (ligand: [125I] Cyanopindolol),B,,,BAO_0000190,BAO_0000249,cell membrane format,NNc1ccccc1,,,CHEMBL1909046,,,,,CHEMBL456807,PHENYLHYDRAZINE,CHEMBL456807,,0,,1540052,,15,0,,Not active,IC50,,,,CHEMBL213,Homo sapiens,Beta-1 adrenergic receptor,9606,Not Active,,IC50,,,,
,Inhibition < 50% @ 10 uM and thus dose-reponse curve not measured,7743140,[],CHEMBL1909091,DRUGMATRIX: Adrenergic beta1 radioligand binding (ligand: [125I] Cyanopindolol),B,,,BAO_0000190,BAO_0000249,cell membrane format,CC[N+]1(CCOC(=O)C(O)(c2ccccc2)c2ccccc2)CCCCC1.[Br-],,,CHEMBL1909046,,,,,CHEMBL1909073,PIPERILATE ETHOBROMIDE,CHEMBL1889399,,0,,1540060,,15,0,,Not active,IC50,,,,CHEMBL213,Homo sapiens,Beta-1 adrenergic receptor,9606,Not Active,,IC50,,,,
,Inhibition < 50% @ 10 uM and thus dose-reponse curve not measured,7743276,[],CHEMBL1909091,DRUGMATRIX: Adrenergic beta1 radioligand binding (ligand: [125I] Cyanopindolol),B,,,BAO_0000190,BAO_0000249,cell membrane format,C[n+]1ccccc1/C=N/O.[Cl-],,,CHEMBL1909046,,,,,CHEMBL748,PRALIDOXIME CHLORIDE,CHEMBL1420,,0,,1540068,,15,0,,Not active,IC50,,,,CHEMBL213,Homo sapiens,Beta-1 adrenergic receptor,9606,Not Active,,IC50,,,,
,Inhibition < 50% @ 10 uM and thus dose-reponse curve not measured,7743396,[],CHEMBL1909091,DRUGMATRIX: Adrenergic beta1 radioligand binding (ligand: [125I] Cyanopindolol),B,,,BAO_0000190,BAO_0000249,cell membrane format,CCCNC(C)C(=O)Nc1ccccc1C,,,CHEMBL1909046,,,,,CHEMBL1194,PRILOCAINE,CHEMBL1194,,0,,1540076,,15,0,,Not active,IC50,,,,CHEMBL213,Homo sapiens,Beta-1 adrenergic receptor,9606,Not Active,,IC50,,,,
,Inhibition < 50% @ 10 uM and thus dose-reponse curve not measured,7743541,[],CHEMBL1909091,DRUGMATRIX: Adrenergic beta1 radioligand binding (ligand: [125I] Cyanopindolol),B,,,BAO_0000190,BAO_0000249,cell membrane format,CN1CCN(CCCN2c3ccccc3Sc3ccc(Cl)cc32)CC1,,,CHEMBL1909046,,,,,CHEMBL728,PROCHLORPERAZINE,CHEMBL728,,0,,1540084,,15,0,,Not active,IC50,,,,CHEMBL213,Homo sapiens,Beta-1 adrenergic receptor,9606,Not Active,,IC50,,,,
,Inhibition < 50% @ 10 uM and thus dose-reponse curve not measured,7743922,[],CHEMBL1909091,DRUGMATRIX: Adrenergic beta1 radioligand binding (ligand: [125I] Cyanopindolol),B,,,BAO_0000190,BAO_0000249,cell membrane format,CCN(CC)CCCC(C)Nc1c2ccc(Cl)cc2nc2ccc(OC)cc12,,,CHEMBL1909046,,,,,CHEMBL7568,QUINACRINE,CHEMBL7568,,0,,1540101,,15,0,,Not active,IC50,,,,CHEMBL213,Homo sapiens,Beta-1 adrenergic receptor,9606,Not Active,,IC50,,,,
,Inhibition < 50% @ 10 uM and thus dose-reponse curve not measured,7743992,[],CHEMBL1909091,DRUGMATRIX: Adrenergic beta1 radioligand binding (ligand: [125I] Cyanopindolol),B,,,BAO_0000190,BAO_0000249,cell membrane format,NC[C@@H]1O[C@H](O[C@H]2[C@@H](O)[C@H](O[C@@H]3[C@@H](O)[C@H](N)C[C@H](N)[C@H]3O[C@H]3O[C@H](CN)[C@@H](O)[C@H](O)[C@H]3N)O[C@@H]2CO)[C@H](N)[C@@H](O)[C@@H]1O,,,CHEMBL1909046,,,,,CHEMBL184618,FRAMYCETIN,CHEMBL184618,,0,,1539980,,15,0,,Not active,IC50,,,,CHEMBL213,Homo sapiens,Beta-1 adrenergic receptor,9606,Not Active,,IC50,,,,
,Inhibition < 50% @ 10 uM and thus dose-reponse curve not measured,7744125,[],CHEMBL1909091,DRUGMATRIX: Adrenergic beta1 radioligand binding (ligand: [125I] Cyanopindolol),B,,,BAO_0000190,BAO_0000249,cell membrane format,O=C(O)c1cccnc1Nc1cccc(C(F)(F)F)c1,,,CHEMBL1909046,,,,,CHEMBL63323,NIFLUMIC ACID,CHEMBL63323,,0,,1539988,,15,0,,Not active,IC50,,,,CHEMBL213,Homo sapiens,Beta-1 adrenergic receptor,9606,Not Active,,IC50,,,,
,Inhibition < 50% @ 10 uM and thus dose-reponse curve not measured,7744243,[],CHEMBL1909091,DRUGMATRIX: Adrenergic beta1 radioligand binding (ligand: [125I] Cyanopindolol),B,,,BAO_0000190,BAO_0000249,cell membrane format,O=C1CN(/N=C/c2ccc([N+](=O)[O-])o2)C(=O)N1,,,CHEMBL1909046,,,,,CHEMBL572,NITROFURANTOIN,CHEMBL572,,0,,1539996,,15,0,,Not active,IC50,,,,CHEMBL213,Homo sapiens,Beta-1 adrenergic receptor,9606,Not Active,,IC50,,,,
,Inhibition < 50% @ 10 uM and thus dose-reponse curve not measured,7744763,[],CHEMBL1909091,DRUGMATRIX: Adrenergic beta1 radioligand binding (ligand: [125I] Cyanopindolol),B,,,BAO_0000190,BAO_0000249,cell membrane format,COc1ccc(Cc2nccc3cc(OC)c(OC)cc23)cc1OC,,,CHEMBL1909046,,,,,CHEMBL19224,PAPAVERINE,CHEMBL19224,,0,,1540028,,15,0,,Not active,IC50,,,,CHEMBL213,Homo sapiens,Beta-1 adrenergic receptor,9606,Not Active,,IC50,,,,
,Inhibition < 50% @ 10 uM and thus dose-reponse curve not measured,7744886,[],CHEMBL1909091,DRUGMATRIX: Adrenergic beta1 radioligand binding (ligand: [125I] Cyanopindolol),B,,,BAO_0000190,BAO_0000249,cell membrane format,C=C(C)C1(O)OC(=O)C=C1OC,,,CHEMBL1909046,,,,,CHEMBL495778,PENICILLIC ACID,CHEMBL495778,,0,,1540036,,15,0,,Not active,IC50,,,,CHEMBL213,Homo sapiens,Beta-1 adrenergic receptor,9606,Not Active,,IC50,,,,
,Inhibition < 50% @ 10 uM and thus dose-reponse curve not measured,7745852,[],CHEMBL1909091,DRUGMATRIX: Adrenergic beta1 radioligand binding (ligand: [125I] Cyanopindolol),B,,,BAO_0000190,BAO_0000249,cell membrane format,CC(O)CO,,,CHEMBL1909046,,,,,CHEMBL286398,PROPYLENE GLYCOL,CHEMBL286398,,0,,1540093,,15,0,,Not active,IC50,,,,CHEMBL213,Homo sapiens,Beta-1 adrenergic receptor,9606,Not Active,,IC50,,,,
,Inhibition < 50% @ 10 uM and thus dose-reponse curve not measured,7746610,[],CHEMBL1909091,DRUGMATRIX: Adrenergic beta1 radioligand binding (ligand: [125I] Cyanopindolol),B,,,BAO_0000190,BAO_0000249,cell membrane format,,,,CHEMBL1909046,,,,,CHEMBL1909071,,CHEMBL1909071,,0,,1540005,,15,0,,Not active,IC50,,,,CHEMBL213,Homo sapiens,Beta-1 adrenergic receptor,9606,Not Active,,IC50,,,,
,Inhibition < 50% @ 10 uM and thus dose-reponse curve not measured,7746722,[],CHEMBL1909091,DRUGMATRIX: Adrenergic beta1 radioligand binding (ligand: [125I] Cyanopindolol),B,,,BAO_0000190,BAO_0000249,cell membrane format,Cc1ccccc1C(OCCN(C)C)c1ccccc1,,,CHEMBL1909046,,,,,CHEMBL900,ORPHENADRINE,CHEMBL900,,0,,1540013,,15,0,,Not active,IC50,,,,CHEMBL213,Homo sapiens,Beta-1 adrenergic receptor,9606,Not Active,,IC50,,,,
,Inhibition < 50% @ 10 uM and thus dose-reponse curve not measured,7746892,[],CHEMBL1909091,DRUGMATRIX: Adrenergic beta1 radioligand binding (ligand: [125I] Cyanopindolol),B,,,BAO_0000190,BAO_0000249,cell membrane format,CCCCc1nc(Cl)c(CO)n1Cc1ccc(-c2ccccc2-c2nnn[nH]2)cc1,,,CHEMBL1909046,,,,,CHEMBL191,LOSARTAN,CHEMBL191,,0,,1539900,,15,0,,Not active,IC50,,,,CHEMBL213,Homo sapiens,Beta-1 adrenergic receptor,9606,Not Active,,IC50,,,,
,Inhibition < 50% @ 10 uM and thus dose-reponse curve not measured,7747001,[],CHEMBL1909091,DRUGMATRIX: Adrenergic beta1 radioligand binding (ligand: [125I] Cyanopindolol),B,,,BAO_0000190,BAO_0000249,cell membrane format,CNCCCC12CCC(c3ccccc31)c1ccccc12,,,CHEMBL1909046,,,,,CHEMBL21731,MAPROTILINE,CHEMBL21731,,0,,1539908,,15,0,,Not active,IC50,,,,CHEMBL213,Homo sapiens,Beta-1 adrenergic receptor,9606,Not Active,,IC50,,,,
,Inhibition < 50% @ 10 uM and thus dose-reponse curve not measured,7747105,[],CHEMBL1909091,DRUGMATRIX: Adrenergic beta1 radioligand binding (ligand: [125I] Cyanopindolol),B,,,BAO_0000190,BAO_0000249,cell membrane format,Cc1cccc(Nc2ccccc2C(=O)O)c1C,,,CHEMBL1909046,,,,,CHEMBL686,MEFENAMIC ACID,CHEMBL686,,0,,1539916,,15,0,,Not active,IC50,,,,CHEMBL213,Homo sapiens,Beta-1 adrenergic receptor,9606,Not Active,,IC50,,,,
,Inhibition < 50% @ 10 uM and thus dose-reponse curve not measured,7747218,[],CHEMBL1909091,DRUGMATRIX: Adrenergic beta1 radioligand binding (ligand: [125I] Cyanopindolol),B,,,BAO_0000190,BAO_0000249,cell membrane format,O=S(=O)([O-])CCS.[Na+],,,CHEMBL1909046,,,,,CHEMBL975,MESNA,CHEMBL1098319,,0,,1539924,,15,0,,Not active,IC50,,,,CHEMBL213,Homo sapiens,Beta-1 adrenergic receptor,9606,Not Active,,IC50,,,,
,Inhibition < 50% @ 10 uM and thus dose-reponse curve not measured,7747303,[],CHEMBL1909091,DRUGMATRIX: Adrenergic beta1 radioligand binding (ligand: [125I] Cyanopindolol),B,,,BAO_0000190,BAO_0000249,cell membrane format,COc1c2occc2cc2ccc(=O)oc12,,,CHEMBL1909046,,,,,CHEMBL416,METHOXSALEN,CHEMBL416,,0,,1539932,,15,0,,Not active,IC50,,,,CHEMBL213,Homo sapiens,Beta-1 adrenergic receptor,9606,Not Active,,IC50,,,,
,Inhibition < 50% @ 10 uM and thus dose-reponse curve not measured,7747825,[],CHEMBL1909091,DRUGMATRIX: Adrenergic beta1 radioligand binding (ligand: [125I] Cyanopindolol),B,,,BAO_0000190,BAO_0000249,cell membrane format,O=C(NCCN1CCOCC1)c1ccc(Cl)cc1,,,CHEMBL1909046,,,,,CHEMBL86304,MOCLOBEMIDE,CHEMBL86304,,0,,1539957,,15,0,,Not active,IC50,,,,CHEMBL213,Homo sapiens,Beta-1 adrenergic receptor,9606,Not Active,,IC50,,,,
,Inhibition < 50% @ 10 uM and thus dose-reponse curve not measured,7747928,[],CHEMBL1909091,DRUGMATRIX: Adrenergic beta1 radioligand binding (ligand: [125I] Cyanopindolol),B,,,BAO_0000190,BAO_0000249,cell membrane format,CCN(CC)CCOCCC1=CCC2CC1C2(C)C,,,CHEMBL1909046,,,,,CHEMBL1630579,MYRTECAINE,CHEMBL1630579,,0,,1539965,,15,0,,Not active,IC50,,,,CHEMBL213,Homo sapiens,Beta-1 adrenergic receptor,9606,Not Active,,IC50,,,,
,Inhibition < 50% @ 10 uM and thus dose-reponse curve not measured,7748059,[],CHEMBL1909091,DRUGMATRIX: Adrenergic beta1 radioligand binding (ligand: [125I] Cyanopindolol),B,,,BAO_0000190,BAO_0000249,cell membrane format,C=CCN1CC[C@]23c4c5ccc(O)c4O[C@H]2/C(=N/N=C2\CC[C@@]4(O)[C@H]6Cc7ccc(O)c8c7[C@@]4(CCN6CC=C)[C@H]2O8)CC[C@@]3(O)[C@H]1C5,,,CHEMBL1909046,,,,,CHEMBL1618305,NALOXONAZINE,CHEMBL1618305,,0,,1539973,,15,0,,Not active,IC50,,,,CHEMBL213,Homo sapiens,Beta-1 adrenergic receptor,9606,Not Active,,IC50,,,,
,Inhibition < 50% @ 10 uM and thus dose-reponse curve not measured,7749685,[],CHEMBL1909091,DRUGMATRIX: Adrenergic beta1 radioligand binding (ligand: [125I] Cyanopindolol),B,,,BAO_0000190,BAO_0000249,cell membrane format,CCN(CC)CCNC(=O)c1cc(Cl)c(N)cc1OC,,,CHEMBL1909046,,,,,CHEMBL86,METOCLOPRAMIDE,CHEMBL86,,0,,1539941,,15,0,,Not active,IC50,,,,CHEMBL213,Homo sapiens,Beta-1 adrenergic receptor,9606,Not Active,,IC50,,,,
,Inhibition < 50% @ 10 uM and thus dose-reponse curve not measured,7749818,[],CHEMBL1909091,DRUGMATRIX: Adrenergic beta1 radioligand binding (ligand: [125I] Cyanopindolol),B,,,BAO_0000190,BAO_0000249,cell membrane format,CN1CCN2c3ccccc3Cc3ccccc3C2C1,,,CHEMBL1909046,,,,,CHEMBL6437,MIANSERIN,CHEMBL6437,,0,,1539949,,15,0,,Not active,IC50,,,,CHEMBL213,Homo sapiens,Beta-1 adrenergic receptor,9606,Not Active,,IC50,,,,
,Inhibition < 50% @ 10 uM and thus dose-reponse curve not measured,7750382,[],CHEMBL1909091,DRUGMATRIX: Adrenergic beta1 radioligand binding (ligand: [125I] Cyanopindolol),B,,,BAO_0000190,BAO_0000249,cell membrane format,CC(C)NNC(=O)c1ccncc1,,,CHEMBL1909046,,,,,CHEMBL92401,IPRONIAZID,CHEMBL92401,,0,,1539852,,15,0,,Not active,IC50,,,,CHEMBL213,Homo sapiens,Beta-1 adrenergic receptor,9606,Not Active,,IC50,,,,
,Inhibition < 50% @ 10 uM and thus dose-reponse curve not measured,7750518,[],CHEMBL1909091,DRUGMATRIX: Adrenergic beta1 radioligand binding (ligand: [125I] Cyanopindolol),B,,,BAO_0000190,BAO_0000249,cell membrane format,CCC(C)n1ncn(-c2ccc(N3CCN(c4ccc(OCC5COC(Cn6cncn6)(c6ccc(Cl)cc6Cl)O5)cc4)CC3)cc2)c1=O,,,CHEMBL1909046,,,,,CHEMBL64391,ITRACONAZOLE,CHEMBL64391,,0,,1539860,,15,0,,Not active,IC50,,,,CHEMBL213,Homo sapiens,Beta-1 adrenergic receptor,9606,Not Active,,IC50,,,,
,Inhibition < 50% @ 10 uM and thus dose-reponse curve not measured,7750602,[],CHEMBL1909091,DRUGMATRIX: Adrenergic beta1 radioligand binding (ligand: [125I] Cyanopindolol),B,,,BAO_0000190,BAO_0000249,cell membrane format,CO[C@@H]1[C@@H](O[C@@H]2O[C@H](C)[C@@H](O[C@H]3C[C@@](C)(O)[C@@H](OC(=O)CC(C)C)[C@H](C)O3)[C@H](N(C)C)[C@H]2O)[C@@H](CC=O)C[C@@H](C)[C@@H](O)/C=C/C=C/C[C@@H](C)OC(=O)C[C@H]1O,,,CHEMBL1909046,,,,,CHEMBL2106399,KITASAMYCIN,CHEMBL2106399,,0,,1539868,,15,0,,Not active,IC50,,,,CHEMBL213,Homo sapiens,Beta-1 adrenergic receptor,9606,Not Active,,IC50,,,,
,Inhibition < 50% @ 10 uM and thus dose-reponse curve not measured,7750703,[],CHEMBL1909091,DRUGMATRIX: Adrenergic beta1 radioligand binding (ligand: [125I] Cyanopindolol),B,,,BAO_0000190,BAO_0000249,cell membrane format,Nc1nnc(-c2cccc(Cl)c2Cl)c(N)n1,,,CHEMBL1909046,,,,,CHEMBL741,LAMOTRIGINE,CHEMBL741,,0,,1539876,,15,0,,Not active,IC50,,,,CHEMBL213,Homo sapiens,Beta-1 adrenergic receptor,9606,Not Active,,IC50,,,,
,,7750838,[],CHEMBL1909091,DRUGMATRIX: Adrenergic beta1 radioligand binding (ligand: [125I] Cyanopindolol),B,,,BAO_0000190,BAO_0000249,cell membrane format,CC(C)(C)NC[C@H](O)COc1cccc2c1CCCC2=O,,,CHEMBL1909046,,,"{'bei': '28.01', 'le': '0.53', 'lle': '5.83', 'sei': '13.94'}",,CHEMBL1201237,LEVOBUNOLOL,CHEMBL1201237,8.16,0,http://www.openphacts.org/units/Nanomolar,1539884,=,15,1,=,,IC50,nM,,6.9,CHEMBL213,Homo sapiens,Beta-1 adrenergic receptor,9606,,,IC50,uM,UO_0000065,,0.0069
,Inhibition < 50% @ 10 uM and thus dose-reponse curve not measured,7750973,[],CHEMBL1909091,DRUGMATRIX: Adrenergic beta1 radioligand binding (ligand: [125I] Cyanopindolol),B,,,BAO_0000190,BAO_0000249,cell membrane format,,,,CHEMBL1909046,,,,,CHEMBL1909064,LIPOPOLYSACCHARIDE E. COLI O55:B5,CHEMBL1909064,,0,,1539892,,15,0,,Not active,IC50,,,,CHEMBL213,Homo sapiens,Beta-1 adrenergic receptor,9606,Not Active,,IC50,,,,
,Inhibition < 50% @ 10 uM and thus dose-reponse curve not measured,7751187,[],CHEMBL1909091,DRUGMATRIX: Adrenergic beta1 radioligand binding (ligand: [125I] Cyanopindolol),B,,,BAO_0000190,BAO_0000249,cell membrane format,CC[C@H](C)C(=O)O[C@H]1C[C@@H](C)C=C2C=C[C@H](C)[C@H](CC[C@@H]3C[C@@H](O)CC(=O)O3)[C@H]21,,,CHEMBL1909046,,,,,CHEMBL503,LOVASTATIN,CHEMBL503,,0,,1539901,,15,0,,Not active,IC50,,,,CHEMBL213,Homo sapiens,Beta-1 adrenergic receptor,9606,Not Active,,IC50,,,,
,Inhibition < 50% @ 10 uM and thus dose-reponse curve not measured,7751272,[],CHEMBL1909091,DRUGMATRIX: Adrenergic beta1 radioligand binding (ligand: [125I] Cyanopindolol),B,,,BAO_0000190,BAO_0000249,cell membrane format,,,,CHEMBL1909046,,,,,CHEMBL1909067,,CHEMBL1909067,,0,,1539909,,15,0,,Not active,IC50,,,,CHEMBL213,Homo sapiens,Beta-1 adrenergic receptor,9606,Not Active,,IC50,,,,
,Inhibition < 50% @ 10 uM and thus dose-reponse curve not measured,7751394,[],CHEMBL1909091,DRUGMATRIX: Adrenergic beta1 radioligand binding (ligand: [125I] Cyanopindolol),B,,,BAO_0000190,BAO_0000249,cell membrane format,CC(=O)O[C@]1(C(C)=O)CC[C@H]2[C@@H]3C=C(C)C4=CC(=O)CC[C@]4(C)[C@H]3CC[C@@]21C,,,CHEMBL1909046,,,,,CHEMBL1201139,MEGESTROL ACETATE,CHEMBL1201139,,0,,1539917,,15,0,,Not active,IC50,,,,CHEMBL213,Homo sapiens,Beta-1 adrenergic receptor,9606,Not Active,,IC50,,,,
,Inhibition < 50% @ 10 uM and thus dose-reponse curve not measured,7751508,[],CHEMBL1909091,DRUGMATRIX: Adrenergic beta1 radioligand binding (ligand: [125I] Cyanopindolol),B,,,BAO_0000190,BAO_0000249,cell membrane format,C#C[C@]1(O)CC[C@H]2[C@@H]3CCc4cc(OC)ccc4[C@H]3CC[C@@]21C,,,CHEMBL1909046,,,,,CHEMBL1201151,MESTRANOL,CHEMBL1201151,,0,,1539925,,15,0,,Not active,IC50,,,,CHEMBL213,Homo sapiens,Beta-1 adrenergic receptor,9606,Not Active,,IC50,,,,
,Inhibition < 50% @ 10 uM and thus dose-reponse curve not measured,7751596,[],CHEMBL1909091,DRUGMATRIX: Adrenergic beta1 radioligand binding (ligand: [125I] Cyanopindolol),B,,,BAO_0000190,BAO_0000249,cell membrane format,C[N+]1(C)[C@@H]2C[C@@H](OC(=O)[C@H](CO)c3ccccc3)C[C@H]1[C@@H]1O[C@@H]12.[Br-],,,CHEMBL1909046,,,,,CHEMBL1354199,METHSCOPOLAMINE BROMIDE,CHEMBL376897,,0,,1539933,,15,0,,Not active,IC50,,,,CHEMBL213,Homo sapiens,Beta-1 adrenergic receptor,9606,Not Active,,IC50,,,,
,Inhibition < 50% @ 10 uM and thus dose-reponse curve not measured,7752129,[],CHEMBL1909091,DRUGMATRIX: Adrenergic beta1 radioligand binding (ligand: [125I] Cyanopindolol),B,,,BAO_0000190,BAO_0000249,cell membrane format,NC(=O)C[S+]([O-])C(c1ccccc1)c1ccccc1,,,CHEMBL1909046,,,,,CHEMBL1373,MODAFINIL,CHEMBL1373,,0,,1539958,,15,0,,Not active,IC50,,,,CHEMBL213,Homo sapiens,Beta-1 adrenergic receptor,9606,Not Active,,IC50,,,,
,Inhibition < 50% @ 10 uM and thus dose-reponse curve not measured,7752230,[],CHEMBL1909091,DRUGMATRIX: Adrenergic beta1 radioligand binding (ligand: [125I] Cyanopindolol),B,,,BAO_0000190,BAO_0000249,cell membrane format,CCN(CC)N=O,,,CHEMBL1909046,,,,,CHEMBL164290,N-NITROSODIETHYLAMINE,CHEMBL164290,,0,,1539966,,15,0,,Not active,IC50,,,,CHEMBL213,Homo sapiens,Beta-1 adrenergic receptor,9606,Not Active,,IC50,,,,
,Inhibition < 50% @ 10 uM and thus dose-reponse curve not measured,7753868,[],CHEMBL1909091,DRUGMATRIX: Adrenergic beta1 radioligand binding (ligand: [125I] Cyanopindolol),B,,,BAO_0000190,BAO_0000249,cell membrane format,COS(C)(=O)=O,,,CHEMBL1909046,,,,,CHEMBL313493,METHANESULFONIC ACID METHYL ESTER,CHEMBL313493,,0,,1539934,,15,0,,Not active,IC50,,,,CHEMBL213,Homo sapiens,Beta-1 adrenergic receptor,9606,Not Active,,IC50,,,,
,Inhibition < 50% @ 10 uM and thus dose-reponse curve not measured,7753970,[],CHEMBL1909091,DRUGMATRIX: Adrenergic beta1 radioligand binding (ligand: [125I] Cyanopindolol),B,,,BAO_0000190,BAO_0000249,cell membrane format,Cc1ccccc1N1C(=O)c2cc(S(N)(=O)=O)c(Cl)cc2NC1C,,,CHEMBL1909046,,,,,CHEMBL878,METOLAZONE,CHEMBL878,,0,,1539942,,15,0,,Not active,IC50,,,,CHEMBL213,Homo sapiens,Beta-1 adrenergic receptor,9606,Not Active,,IC50,,,,
,,7754091,[],CHEMBL1909091,DRUGMATRIX: Adrenergic beta1 radioligand binding (ligand: [125I] Cyanopindolol),B,,,BAO_0000190,BAO_0000249,cell membrane format,Clc1ccc(COC(Cn2ccnc2)c2ccc(Cl)cc2Cl)c(Cl)c1,,,CHEMBL1909046,,,"{'bei': '11.77', 'le': '0.27', 'lle': '-1.55', 'sei': '18.11'}",,CHEMBL91,MICONAZOLE,CHEMBL91,4.90,0,http://www.openphacts.org/units/Nanomolar,1539950,=,15,1,=,,IC50,nM,,12635.0,CHEMBL213,Homo sapiens,Beta-1 adrenergic receptor,9606,,,IC50,uM,UO_0000065,,12.635
,Inhibition < 50% @ 10 uM and thus dose-reponse curve not measured,7754528,[],CHEMBL1909091,DRUGMATRIX: Adrenergic beta1 radioligand binding (ligand: [125I] Cyanopindolol),B,,,BAO_0000190,BAO_0000249,cell membrane format,C=CCN1CC[C@]23c4c5ccc(O)c4O[C@H]2C(=O)CC[C@@]3(O)[C@H]1C5,,,CHEMBL1909046,,,,,CHEMBL80,NALOXONE,CHEMBL80,,0,,1539974,,15,0,,Not active,IC50,,,,CHEMBL213,Homo sapiens,Beta-1 adrenergic receptor,9606,Not Active,,IC50,,,,
,Inhibition < 50% @ 10 uM and thus dose-reponse curve not measured,7754702,[],CHEMBL1909091,DRUGMATRIX: Adrenergic beta1 radioligand binding (ligand: [125I] Cyanopindolol),B,,,BAO_0000190,BAO_0000249,cell membrane format,CCCCC1=NC2(CCCC2)C(=O)N1Cc1ccc(-c2ccccc2-c2nnn[nH]2)cc1,,,CHEMBL1909046,,,,,CHEMBL1513,IRBESARTAN,CHEMBL1513,,0,,1539853,,15,0,,Not active,IC50,,,,CHEMBL213,Homo sapiens,Beta-1 adrenergic receptor,9606,Not Active,,IC50,,,,
,Inhibition < 50% @ 10 uM and thus dose-reponse curve not measured,7754834,[],CHEMBL1909091,DRUGMATRIX: Adrenergic beta1 radioligand binding (ligand: [125I] Cyanopindolol),B,,,BAO_0000190,BAO_0000249,cell membrane format,,,,CHEMBL1909046,,,,,CHEMBL6067487,IVERMECTIN,CHEMBL6067487,,0,,1539861,,15,0,,Not active,IC50,,,,CHEMBL213,Homo sapiens,Beta-1 adrenergic receptor,9606,Not Active,,IC50,,,,
,Inhibition < 50% @ 10 uM and thus dose-reponse curve not measured,7754918,[],CHEMBL1909091,DRUGMATRIX: Adrenergic beta1 radioligand binding (ligand: [125I] Cyanopindolol),B,,,BAO_0000190,BAO_0000249,cell membrane format,CC[C@H](C)[C@@H](CO[C@@H](Cc1ccccc1)C(=O)N[C@@H](CCS(C)(=O)=O)C(=O)OC(C)C)NC[C@@H](N)CS,,,CHEMBL1909046,,,,,CHEMBL1221512,,CHEMBL1221512,,0,,1539869,,15,0,,Not active,IC50,,,,CHEMBL213,Homo sapiens,Beta-1 adrenergic receptor,9606,Not Active,,IC50,,,,
,Inhibition < 50% @ 10 uM and thus dose-reponse curve not measured,7755026,[],CHEMBL1909091,DRUGMATRIX: Adrenergic beta1 radioligand binding (ligand: [125I] Cyanopindolol),B,,,BAO_0000190,BAO_0000249,cell membrane format,Cc1c(OCC(F)(F)F)ccnc1C[S+]([O-])c1nc2ccccc2[nH]1,,,CHEMBL1909046,,,,,CHEMBL480,LANSOPRAZOLE,CHEMBL480,,0,,1539877,,15,0,,Not active,IC50,,,,CHEMBL213,Homo sapiens,Beta-1 adrenergic receptor,9606,Not Active,,IC50,,,,
,Inhibition < 50% @ 10 uM and thus dose-reponse curve not measured,7755154,[],CHEMBL1909091,DRUGMATRIX: Adrenergic beta1 radioligand binding (ligand: [125I] Cyanopindolol),B,,,BAO_0000190,BAO_0000249,cell membrane format,CCCCN1CCCC[C@H]1C(=O)Nc1c(C)cccc1C,,,CHEMBL1909046,,,,,CHEMBL1201193,LEVOBUPIVACAINE,CHEMBL1201193,,0,,1539885,,15,0,,Not active,IC50,,,,CHEMBL213,Homo sapiens,Beta-1 adrenergic receptor,9606,Not Active,,IC50,,,,
,Inhibition < 50% @ 10 uM and thus dose-reponse curve not measured,7755286,[],CHEMBL1909091,DRUGMATRIX: Adrenergic beta1 radioligand binding (ligand: [125I] Cyanopindolol),B,,,BAO_0000190,BAO_0000249,cell membrane format,NCCCC[C@H](N[C@@H](CCc1ccccc1)C(=O)O)C(=O)N1CCC[C@H]1C(=O)O,,,CHEMBL1909046,,,,,CHEMBL1237,LISINOPRIL ANHYDROUS,CHEMBL1237,,0,,1539893,,15,0,,Not active,IC50,,,,CHEMBL213,Homo sapiens,Beta-1 adrenergic receptor,9606,Not Active,,IC50,,,,
,Inhibition < 50% @ 10 uM and thus dose-reponse curve not measured,7755501,[],CHEMBL1909091,DRUGMATRIX: Adrenergic beta1 radioligand binding (ligand: [125I] Cyanopindolol),B,,,BAO_0000190,BAO_0000249,cell membrane format,CC(C(=O)O)c1ccc(CC2CCCC2=O)cc1,,,CHEMBL1909046,,,,,CHEMBL19299,LOXOPROFEN,CHEMBL19299,,0,,1539902,,15,0,,Not active,IC50,,,,CHEMBL213,Homo sapiens,Beta-1 adrenergic receptor,9606,Not Active,,IC50,,,,
,Inhibition < 50% @ 10 uM and thus dose-reponse curve not measured,7755586,[],CHEMBL1909091,DRUGMATRIX: Adrenergic beta1 radioligand binding (ligand: [125I] Cyanopindolol),B,,,BAO_0000190,BAO_0000249,cell membrane format,,,,CHEMBL1909046,,,,,CHEMBL1909068,,CHEMBL1909068,,0,,1539910,,15,0,,Not active,IC50,,,,CHEMBL213,Homo sapiens,Beta-1 adrenergic receptor,9606,Not Active,,IC50,,,,
,Inhibition < 50% @ 10 uM and thus dose-reponse curve not measured,7755704,[],CHEMBL1909091,DRUGMATRIX: Adrenergic beta1 radioligand binding (ligand: [125I] Cyanopindolol),B,,,BAO_0000190,BAO_0000249,cell membrane format,COc1ccc2[nH]cc(CCNC(C)=O)c2c1,,,CHEMBL1909046,,,,,CHEMBL45,MELATONIN,CHEMBL45,,0,,1539918,,15,0,,Not active,IC50,,,,CHEMBL213,Homo sapiens,Beta-1 adrenergic receptor,9606,Not Active,,IC50,,,,
,Inhibition < 50% @ 10 uM and thus dose-reponse curve not measured,7755816,[],CHEMBL1909091,DRUGMATRIX: Adrenergic beta1 radioligand binding (ligand: [125I] Cyanopindolol),B,,,BAO_0000190,BAO_0000249,cell membrane format,CN1C[C@H](CNC(=O)OCc2ccccc2)C[C@@H]2c3cccc4c3c(cn4C)C[C@H]21,,,CHEMBL1909046,,,,,CHEMBL19215,METERGOLINE,CHEMBL19215,,0,,1539926,,15,0,,Not active,IC50,,,,CHEMBL213,Homo sapiens,Beta-1 adrenergic receptor,9606,Not Active,,IC50,,,,
,Inhibition < 50% @ 10 uM and thus dose-reponse curve not measured,7756474,[],CHEMBL1909091,DRUGMATRIX: Adrenergic beta1 radioligand binding (ligand: [125I] Cyanopindolol),B,,,BAO_0000190,BAO_0000249,cell membrane format,Oc1ccc(OCc2ccccc2)cc1,,,CHEMBL1909046,,,,,CHEMBL1388,MONOBENZONE,CHEMBL1388,,0,,1539959,,15,0,,Not active,IC50,,,,CHEMBL213,Homo sapiens,Beta-1 adrenergic receptor,9606,Not Active,,IC50,,,,
,Inhibition < 50% @ 10 uM and thus dose-reponse curve not measured,7756578,[],CHEMBL1909091,DRUGMATRIX: Adrenergic beta1 radioligand binding (ligand: [125I] Cyanopindolol),B,,,BAO_0000190,BAO_0000249,cell membrane format,CN(C)C=O,,,CHEMBL1909046,,,,,CHEMBL268291,DIMETHYLFORMAMIDE,CHEMBL268291,,0,,1539967,,15,0,,Not active,IC50,,,,CHEMBL213,Homo sapiens,Beta-1 adrenergic receptor,9606,Not Active,,IC50,,,,
,Inhibition < 50% @ 10 uM and thus dose-reponse curve not measured,7758225,[],CHEMBL1909091,DRUGMATRIX: Adrenergic beta1 radioligand binding (ligand: [125I] Cyanopindolol),B,,,BAO_0000190,BAO_0000249,cell membrane format,COC(=O)c1ccccc1O,,,CHEMBL1909046,,,,,CHEMBL108545,METHYL SALICYLATE,CHEMBL108545,,0,,1539935,,15,0,,Not active,IC50,,,,CHEMBL213,Homo sapiens,Beta-1 adrenergic receptor,9606,Not Active,,IC50,,,,
,,7758322,[],CHEMBL1909091,DRUGMATRIX: Adrenergic beta1 radioligand binding (ligand: [125I] Cyanopindolol),B,,,BAO_0000190,BAO_0000249,cell membrane format,COCCc1ccc(OCC(O)CNC(C)C)cc1,,,CHEMBL1909046,,,"{'bei': '25.26', 'le': '0.49', 'lle': '5.14', 'sei': '13.32'}",,CHEMBL13,METOPROLOL,CHEMBL13,6.75,0,http://www.openphacts.org/units/Nanomolar,1539943,=,15,1,=,,IC50,nM,,176.0,CHEMBL213,Homo sapiens,Beta-1 adrenergic receptor,9606,,,IC50,uM,UO_0000065,,0.176
,Inhibition < 50% @ 10 uM and thus dose-reponse curve not measured,7758370,[],CHEMBL1909091,DRUGMATRIX: Adrenergic beta1 radioligand binding (ligand: [125I] Cyanopindolol),B,,,BAO_0000190,BAO_0000249,cell membrane format,CC#C[C@]1(O)CC[C@H]2[C@@H]3CCC4=CC(=O)CCC4=C3[C@@H](c3ccc(N(C)C)cc3)C[C@@]21C,,,CHEMBL1909046,,,,,CHEMBL1276308,MIFEPRISTONE,CHEMBL1276308,,0,,1539951,,15,0,,Not active,IC50,,,,CHEMBL213,Homo sapiens,Beta-1 adrenergic receptor,9606,Not Active,,IC50,,,,
,Inhibition < 50% @ 10 uM and thus dose-reponse curve not measured,7758846,[],CHEMBL1909091,DRUGMATRIX: Adrenergic beta1 radioligand binding (ligand: [125I] Cyanopindolol),B,,,BAO_0000190,BAO_0000249,cell membrane format,O=C1CC[C@@]2(O)[C@H]3Cc4ccc(O)c5c4[C@@]2(CCN3CC2CC2)[C@H]1O5,,,CHEMBL1909046,,,,,CHEMBL19019,NALTREXONE,CHEMBL19019,,0,,1539975,,15,0,,Not active,IC50,,,,CHEMBL213,Homo sapiens,Beta-1 adrenergic receptor,9606,Not Active,,IC50,,,,
,Inhibition < 50% @ 10 uM and thus dose-reponse curve not measured,7759025,[],CHEMBL1909091,DRUGMATRIX: Adrenergic beta1 radioligand binding (ligand: [125I] Cyanopindolol),B,,,BAO_0000190,BAO_0000249,cell membrane format,CCc1c2c(nc3ccc(OC(=O)N4CCC(N5CCCCC5)CC4)cc13)-c1cc3c(c(=O)n1C2)COC(=O)[C@]3(O)CC,,,CHEMBL1909046,,,,,CHEMBL481,IRINOTECAN,CHEMBL481,,0,,1539854,,15,0,,Not active,IC50,,,,CHEMBL213,Homo sapiens,Beta-1 adrenergic receptor,9606,Not Active,,IC50,,,,
,Inhibition < 50% @ 10 uM and thus dose-reponse curve not measured,7759143,[],CHEMBL1909091,DRUGMATRIX: Adrenergic beta1 radioligand binding (ligand: [125I] Cyanopindolol),B,,,BAO_0000190,BAO_0000249,cell membrane format,NC[C@H]1O[C@H](O[C@H]2[C@H](O)[C@@H](O[C@H]3O[C@H](CO)[C@@H](O)[C@H](N)[C@H]3O)[C@H](N)C[C@@H]2N)[C@H](O)[C@@H](O)[C@@H]1O,,,CHEMBL1909046,,,,,CHEMBL1384,KANAMYCIN,CHEMBL1384,,0,,1539862,,15,0,,Not active,IC50,,,,CHEMBL213,Homo sapiens,Beta-1 adrenergic receptor,9606,Not Active,,IC50,,,,
,Inhibition < 50% @ 10 uM and thus dose-reponse curve not measured,7759221,[],CHEMBL1909091,DRUGMATRIX: Adrenergic beta1 radioligand binding (ligand: [125I] Cyanopindolol),B,,,BAO_0000190,BAO_0000249,cell membrane format,CC1(C)[C@H]2CC[C@]1(C)C(=O)C2,,,CHEMBL1909046,,,,,CHEMBL2252949,(-)-CAMPHOR,CHEMBL2252949,,0,,1539870,,15,0,,Not active,IC50,,,,CHEMBL213,Homo sapiens,Beta-1 adrenergic receptor,9606,Not Active,,IC50,,,,
,Inhibition < 50% @ 10 uM and thus dose-reponse curve not measured,7759338,[],CHEMBL1909091,DRUGMATRIX: Adrenergic beta1 radioligand binding (ligand: [125I] Cyanopindolol),B,,,BAO_0000190,BAO_0000249,cell membrane format,,,,CHEMBL1909046,,,,,CHEMBL1909062,LEAD (II) ACETATE,CHEMBL1909062,,0,,1539878,,15,0,,Not active,IC50,,,,CHEMBL213,Homo sapiens,Beta-1 adrenergic receptor,9606,Not Active,,IC50,,,,
,Inhibition < 50% @ 10 uM and thus dose-reponse curve not measured,7759467,[],CHEMBL1909091,DRUGMATRIX: Adrenergic beta1 radioligand binding (ligand: [125I] Cyanopindolol),B,,,BAO_0000190,BAO_0000249,cell membrane format,C[N+](C)(C)C[C@H](O)CC(=O)[O-],,,CHEMBL1909046,,,,,CHEMBL1149,LEVOCARNITINE,CHEMBL1149,,0,,1539886,,15,0,,Not active,IC50,,,,CHEMBL213,Homo sapiens,Beta-1 adrenergic receptor,9606,Not Active,,IC50,,,,
,,7759598,[],CHEMBL1909091,DRUGMATRIX: Adrenergic beta1 radioligand binding (ligand: [125I] Cyanopindolol),B,,,BAO_0000190,BAO_0000249,cell membrane format,CCN(CC)C(=O)N[C@H]1C=C2c3cccc4[nH]cc(c34)C[C@H]2N(C)C1,,,CHEMBL1909046,,,"{'bei': '18.47', 'le': '0.34', 'lle': '3.41', 'sei': '12.17'}",,CHEMBL157138,LISURIDE,CHEMBL157138,6.25,0,http://www.openphacts.org/units/Nanomolar,1539894,=,15,1,=,,IC50,nM,,559.0,CHEMBL213,Homo sapiens,Beta-1 adrenergic receptor,9606,,,IC50,uM,UO_0000065,,0.559
,Inhibition < 50% @ 10 uM and thus dose-reponse curve not measured,7759833,[],CHEMBL1909091,DRUGMATRIX: Adrenergic beta1 radioligand binding (ligand: [125I] Cyanopindolol),B,,,BAO_0000190,BAO_0000249,cell membrane format,O=c1cc(N2CCOCC2)oc2c(-c3ccccc3)cccc12,,,CHEMBL1909046,,,,,CHEMBL98350,LY-294002,CHEMBL98350,,0,,1539903,,15,0,,Not active,IC50,,,,CHEMBL213,Homo sapiens,Beta-1 adrenergic receptor,9606,Not Active,,IC50,,,,
,Inhibition < 50% @ 10 uM and thus dose-reponse curve not measured,7759918,[],CHEMBL1909091,DRUGMATRIX: Adrenergic beta1 radioligand binding (ligand: [125I] Cyanopindolol),B,,,BAO_0000190,BAO_0000249,cell membrane format,,,,CHEMBL1909046,,,,,CHEMBL1909069,,CHEMBL1909069,,0,,1539911,,15,0,,Not active,IC50,,,,CHEMBL213,Homo sapiens,Beta-1 adrenergic receptor,9606,Not Active,,IC50,,,,
,Inhibition < 50% @ 10 uM and thus dose-reponse curve not measured,7760038,[],CHEMBL1909091,DRUGMATRIX: Adrenergic beta1 radioligand binding (ligand: [125I] Cyanopindolol),B,,,BAO_0000190,BAO_0000249,cell membrane format,Cc1cnc(NC(=O)C2=C(O)c3ccccc3S(=O)(=O)N2C)s1,,,CHEMBL1909046,,,,,CHEMBL599,MELOXICAM,CHEMBL599,,0,,1539919,,15,0,,Not active,IC50,,,,CHEMBL213,Homo sapiens,Beta-1 adrenergic receptor,9606,Not Active,,IC50,,,,
,Inhibition < 50% @ 10 uM and thus dose-reponse curve not measured,7760115,[],CHEMBL1909091,DRUGMATRIX: Adrenergic beta1 radioligand binding (ligand: [125I] Cyanopindolol),B,,,BAO_0000190,BAO_0000249,cell membrane format,CN(C)C(=N)NC(=N)N,,,CHEMBL1909046,,,,,CHEMBL1431,METFORMIN,CHEMBL1431,,0,,1539927,,15,0,,Not active,IC50,,,,CHEMBL213,Homo sapiens,Beta-1 adrenergic receptor,9606,Not Active,,IC50,,,,
,Inhibition < 50% @ 10 uM and thus dose-reponse curve not measured,7760635,[],CHEMBL1909091,DRUGMATRIX: Adrenergic beta1 radioligand binding (ligand: [125I] Cyanopindolol),B,,,BAO_0000190,BAO_0000249,cell membrane format,Cc1[nH]c(=O)c(C#N)cc1-c1ccncc1,,,CHEMBL1909046,,,,,CHEMBL189,MILRINONE,CHEMBL189,,0,,1539952,,15,0,,Not active,IC50,,,,CHEMBL213,Homo sapiens,Beta-1 adrenergic receptor,9606,Not Active,,IC50,,,,
,Inhibition < 50% @ 10 uM and thus dose-reponse curve not measured,7760755,[],CHEMBL1909091,DRUGMATRIX: Adrenergic beta1 radioligand binding (ligand: [125I] Cyanopindolol),B,,,BAO_0000190,BAO_0000249,cell membrane format,CC(C)(O)c1ccccc1CC[C@@H](SCC1(CC(=O)O)CC1)c1cccc(/C=C/c2ccc3ccc(Cl)cc3n2)c1,,,CHEMBL1909046,,,,,CHEMBL787,MONTELUKAST,CHEMBL787,,0,,1539960,,15,0,,Not active,IC50,,,,CHEMBL213,Homo sapiens,Beta-1 adrenergic receptor,9606,Not Active,,IC50,,,,
,Inhibition < 50% @ 10 uM and thus dose-reponse curve not measured,7760870,[],CHEMBL1909091,DRUGMATRIX: Adrenergic beta1 radioligand binding (ligand: [125I] Cyanopindolol),B,,,BAO_0000190,BAO_0000249,cell membrane format,c1ccc(Nc2ccc(Nc3ccccc3)cc2)cc1,,,CHEMBL1909046,,,,,CHEMBL1333512,"N,N'-DIPHENYL-P-PHENYLENEDIAMINE",CHEMBL1333512,,0,,1539968,,15,0,,Not active,IC50,,,,CHEMBL213,Homo sapiens,Beta-1 adrenergic receptor,9606,Not Active,,IC50,,,,
,Inhibition < 50% @ 10 uM and thus dose-reponse curve not measured,7760916,[],CHEMBL1909091,DRUGMATRIX: Adrenergic beta1 radioligand binding (ligand: [125I] Cyanopindolol),B,,,BAO_0000190,BAO_0000249,cell membrane format,CC1Cc2ccccc2N1NC(=O)c1ccc(Cl)c(S(N)(=O)=O)c1,,,CHEMBL1909046,,,,,CHEMBL406,INDAPAMIDE,CHEMBL406,,0,,1539846,,15,0,,Not active,IC50,,,,CHEMBL213,Homo sapiens,Beta-1 adrenergic receptor,9606,Not Active,,IC50,,,,
,Inhibition < 50% @ 10 uM and thus dose-reponse curve not measured,7762596,[],CHEMBL1909091,DRUGMATRIX: Adrenergic beta1 radioligand binding (ligand: [125I] Cyanopindolol),B,,,BAO_0000190,BAO_0000249,cell membrane format,Cc1ncc([N+](=O)[O-])n1CCO,,,CHEMBL1909046,,,,,CHEMBL137,METRONIDAZOLE,CHEMBL137,,0,,1539944,,15,0,,Not active,IC50,,,,CHEMBL213,Homo sapiens,Beta-1 adrenergic receptor,9606,Not Active,,IC50,,,,
,Inhibition < 50% @ 10 uM and thus dose-reponse curve not measured,7763295,[],CHEMBL1909091,DRUGMATRIX: Adrenergic beta1 radioligand binding (ligand: [125I] Cyanopindolol),B,,,BAO_0000190,BAO_0000249,cell membrane format,Nc1nc(N)nc(-c2cc(Cl)ccc2Cl)n1.O=C(O)/C=C\C(=O)O,,,CHEMBL1909046,,,,,CHEMBL1712923,IRSOGLADINE MALEATE,CHEMBL136497,,0,,1539855,,15,0,,Not active,IC50,,,,CHEMBL213,Homo sapiens,Beta-1 adrenergic receptor,9606,Not Active,,IC50,,,,
,Inhibition < 50% @ 10 uM and thus dose-reponse curve not measured,7763416,[],CHEMBL1909091,DRUGMATRIX: Adrenergic beta1 radioligand binding (ligand: [125I] Cyanopindolol),B,,,BAO_0000190,BAO_0000249,cell membrane format,CNC1(c2ccccc2Cl)CCCCC1=O,,,CHEMBL1909046,,,,,CHEMBL742,KETAMINE,CHEMBL742,,0,,1539863,,15,0,,Not active,IC50,,,,CHEMBL213,Homo sapiens,Beta-1 adrenergic receptor,9606,Not Active,,IC50,,,,
,Inhibition < 50% @ 10 uM and thus dose-reponse curve not measured,7763491,[],CHEMBL1909091,DRUGMATRIX: Adrenergic beta1 radioligand binding (ligand: [125I] Cyanopindolol),B,,,BAO_0000190,BAO_0000249,cell membrane format,N[C@@H](Cn1ccc(=O)c(O)c1)C(=O)O,,,CHEMBL1909046,,,,,CHEMBL245416,L-MIMOSINE,CHEMBL245416,,0,,1539871,,15,0,,Not active,IC50,,,,CHEMBL213,Homo sapiens,Beta-1 adrenergic receptor,9606,Not Active,,IC50,,,,
,Inhibition < 50% @ 10 uM and thus dose-reponse curve not measured,7763605,[],CHEMBL1909091,DRUGMATRIX: Adrenergic beta1 radioligand binding (ligand: [125I] Cyanopindolol),B,,,BAO_0000190,BAO_0000249,cell membrane format,,,,CHEMBL1909046,,,,,CHEMBL1909063,LEAD(IV) ACETATE,CHEMBL1909063,,0,,1539879,,15,0,,Not active,IC50,,,,CHEMBL213,Homo sapiens,Beta-1 adrenergic receptor,9606,Not Active,,IC50,,,,
,Inhibition < 50% @ 10 uM and thus dose-reponse curve not measured,7763735,[],CHEMBL1909091,DRUGMATRIX: Adrenergic beta1 radioligand binding (ligand: [125I] Cyanopindolol),B,,,BAO_0000190,BAO_0000249,cell membrane format,N[C@@H](Cc1ccc(O)c(O)c1)C(=O)O,,,CHEMBL1909046,,,,,CHEMBL1009,LEVODOPA,CHEMBL1009,,0,,1539887,,15,0,,Not active,IC50,,,,CHEMBL213,Homo sapiens,Beta-1 adrenergic receptor,9606,Not Active,,IC50,,,,
,Inhibition < 50% @ 10 uM and thus dose-reponse curve not measured,7763836,[],CHEMBL1909091,DRUGMATRIX: Adrenergic beta1 radioligand binding (ligand: [125I] Cyanopindolol),B,,,BAO_0000190,BAO_0000249,cell membrane format,CCn1cc(C(=O)O)c(=O)c2cc(F)c(N3CCNC(C)C3)c(F)c21,,,CHEMBL1909046,,,,,CHEMBL561,LOMEFLOXACIN,CHEMBL561,,0,,1539895,,15,0,,Not active,IC50,,,,CHEMBL213,Homo sapiens,Beta-1 adrenergic receptor,9606,Not Active,,IC50,,,,
,Inhibition < 50% @ 10 uM and thus dose-reponse curve not measured,7764077,[],CHEMBL1909091,DRUGMATRIX: Adrenergic beta1 radioligand binding (ligand: [125I] Cyanopindolol),B,,,BAO_0000190,BAO_0000249,cell membrane format,CO[C@@H]1[C@@H](OC)[C@H](C)[C@@](O)(CC(=O)O)O[C@H]1[C@H](C)[C@H]1O[C@@]2(CC[C@@](C)([C@H]3CC[C@@](C)([C@@H]4O[C@@H]([C@H]5O[C@](C)(O)[C@H](C)C[C@@H]5C)C[C@@H]4O[C@@H]4C[C@H](OC)[C@@H](OC)[C@H](C)O4)O3)O2)C[C@H](O)[C@H]1C,,,CHEMBL1909046,,,,,CHEMBL1909065,MADURAMICIN ACID,CHEMBL1909065,,0,,1539904,,15,0,,Not active,IC50,,,,CHEMBL213,Homo sapiens,Beta-1 adrenergic receptor,9606,Not Active,,IC50,,,,
,Inhibition < 50% @ 10 uM and thus dose-reponse curve not measured,7764173,[],CHEMBL1909091,DRUGMATRIX: Adrenergic beta1 radioligand binding (ligand: [125I] Cyanopindolol),B,,,BAO_0000190,BAO_0000249,cell membrane format,COC(=O)Nc1nc2cc(C(=O)c3ccccc3)ccc2[nH]1,,,CHEMBL1909046,,,,,CHEMBL685,MEBENDAZOLE,CHEMBL685,,0,,1539912,,15,0,,Not active,IC50,,,,CHEMBL213,Homo sapiens,Beta-1 adrenergic receptor,9606,Not Active,,IC50,,,,
,Inhibition < 50% @ 10 uM and thus dose-reponse curve not measured,7764296,[],CHEMBL1909091,DRUGMATRIX: Adrenergic beta1 radioligand binding (ligand: [125I] Cyanopindolol),B,,,BAO_0000190,BAO_0000249,cell membrane format,N[C@@H](Cc1ccc(N(CCCl)CCCl)cc1)C(=O)O,,,CHEMBL1909046,,,,,CHEMBL852,MELPHALAN,CHEMBL852,,0,,1539920,,15,0,,Not active,IC50,,,,CHEMBL213,Homo sapiens,Beta-1 adrenergic receptor,9606,Not Active,,IC50,,,,
,Inhibition < 50% @ 10 uM and thus dose-reponse curve not measured,7764373,[],CHEMBL1909091,DRUGMATRIX: Adrenergic beta1 radioligand binding (ligand: [125I] Cyanopindolol),B,,,BAO_0000190,BAO_0000249,cell membrane format,CN(C)CCN(Cc1cccs1)c1ccccn1,,,CHEMBL1909046,,,,,CHEMBL1411979,METHAPYRILENE,CHEMBL1411979,,0,,1539928,,15,0,,Not active,IC50,,,,CHEMBL213,Homo sapiens,Beta-1 adrenergic receptor,9606,Not Active,,IC50,,,,
,Inhibition < 50% @ 10 uM and thus dose-reponse curve not measured,7764505,[],CHEMBL1909091,DRUGMATRIX: Adrenergic beta1 radioligand binding (ligand: [125I] Cyanopindolol),B,,,BAO_0000190,BAO_0000249,cell membrane format,C[C@](N)(Cc1ccc(O)c(O)c1)C(=O)O,,,CHEMBL1909046,,,,,CHEMBL459,METHYLDOPA,CHEMBL459,,0,,1539936,,15,0,,Not active,IC50,,,,CHEMBL213,Homo sapiens,Beta-1 adrenergic receptor,9606,Not Active,,IC50,,,,
,Inhibition < 50% @ 10 uM and thus dose-reponse curve not measured,7764896,[],CHEMBL1909091,DRUGMATRIX: Adrenergic beta1 radioligand binding (ligand: [125I] Cyanopindolol),B,,,BAO_0000190,BAO_0000249,cell membrane format,Nc1cc(N2CCCCC2)nc(N)[n+]1[O-],,,CHEMBL1909046,,,,,CHEMBL802,MINOXIDIL,CHEMBL802,,0,,1539953,,15,0,,Not active,IC50,,,,CHEMBL213,Homo sapiens,Beta-1 adrenergic receptor,9606,Not Active,,IC50,,,,
,Inhibition < 50% @ 10 uM and thus dose-reponse curve not measured,7765001,[],CHEMBL1909091,DRUGMATRIX: Adrenergic beta1 radioligand binding (ligand: [125I] Cyanopindolol),B,,,BAO_0000190,BAO_0000249,cell membrane format,CCOc1cc(N)c(Cl)cc1C(=O)NCC1CN(Cc2ccc(F)cc2)CCO1,,,CHEMBL1909046,,,,,CHEMBL60889,MOSAPRIDE,CHEMBL60889,,0,,1539961,,15,0,,Not active,IC50,,,,CHEMBL213,Homo sapiens,Beta-1 adrenergic receptor,9606,Not Active,,IC50,,,,
,Inhibition < 50% @ 10 uM and thus dose-reponse curve not measured,7765129,[],CHEMBL1909091,DRUGMATRIX: Adrenergic beta1 radioligand binding (ligand: [125I] Cyanopindolol),B,,,BAO_0000190,BAO_0000249,cell membrane format,COc1ccc2cc(CCC(C)=O)ccc2c1,,,CHEMBL1909046,,,,,CHEMBL1070,NABUMETONE,CHEMBL1070,,0,,1539969,,15,0,,Not active,IC50,,,,CHEMBL213,Homo sapiens,Beta-1 adrenergic receptor,9606,Not Active,,IC50,,,,
,Inhibition < 50% @ 10 uM and thus dose-reponse curve not measured,7765179,[],CHEMBL1909091,DRUGMATRIX: Adrenergic beta1 radioligand binding (ligand: [125I] Cyanopindolol),B,,,BAO_0000190,BAO_0000249,cell membrane format,CC(C)(C)NC(=O)[C@@H]1CN(Cc2cccnc2)CCN1C[C@@H](O)C[C@@H](Cc1ccccc1)C(=O)N[C@H]1c2ccccc2C[C@H]1O.O,,,CHEMBL1909046,,,,,CHEMBL5483011,INDINAVIR,CHEMBL115,,0,,1539847,,15,0,,Not active,IC50,,,,CHEMBL213,Homo sapiens,Beta-1 adrenergic receptor,9606,Not Active,,IC50,,,,
,Inhibition < 50% @ 10 uM and thus dose-reponse curve not measured,7766629,[],CHEMBL1909091,DRUGMATRIX: Adrenergic beta1 radioligand binding (ligand: [125I] Cyanopindolol),B,,,BAO_0000190,BAO_0000249,cell membrane format,Cn1ccnc1S,,,CHEMBL1909046,,,,,CHEMBL1515,METHIMAZOLE,CHEMBL1515,,0,,1539929,,15,0,,Not active,IC50,,,,CHEMBL213,Homo sapiens,Beta-1 adrenergic receptor,9606,Not Active,,IC50,,,,
,Inhibition < 50% @ 10 uM and thus dose-reponse curve not measured,7766768,[],CHEMBL1909091,DRUGMATRIX: Adrenergic beta1 radioligand binding (ligand: [125I] Cyanopindolol),B,,,BAO_0000190,BAO_0000249,cell membrane format,CC[C@@H](CO)NC(=O)[C@@H]1C=C2c3cccc4[nH]cc(c34)C[C@H]2N(C)C1,,,CHEMBL1909046,,,,,CHEMBL1201356,METHYLERGONOVINE,CHEMBL1201356,,0,,1539937,,15,0,,Not active,IC50,,,,CHEMBL213,Homo sapiens,Beta-1 adrenergic receptor,9606,Not Active,,IC50,,,,
,Inhibition < 50% @ 10 uM and thus dose-reponse curve not measured,7766868,[],CHEMBL1909091,DRUGMATRIX: Adrenergic beta1 radioligand binding (ligand: [125I] Cyanopindolol),B,,,BAO_0000190,BAO_0000249,cell membrane format,CC(C)(C(=O)c1cccnc1)c1cccnc1,,,CHEMBL1909046,,,,,CHEMBL934,METYRAPONE,CHEMBL934,,0,,1539945,,15,0,,Not active,IC50,,,,CHEMBL213,Homo sapiens,Beta-1 adrenergic receptor,9606,Not Active,,IC50,,,,
,Inhibition < 50% @ 10 uM and thus dose-reponse curve not measured,7767563,[],CHEMBL1909091,DRUGMATRIX: Adrenergic beta1 radioligand binding (ligand: [125I] Cyanopindolol),B,,,BAO_0000190,BAO_0000249,cell membrane format,C/C=C\c1ccc(O)c(OC)c1,,,CHEMBL1909046,,,,,CHEMBL445206,ISOEUGENOL,CHEMBL445206,,0,,1539856,,15,0,,Not active,IC50,,,,CHEMBL213,Homo sapiens,Beta-1 adrenergic receptor,9606,Not Active,,IC50,,,,
,Inhibition < 50% @ 10 uM and thus dose-reponse curve not measured,7767682,[],CHEMBL1909091,DRUGMATRIX: Adrenergic beta1 radioligand binding (ligand: [125I] Cyanopindolol),B,,,BAO_0000190,BAO_0000249,cell membrane format,CC(=O)N1CCN(c2ccc(OCC3COC(Cn4ccnc4)(c4ccc(Cl)cc4Cl)O3)cc2)CC1,,,CHEMBL1909046,,,,,CHEMBL157101,KETOCONAZOLE,CHEMBL157101,,0,,1539864,,15,0,,Not active,IC50,,,,CHEMBL213,Homo sapiens,Beta-1 adrenergic receptor,9606,Not Active,,IC50,,,,
,,7767766,[],CHEMBL1909091,DRUGMATRIX: Adrenergic beta1 radioligand binding (ligand: [125I] Cyanopindolol),B,,,BAO_0000190,BAO_0000249,cell membrane format,CC(CCc1ccccc1)NCC(O)c1ccc(O)c(C(N)=O)c1,,,CHEMBL1909046,,,"{'bei': '24.36', 'le': '0.46', 'lle': '5.86', 'sei': '8.37'}",,CHEMBL429,LABETALOL,CHEMBL429,8.00,0,http://www.openphacts.org/units/Nanomolar,1539872,=,15,1,=,,IC50,nM,,10.0,CHEMBL213,Homo sapiens,Beta-1 adrenergic receptor,9606,,,IC50,uM,UO_0000065,,0.01
,Inhibition < 50% @ 10 uM and thus dose-reponse curve not measured,7767889,[],CHEMBL1909091,DRUGMATRIX: Adrenergic beta1 radioligand binding (ligand: [125I] Cyanopindolol),B,,,BAO_0000190,BAO_0000249,cell membrane format,Cc1oncc1C(=O)Nc1ccc(C(F)(F)F)cc1,,,CHEMBL1909046,,,,,CHEMBL960,LEFLUNOMIDE,CHEMBL960,,0,,1539880,,15,0,,Not active,IC50,,,,CHEMBL213,Homo sapiens,Beta-1 adrenergic receptor,9606,Not Active,,IC50,,,,
,Inhibition < 50% @ 10 uM and thus dose-reponse curve not measured,7768021,[],CHEMBL1909091,DRUGMATRIX: Adrenergic beta1 radioligand binding (ligand: [125I] Cyanopindolol),B,,,BAO_0000190,BAO_0000249,cell membrane format,C[C@H]1COc2c(N3CCN(C)CC3)c(F)cc3c(=O)c(C(=O)O)cn1c23.C[C@H]1COc2c(N3CCN(C)CC3)c(F)cc3c(=O)c(C(=O)O)cn1c23.O,,,CHEMBL1909046,,,,,CHEMBL5315124,LEVOFLOXACIN,CHEMBL33,,0,,1539888,,15,0,,Not active,IC50,,,,CHEMBL213,Homo sapiens,Beta-1 adrenergic receptor,9606,Not Active,,IC50,,,,
,Inhibition < 50% @ 10 uM and thus dose-reponse curve not measured,7768126,[],CHEMBL1909091,DRUGMATRIX: Adrenergic beta1 radioligand binding (ligand: [125I] Cyanopindolol),B,,,BAO_0000190,BAO_0000249,cell membrane format,O=NN(CCCl)C(=O)NC1CCCCC1,,,CHEMBL1909046,,,,,CHEMBL514,LOMUSTINE,CHEMBL514,,0,,1539896,,15,0,,Not active,IC50,,,,CHEMBL213,Homo sapiens,Beta-1 adrenergic receptor,9606,Not Active,,IC50,,,,
,Inhibition < 50% @ 10 uM and thus dose-reponse curve not measured,7768348,[],CHEMBL1909091,DRUGMATRIX: Adrenergic beta1 radioligand binding (ligand: [125I] Cyanopindolol),B,,,BAO_0000190,BAO_0000249,cell membrane format,CO[C@@H]1[C@@H](OC)[C@H](C)[C@@](O)(CC(=O)O)O[C@H]1[C@H](C)[C@H]1O[C@@]2(CC[C@@](C)([C@H]3CC[C@@](C)([C@@H]4O[C@@H]([C@H]5O[C@](C)(O)[C@H](C)C[C@@H]5C)C[C@@H]4O[C@@H]4C[C@H](OC)[C@@H](OC)[C@H](C)O4)O3)O2)C[C@H](O)[C@H]1C.N,,,CHEMBL1909046,,,,,CHEMBL2105807,MADURAMICIN,CHEMBL1909065,,0,,1539905,,15,0,,Not active,IC50,,,,CHEMBL213,Homo sapiens,Beta-1 adrenergic receptor,9606,Not Active,,IC50,,,,
,Inhibition < 50% @ 10 uM and thus dose-reponse curve not measured,7768454,[],CHEMBL1909091,DRUGMATRIX: Adrenergic beta1 radioligand binding (ligand: [125I] Cyanopindolol),B,,,BAO_0000190,BAO_0000249,cell membrane format,Cc1ccc(Cl)c(Nc2ccccc2C(=O)O)c1Cl,,,CHEMBL1909046,,,,,CHEMBL509,MECLOFENAMIC ACID,CHEMBL509,,0,,1539913,,15,0,,Not active,IC50,,,,CHEMBL213,Homo sapiens,Beta-1 adrenergic receptor,9606,Not Active,,IC50,,,,
,Inhibition < 50% @ 10 uM and thus dose-reponse curve not measured,7768579,[],CHEMBL1909091,DRUGMATRIX: Adrenergic beta1 radioligand binding (ligand: [125I] Cyanopindolol),B,,,BAO_0000190,BAO_0000249,cell membrane format,CN1CCCC(CN2c3ccccc3Sc3ccccc32)C1,,,CHEMBL1909046,,,,,CHEMBL395110,MEPAZINE,CHEMBL395110,,0,,1539921,,15,0,,Not active,IC50,,,,CHEMBL213,Homo sapiens,Beta-1 adrenergic receptor,9606,Not Active,,IC50,,,,
,Inhibition < 50% @ 10 uM and thus dose-reponse curve not measured,7769183,[],CHEMBL1909091,DRUGMATRIX: Adrenergic beta1 radioligand binding (ligand: [125I] Cyanopindolol),B,,,BAO_0000190,BAO_0000249,cell membrane format,CO[C@@]12[C@H](COC(N)=O)C3=C(C(=O)C(C)=C(N)C3=O)N1C[C@@H]1N[C@@H]12,,,CHEMBL1909046,,,,,CHEMBL105,MITOMYCIN,CHEMBL105,,0,,1539954,,15,0,,Not active,IC50,,,,CHEMBL213,Homo sapiens,Beta-1 adrenergic receptor,9606,Not Active,,IC50,,,,
,Inhibition < 50% @ 10 uM and thus dose-reponse curve not measured,7769275,[],CHEMBL1909091,DRUGMATRIX: Adrenergic beta1 radioligand binding (ligand: [125I] Cyanopindolol),B,,,BAO_0000190,BAO_0000249,cell membrane format,COc1nc(C)nc(Cl)c1NC1=NCCN1,,,CHEMBL1909046,,,,,CHEMBL19236,MOXONIDINE,CHEMBL19236,,0,,1539962,,15,0,,Not active,IC50,,,,CHEMBL213,Homo sapiens,Beta-1 adrenergic receptor,9606,Not Active,,IC50,,,,
,Inhibition < 50% @ 10 uM and thus dose-reponse curve not measured,7769409,[],CHEMBL1909091,DRUGMATRIX: Adrenergic beta1 radioligand binding (ligand: [125I] Cyanopindolol),B,,,BAO_0000190,BAO_0000249,cell membrane format,CC(C)(C)NCC(O)COc1cccc2c1CC(O)C(O)C2,,,CHEMBL1909046,,,,,CHEMBL521606,NADOLOL,CHEMBL521606,,0,,1539970,,15,0,,Not active,IC50,,,,CHEMBL213,Homo sapiens,Beta-1 adrenergic receptor,9606,Not Active,,IC50,,,,
,Inhibition < 50% @ 10 uM and thus dose-reponse curve not measured,7769458,[],CHEMBL1909091,DRUGMATRIX: Adrenergic beta1 radioligand binding (ligand: [125I] Cyanopindolol),B,,,BAO_0000190,BAO_0000249,cell membrane format,COc1ccc2c(c1)c(CC(=O)O)c(C)n2C(=O)c1ccc(Cl)cc1,,,CHEMBL1909046,,,,,CHEMBL6,INDOMETHACIN,CHEMBL6,,0,,1539848,,15,0,,Not active,IC50,,,,CHEMBL213,Homo sapiens,Beta-1 adrenergic receptor,9606,Not Active,,IC50,,,,
,Inhibition < 50% @ 10 uM and thus dose-reponse curve not measured,7770918,[],CHEMBL1909091,DRUGMATRIX: Adrenergic beta1 radioligand binding (ligand: [125I] Cyanopindolol),B,,,BAO_0000190,BAO_0000249,cell membrane format,COc1ccccc1OCC(O)COC(N)=O,,,CHEMBL1909046,,,,,CHEMBL1201117,METHOCARBAMOL,CHEMBL1201117,,0,,1539930,,15,0,,Not active,IC50,,,,CHEMBL213,Homo sapiens,Beta-1 adrenergic receptor,9606,Not Active,,IC50,,,,
,Inhibition < 50% @ 10 uM and thus dose-reponse curve not measured,7771047,[],CHEMBL1909091,DRUGMATRIX: Adrenergic beta1 radioligand binding (ligand: [125I] Cyanopindolol),B,,,BAO_0000190,BAO_0000249,cell membrane format,COC(=O)c1ccc(O)cc1,,,CHEMBL1909046,,,,,CHEMBL325372,METHYLPARABEN,CHEMBL325372,,0,,1539938,,15,0,,Not active,IC50,,,,CHEMBL213,Homo sapiens,Beta-1 adrenergic receptor,9606,Not Active,,IC50,,,,
,Inhibition < 50% @ 10 uM and thus dose-reponse curve not measured,7771159,[],CHEMBL1909091,DRUGMATRIX: Adrenergic beta1 radioligand binding (ligand: [125I] Cyanopindolol),B,,,BAO_0000190,BAO_0000249,cell membrane format,C[C@](N)(Cc1ccc(O)cc1)C(=O)O,,,CHEMBL1909046,,,,,CHEMBL1200862,METYROSINE,CHEMBL1200862,,0,,1539946,,15,0,,Not active,IC50,,,,CHEMBL213,Homo sapiens,Beta-1 adrenergic receptor,9606,Not Active,,IC50,,,,
,Inhibition < 50% @ 10 uM and thus dose-reponse curve not measured,7771953,[],CHEMBL1909091,DRUGMATRIX: Adrenergic beta1 radioligand binding (ligand: [125I] Cyanopindolol),B,,,BAO_0000190,BAO_0000249,cell membrane format,CC(C(=O)O)c1cccc(C(=O)c2ccccc2)c1,,,CHEMBL1909046,,,,,CHEMBL571,KETOPROFEN,CHEMBL571,,0,,1539865,,15,0,,Not active,IC50,,,,CHEMBL213,Homo sapiens,Beta-1 adrenergic receptor,9606,Not Active,,IC50,,,,
,Inhibition < 50% @ 10 uM and thus dose-reponse curve not measured,7772039,[],CHEMBL1909091,DRUGMATRIX: Adrenergic beta1 radioligand binding (ligand: [125I] Cyanopindolol),B,,,BAO_0000190,BAO_0000249,cell membrane format,CCOC(=O)C1=C(C)NC(C)=C(C(=O)OCC)C1c1ccccc1/C=C/C(=O)OC(C)(C)C,,,CHEMBL1909046,,,,,CHEMBL460291,LACIDIPINE,CHEMBL460291,,0,,1539873,,15,0,,Not active,IC50,,,,CHEMBL213,Homo sapiens,Beta-1 adrenergic receptor,9606,Not Active,,IC50,,,,
,Inhibition < 50% @ 10 uM and thus dose-reponse curve not measured,7772171,[],CHEMBL1909091,DRUGMATRIX: Adrenergic beta1 radioligand binding (ligand: [125I] Cyanopindolol),B,,,BAO_0000190,BAO_0000249,cell membrane format,N#Cc1ccc(C(c2ccc(C#N)cc2)n2cncn2)cc1,,,CHEMBL1909046,,,,,CHEMBL1444,LETROZOLE,CHEMBL1444,,0,,1539881,,15,0,,Not active,IC50,,,,CHEMBL213,Homo sapiens,Beta-1 adrenergic receptor,9606,Not Active,,IC50,,,,
,Inhibition < 50% @ 10 uM and thus dose-reponse curve not measured,7772304,[],CHEMBL1909091,DRUGMATRIX: Adrenergic beta1 radioligand binding (ligand: [125I] Cyanopindolol),B,,,BAO_0000190,BAO_0000249,cell membrane format,CCN1CCC[C@H]1CNC(=O)c1cc(S(N)(=O)=O)ccc1OC,,,CHEMBL1909046,,,,,CHEMBL267044,LEVOSULPIRIDE,CHEMBL267044,,0,,1539889,,15,0,,Not active,IC50,,,,CHEMBL213,Homo sapiens,Beta-1 adrenergic receptor,9606,Not Active,,IC50,,,,
,Inhibition < 50% @ 10 uM and thus dose-reponse curve not measured,7772412,[],CHEMBL1909091,DRUGMATRIX: Adrenergic beta1 radioligand binding (ligand: [125I] Cyanopindolol),B,,,BAO_0000190,BAO_0000249,cell membrane format,CN(C)C(=O)C(CCN1CCC(O)(c2ccc(Cl)cc2)CC1)(c1ccccc1)c1ccccc1,,,CHEMBL1909046,,,,,CHEMBL841,LOPERAMIDE,CHEMBL841,,0,,1539897,,15,0,,Not active,IC50,,,,CHEMBL213,Homo sapiens,Beta-1 adrenergic receptor,9606,Not Active,,IC50,,,,
,Inhibition < 50% @ 10 uM and thus dose-reponse curve not measured,7772637,[],CHEMBL1909091,DRUGMATRIX: Adrenergic beta1 radioligand binding (ligand: [125I] Cyanopindolol),B,,,BAO_0000190,BAO_0000249,cell membrane format,,,,CHEMBL1909046,,,,,CHEMBL1200693,MANGANESE CHLORIDE ANHYDROUS,CHEMBL1200693,,0,,1539906,,15,0,,Not active,IC50,,,,CHEMBL213,Homo sapiens,Beta-1 adrenergic receptor,9606,Not Active,,IC50,,,,
,Inhibition < 50% @ 10 uM and thus dose-reponse curve not measured,7772740,[],CHEMBL1909091,DRUGMATRIX: Adrenergic beta1 radioligand binding (ligand: [125I] Cyanopindolol),B,,,BAO_0000190,BAO_0000249,cell membrane format,CC(=O)[C@@]1(O)CC[C@H]2[C@@H]3C[C@H](C)C4=CC(=O)CC[C@]4(C)[C@H]3CC[C@@]21C,,,CHEMBL1909046,,,,,CHEMBL1390,,CHEMBL1390,,0,,1539914,,15,0,,Not active,IC50,,,,CHEMBL213,Homo sapiens,Beta-1 adrenergic receptor,9606,Not Active,,IC50,,,,
,Inhibition < 50% @ 10 uM and thus dose-reponse curve not measured,7772844,[],CHEMBL1909091,DRUGMATRIX: Adrenergic beta1 radioligand binding (ligand: [125I] Cyanopindolol),B,,,BAO_0000190,BAO_0000249,cell membrane format,Cc1cccc(C)c1NC(=O)C1CCCCN1C,,,CHEMBL1909046,,,,,CHEMBL1087,MEPIVACAINE,CHEMBL1087,,0,,1539922,,15,0,,Not active,IC50,,,,CHEMBL213,Homo sapiens,Beta-1 adrenergic receptor,9606,Not Active,,IC50,,,,
,Inhibition < 50% @ 10 uM and thus dose-reponse curve not measured,7773458,[],CHEMBL1909091,DRUGMATRIX: Adrenergic beta1 radioligand binding (ligand: [125I] Cyanopindolol),B,,,BAO_0000190,BAO_0000249,cell membrane format,Clc1ccc(C(c2ccccc2Cl)C(Cl)Cl)cc1,,,CHEMBL1909046,,,,,CHEMBL1670,MITOTANE,CHEMBL1670,,0,,1539955,,15,0,,Not active,IC50,,,,CHEMBL213,Homo sapiens,Beta-1 adrenergic receptor,9606,Not Active,,IC50,,,,
,Inhibition < 50% @ 10 uM and thus dose-reponse curve not measured,7773544,[],CHEMBL1909091,DRUGMATRIX: Adrenergic beta1 radioligand binding (ligand: [125I] Cyanopindolol),B,,,BAO_0000190,BAO_0000249,cell membrane format,COc1c(C)c2c(c(O)c1C/C=C(\C)CCC(=O)OCCN1CCOCC1)C(=O)OC2,,,CHEMBL1909046,,,,,CHEMBL1456,MYCOPHENOLATE MOFETIL,CHEMBL1456,,0,,1539963,,15,0,,Not active,IC50,,,,CHEMBL213,Homo sapiens,Beta-1 adrenergic receptor,9606,Not Active,,IC50,,,,
,Inhibition < 50% @ 10 uM and thus dose-reponse curve not measured,7773681,[],CHEMBL1909091,DRUGMATRIX: Adrenergic beta1 radioligand binding (ligand: [125I] Cyanopindolol),B,,,BAO_0000190,BAO_0000249,cell membrane format,CC(C)(Oc1ccc(C2CCCc3ccccc32)cc1)C(=O)O,,,CHEMBL1909046,,,,,CHEMBL1909070,NAFENOPIN,CHEMBL1909070,,0,,1539971,,15,0,,Not active,IC50,,,,CHEMBL213,Homo sapiens,Beta-1 adrenergic receptor,9606,Not Active,,IC50,,,,
,Inhibition < 50% @ 10 uM and thus dose-reponse curve not measured,7773727,[],CHEMBL1909091,DRUGMATRIX: Adrenergic beta1 radioligand binding (ligand: [125I] Cyanopindolol),B,,,BAO_0000190,BAO_0000249,cell membrane format,,,,CHEMBL1909046,,,,,CHEMBL1201631,INSULIN HUMAN,CHEMBL1201631,,0,,1539849,,15,0,,Not active,IC50,,,,CHEMBL213,Homo sapiens,Beta-1 adrenergic receptor,9606,Not Active,,IC50,,,,
,Inhibition < 50% @ 10 uM and thus dose-reponse curve not measured,7773856,[],CHEMBL1909091,DRUGMATRIX: Adrenergic beta1 radioligand binding (ligand: [125I] Cyanopindolol),B,,,BAO_0000190,BAO_0000249,cell membrane format,NNC(=O)c1ccncc1,,,CHEMBL1909046,,,,,CHEMBL64,ISONIAZID,CHEMBL64,,0,,1539857,,15,0,,Not active,IC50,,,,CHEMBL213,Homo sapiens,Beta-1 adrenergic receptor,9606,Not Active,,IC50,,,,
,Inhibition < 50% @ 10 uM and thus dose-reponse curve not measured,7775178,[],CHEMBL1909091,DRUGMATRIX: Adrenergic beta1 radioligand binding (ligand: [125I] Cyanopindolol),B,,,BAO_0000190,BAO_0000249,cell membrane format,CN(Cc1cnc2nc(N)nc(N)c2n1)c1ccc(C(=O)N[C@@H](CCC(=O)O)C(=O)O)cc1,,,CHEMBL1909046,,,,,CHEMBL34259,METHOTREXATE,CHEMBL34259,,0,,1539931,,15,0,,Not active,IC50,,,,CHEMBL213,Homo sapiens,Beta-1 adrenergic receptor,9606,Not Active,,IC50,,,,
,Inhibition < 50% @ 10 uM and thus dose-reponse curve not measured,7775300,[],CHEMBL1909091,DRUGMATRIX: Adrenergic beta1 radioligand binding (ligand: [125I] Cyanopindolol),B,,,BAO_0000190,BAO_0000249,cell membrane format,C[C@H]1C[C@@H]2[C@H]([C@@H](O)C[C@@]3(C)[C@H]2CC[C@]3(O)C(=O)CO)[C@@]2(C)C=CC(=O)C=C12,,,CHEMBL1909046,,,,,CHEMBL650,METHYLPREDNISOLONE,CHEMBL650,,0,,1539939,,15,0,,Not active,IC50,,,,CHEMBL213,Homo sapiens,Beta-1 adrenergic receptor,9606,Not Active,,IC50,,,,
,Inhibition < 50% @ 10 uM and thus dose-reponse curve not measured,7775412,[],CHEMBL1909091,DRUGMATRIX: Adrenergic beta1 radioligand binding (ligand: [125I] Cyanopindolol),B,,,BAO_0000190,BAO_0000249,cell membrane format,CC[C@H](C)C(=O)O[C@H]1CCC=C2C=C[C@H](C)[C@H](CC[C@@H]3C[C@@H](O)CC(=O)O3)[C@H]21,,,CHEMBL1909046,,,,,CHEMBL54440,MEVASTATIN,CHEMBL54440,,0,,1539947,,15,0,,Not active,IC50,,,,CHEMBL213,Homo sapiens,Beta-1 adrenergic receptor,9606,Not Active,,IC50,,,,
,Inhibition < 50% @ 10 uM and thus dose-reponse curve not measured,7776200,[],CHEMBL1909091,DRUGMATRIX: Adrenergic beta1 radioligand binding (ligand: [125I] Cyanopindolol),B,,,BAO_0000190,BAO_0000249,cell membrane format,O=C(c1ccccc1)c1ccc2n1CCC2C(=O)O,,,CHEMBL1909046,,,,,CHEMBL469,KETOROLAC,CHEMBL469,,0,,1539866,,15,0,,Not active,IC50,,,,CHEMBL213,Homo sapiens,Beta-1 adrenergic receptor,9606,Not Active,,IC50,,,,
,Inhibition < 50% @ 10 uM and thus dose-reponse curve not measured,7776277,[],CHEMBL1909091,DRUGMATRIX: Adrenergic beta1 radioligand binding (ligand: [125I] Cyanopindolol),B,,,BAO_0000190,BAO_0000249,cell membrane format,CC(O)C(=O)O,,,CHEMBL1909046,,,,,CHEMBL1200559,LACTIC ACID,CHEMBL1200559,,0,,1539874,,15,0,,Not active,IC50,,,,CHEMBL213,Homo sapiens,Beta-1 adrenergic receptor,9606,Not Active,,IC50,,,,
,Inhibition < 50% @ 10 uM and thus dose-reponse curve not measured,7776412,[],CHEMBL1909091,DRUGMATRIX: Adrenergic beta1 radioligand binding (ligand: [125I] Cyanopindolol),B,,,BAO_0000190,BAO_0000249,cell membrane format,Nc1nc(=O)c2c([nH]1)NCC(CNc1ccc(C(=O)N[C@@H](CCC(=O)O)C(=O)O)cc1)N2C=O,,,CHEMBL1909046,,,,,CHEMBL1679,LEUCOVORIN,CHEMBL1679,,0,,1539882,,15,0,,Not active,IC50,,,,CHEMBL213,Homo sapiens,Beta-1 adrenergic receptor,9606,Not Active,,IC50,,,,
,Inhibition < 50% @ 10 uM and thus dose-reponse curve not measured,7776542,[],CHEMBL1909091,DRUGMATRIX: Adrenergic beta1 radioligand binding (ligand: [125I] Cyanopindolol),B,,,BAO_0000190,BAO_0000249,cell membrane format,CCN(CC)CC(=O)Nc1c(C)cccc1C,,,CHEMBL1909046,,,,,CHEMBL79,LIDOCAINE,CHEMBL79,,0,,1539890,,15,0,,Not active,IC50,,,,CHEMBL213,Homo sapiens,Beta-1 adrenergic receptor,9606,Not Active,,IC50,,,,
,Inhibition < 50% @ 10 uM and thus dose-reponse curve not measured,7776630,[],CHEMBL1909091,DRUGMATRIX: Adrenergic beta1 radioligand binding (ligand: [125I] Cyanopindolol),B,,,BAO_0000190,BAO_0000249,cell membrane format,CCOC(=O)N1CCC(=C2c3ccc(Cl)cc3CCc3cccnc32)CC1,,,CHEMBL1909046,,,,,CHEMBL998,LORATADINE,CHEMBL998,,0,,1539898,,15,0,,Not active,IC50,,,,CHEMBL213,Homo sapiens,Beta-1 adrenergic receptor,9606,Not Active,,IC50,,,,
,Inhibition < 50% @ 10 uM and thus dose-reponse curve not measured,7776868,[],CHEMBL1909091,DRUGMATRIX: Adrenergic beta1 radioligand binding (ligand: [125I] Cyanopindolol),B,,,BAO_0000190,BAO_0000249,cell membrane format,OC[C@@H](O)[C@@H](O)[C@H](O)[C@H](O)CO,,,CHEMBL1909046,,,,,CHEMBL689,MANNITOL,CHEMBL689,,0,,1539907,,15,0,,Not active,IC50,,,,CHEMBL213,Homo sapiens,Beta-1 adrenergic receptor,9606,Not Active,,IC50,,,,
,Inhibition < 50% @ 10 uM and thus dose-reponse curve not measured,7776967,[],CHEMBL1909091,DRUGMATRIX: Adrenergic beta1 radioligand binding (ligand: [125I] Cyanopindolol),B,,,BAO_0000190,BAO_0000249,cell membrane format,CC(=O)O[C@]1(C(C)=O)CC[C@H]2[C@@H]3C[C@H](C)C4=CC(=O)CC[C@]4(C)[C@H]3CC[C@@]21C,,,CHEMBL1909046,,,,,CHEMBL717,MEDROXYPROGESTERONE ACETATE,CHEMBL717,,0,,1539915,,15,0,,Not active,IC50,,,,CHEMBL213,Homo sapiens,Beta-1 adrenergic receptor,9606,Not Active,,IC50,,,,
,Inhibition < 50% @ 10 uM and thus dose-reponse curve not measured,7777071,[],CHEMBL1909091,DRUGMATRIX: Adrenergic beta1 radioligand binding (ligand: [125I] Cyanopindolol),B,,,BAO_0000190,BAO_0000249,cell membrane format,C[C@@H](O)[C@H]1C(=O)N2C(C(=O)O)=C(S[C@@H]3CN[C@H](C(=O)N(C)C)C3)[C@H](C)[C@H]12,,,CHEMBL1909046,,,,,CHEMBL127,MEROPENEM,CHEMBL127,,0,,1539923,,15,0,,Not active,IC50,,,,CHEMBL213,Homo sapiens,Beta-1 adrenergic receptor,9606,Not Active,,IC50,,,,
,Inhibition < 50% @ 10 uM and thus dose-reponse curve not measured,7777683,[],CHEMBL1909091,DRUGMATRIX: Adrenergic beta1 radioligand binding (ligand: [125I] Cyanopindolol),B,,,BAO_0000190,BAO_0000249,cell membrane format,O=C1c2c(O)ccc(O)c2C(=O)c2c(NCCNCCO)ccc(NCCNCCO)c21,,,CHEMBL1909046,,,,,CHEMBL58,MITOXANTRONE,CHEMBL58,,0,,1539956,,15,0,,Not active,IC50,,,,CHEMBL213,Homo sapiens,Beta-1 adrenergic receptor,9606,Not Active,,IC50,,,,
,Inhibition < 50% @ 10 uM and thus dose-reponse curve not measured,7777775,[],CHEMBL1909091,DRUGMATRIX: Adrenergic beta1 radioligand binding (ligand: [125I] Cyanopindolol),B,,,BAO_0000190,BAO_0000249,cell membrane format,COc1c(C)c2c(c(O)c1C/C=C(\C)CCC(=O)O)C(=O)OC2,,,CHEMBL1909046,,,,,CHEMBL866,MYCOPHENOLIC ACID,CHEMBL866,,0,,1539964,,15,0,,Not active,IC50,,,,CHEMBL213,Homo sapiens,Beta-1 adrenergic receptor,9606,Not Active,,IC50,,,,
,Inhibition < 50% @ 10 uM and thus dose-reponse curve not measured,7777912,[],CHEMBL1909091,DRUGMATRIX: Adrenergic beta1 radioligand binding (ligand: [125I] Cyanopindolol),B,,,BAO_0000190,BAO_0000249,cell membrane format,Oc1ccc2c3c1O[C@H]1[C@@H](O)CC[C@@]4(O)[C@@H](C2)N(CC2CCC2)CC[C@]314,,,CHEMBL1909046,,,,,CHEMBL895,NALBUPHINE,CHEMBL895,,0,,1539972,,15,0,,Not active,IC50,,,,CHEMBL213,Homo sapiens,Beta-1 adrenergic receptor,9606,Not Active,,IC50,,,,
,Inhibition < 50% @ 10 uM and thus dose-reponse curve not measured,7777956,[],CHEMBL1909091,DRUGMATRIX: Adrenergic beta1 radioligand binding (ligand: [125I] Cyanopindolol),B,,,BAO_0000190,BAO_0000249,cell membrane format,Oc1c(I)cc(I)c2cccnc12,,,CHEMBL1909046,,,,,CHEMBL86754,IODOQUINOL,CHEMBL86754,,0,,1539850,,15,0,,Not active,IC50,,,,CHEMBL213,Homo sapiens,Beta-1 adrenergic receptor,9606,Not Active,,IC50,,,,
,,7778087,[],CHEMBL1909091,DRUGMATRIX: Adrenergic beta1 radioligand binding (ligand: [125I] Cyanopindolol),B,,,BAO_0000190,BAO_0000249,cell membrane format,CC(C)NCC(O)c1ccc(O)c(O)c1,,,CHEMBL1909046,,,"{'bei': '30.66', 'le': '0.59', 'lle': '5.35', 'sei': '8.91'}",,CHEMBL434,ISOPROTERENOL,CHEMBL434,6.48,0,http://www.openphacts.org/units/Nanomolar,1539858,=,15,1,=,,IC50,nM,,333.0,CHEMBL213,Homo sapiens,Beta-1 adrenergic receptor,9606,,,IC50,uM,UO_0000065,,0.333
,Inhibition < 50% @ 10 uM and thus dose-reponse curve not measured,7778875,[],CHEMBL1909091,DRUGMATRIX: Adrenergic beta1 radioligand binding (ligand: [125I] Cyanopindolol),B,,,BAO_0000190,BAO_0000249,cell membrane format,O=C1Nc2ccc(Cl)cc2C(c2ccccc2Cl)=NC1O,,,CHEMBL1909046,,,,,CHEMBL580,LORAZEPAM,CHEMBL580,,0,,1539899,,15,0,,Not active,IC50,,,,CHEMBL213,Homo sapiens,Beta-1 adrenergic receptor,9606,Not Active,,IC50,,,,
,Inhibition < 50% @ 10 uM and thus dose-reponse curve not measured,7779527,[],CHEMBL1909091,DRUGMATRIX: Adrenergic beta1 radioligand binding (ligand: [125I] Cyanopindolol),B,,,BAO_0000190,BAO_0000249,cell membrane format,CC[C@@H](CO)NC(=O)[C@@H]1C=C2c3cccc4c3c(cn4C)C[C@H]2N(C)C1,,,CHEMBL1909046,,,,,CHEMBL1065,METHYSERGIDE,CHEMBL1065,,0,,1539940,,15,0,,Not active,IC50,,,,CHEMBL213,Homo sapiens,Beta-1 adrenergic receptor,9606,Not Active,,IC50,,,,
,Inhibition < 50% @ 10 uM and thus dose-reponse curve not measured,7779644,[],CHEMBL1909091,DRUGMATRIX: Adrenergic beta1 radioligand binding (ligand: [125I] Cyanopindolol),B,,,BAO_0000190,BAO_0000249,cell membrane format,Cc1cccc(C)c1OCC(C)N,,,CHEMBL1909046,,,,,CHEMBL558,MEXILETINE,CHEMBL558,,0,,1539948,,15,0,,Not active,IC50,,,,CHEMBL213,Homo sapiens,Beta-1 adrenergic receptor,9606,Not Active,,IC50,,,,
,Inhibition < 50% @ 10 uM and thus dose-reponse curve not measured,7780212,[],CHEMBL1909091,DRUGMATRIX: Adrenergic beta1 radioligand binding (ligand: [125I] Cyanopindolol),B,,,BAO_0000190,BAO_0000249,cell membrane format,CC(C)Oc1ccc2c(=O)c(-c3ccccc3)coc2c1,,,CHEMBL1909046,,,,,CHEMBL165790,IPRIFLAVONE,CHEMBL165790,,0,,1539851,,15,0,,Not active,IC50,,,,CHEMBL213,Homo sapiens,Beta-1 adrenergic receptor,9606,Not Active,,IC50,,,,
,Inhibition < 50% @ 10 uM and thus dose-reponse curve not measured,7780347,[],CHEMBL1909091,DRUGMATRIX: Adrenergic beta1 radioligand binding (ligand: [125I] Cyanopindolol),B,,,BAO_0000190,BAO_0000249,cell membrane format,CC1=C(/C=C/C(C)=C/C=C/C(C)=C\C(=O)O)C(C)(C)CCC1,,,CHEMBL1909046,,,,,CHEMBL547,ISOTRETINOIN,CHEMBL547,,0,,1539859,,15,0,,Not active,IC50,,,,CHEMBL213,Homo sapiens,Beta-1 adrenergic receptor,9606,Not Active,,IC50,,,,
,Inhibition < 50% @ 10 uM and thus dose-reponse curve not measured,7780445,[],CHEMBL1909091,DRUGMATRIX: Adrenergic beta1 radioligand binding (ligand: [125I] Cyanopindolol),B,,,BAO_0000190,BAO_0000249,cell membrane format,CN1CCC(=C2c3ccccc3CC(=O)c3sccc32)CC1,,,CHEMBL1909046,,,,,CHEMBL534,KETOTIFEN,CHEMBL534,,0,,1539867,,15,0,,Not active,IC50,,,,CHEMBL213,Homo sapiens,Beta-1 adrenergic receptor,9606,Not Active,,IC50,,,,
,Inhibition < 50% @ 10 uM and thus dose-reponse curve not measured,7780526,[],CHEMBL1909091,DRUGMATRIX: Adrenergic beta1 radioligand binding (ligand: [125I] Cyanopindolol),B,,,BAO_0000190,BAO_0000249,cell membrane format,Nc1ccn([C@@H]2CS[C@H](CO)O2)c(=O)n1,,,CHEMBL1909046,,,,,CHEMBL141,LAMIVUDINE,CHEMBL141,,0,,1539875,,15,0,,Not active,IC50,,,,CHEMBL213,Homo sapiens,Beta-1 adrenergic receptor,9606,Not Active,,IC50,,,,
,Inhibition < 50% @ 10 uM and thus dose-reponse curve not measured,7780661,[],CHEMBL1909091,DRUGMATRIX: Adrenergic beta1 radioligand binding (ligand: [125I] Cyanopindolol),B,,,BAO_0000190,BAO_0000249,cell membrane format,c1ccc([C@H]2CN3CCSC3=N2)cc1,,,CHEMBL1909046,,,,,CHEMBL1454,LEVAMISOLE,CHEMBL1454,,0,,1539883,,15,0,,Not active,IC50,,,,CHEMBL213,Homo sapiens,Beta-1 adrenergic receptor,9606,Not Active,,IC50,,,,
,Inhibition < 50% @ 10 uM and thus dose-reponse curve not measured,7780791,[],CHEMBL1909091,DRUGMATRIX: Adrenergic beta1 radioligand binding (ligand: [125I] Cyanopindolol),B,,,BAO_0000190,BAO_0000249,cell membrane format,CCC[C@@H]1C[C@@H](C(=O)N[C@@H]([C@H]2O[C@H](SC)[C@H](O)[C@@H](O)[C@H]2O)[C@@H](C)O)N(C)C1,,,CHEMBL1909046,,,,,CHEMBL1447,LINCOMYCIN,CHEMBL1447,,0,,1539891,,15,0,,Not active,IC50,,,,CHEMBL213,Homo sapiens,Beta-1 adrenergic receptor,9606,Not Active,,IC50,,,,
,Inhibition < 50% @ 10 uM and thus dose-reponse curve not measured,7781696,[],CHEMBL1909091,DRUGMATRIX: Adrenergic beta1 radioligand binding (ligand: [125I] Cyanopindolol),B,,,BAO_0000190,BAO_0000249,cell membrane format,COc1cc(C(=O)NS(=O)(=O)c2ccccc2C)ccc1Cc1cn(C)c2ccc(NC(=O)OC3CCCC3)cc12,,,CHEMBL1909046,,,,,CHEMBL603,ZAFIRLUKAST,CHEMBL603,,0,,1540279,,15,0,,Not active,IC50,,,,CHEMBL213,Homo sapiens,Beta-1 adrenergic receptor,9606,Not Active,,IC50,,,,
,Inhibition < 50% @ 10 uM and thus dose-reponse curve not measured,7781904,[],CHEMBL1909091,DRUGMATRIX: Adrenergic beta1 radioligand binding (ligand: [125I] Cyanopindolol),B,,,BAO_0000190,BAO_0000249,cell membrane format,C[C@]12C=CC(=O)C=C1CC[C@H]1[C@@H]3C[C@@H](O)[C@](O)(C(=O)CO)[C@@]3(C)C[C@H](O)[C@@]12F,,,CHEMBL1909046,,,,,CHEMBL1451,TRIAMCINOLONE,CHEMBL1451,,0,,1540240,,15,0,,Not active,IC50,,,,CHEMBL213,Homo sapiens,Beta-1 adrenergic receptor,9606,Not Active,,IC50,,,,
,Inhibition < 50% @ 10 uM and thus dose-reponse curve not measured,7782033,[],CHEMBL1909091,DRUGMATRIX: Adrenergic beta1 radioligand binding (ligand: [125I] Cyanopindolol),B,,,BAO_0000190,BAO_0000249,cell membrane format,OC(CCN1CCCCC1)(c1ccccc1)C1CCCCC1,,,CHEMBL1909046,,,,,CHEMBL1490,TRIHEXYPHENIDYL,CHEMBL1490,,0,,1540248,,15,0,,Not active,IC50,,,,CHEMBL213,Homo sapiens,Beta-1 adrenergic receptor,9606,Not Active,,IC50,,,,
,Inhibition < 50% @ 10 uM and thus dose-reponse curve not measured,7782146,[],CHEMBL1909091,DRUGMATRIX: Adrenergic beta1 radioligand binding (ligand: [125I] Cyanopindolol),B,,,BAO_0000190,BAO_0000249,cell membrane format,N[C@@H]1[C@H]2CN(c3nc4c(cc3F)c(=O)c(C(=O)O)cn4-c3ccc(F)cc3F)C[C@@H]12,,,CHEMBL1909046,,,,,CHEMBL428,TROVAFLOXACIN,CHEMBL428,,0,,1540256,,15,0,,Not active,IC50,,,,CHEMBL213,Homo sapiens,Beta-1 adrenergic receptor,9606,Not Active,,IC50,,,,
,Inhibition < 50% @ 10 uM and thus dose-reponse curve not measured,7782264,[],CHEMBL1909091,DRUGMATRIX: Adrenergic beta1 radioligand binding (ligand: [125I] Cyanopindolol),B,,,BAO_0000190,BAO_0000249,cell membrane format,CCC(C)C(C(=O)OCC[N+](C)(CC)CC)c1ccccc1.[Br-],,,CHEMBL1909046,,,,,CHEMBL2107687,VALETHAMATE BROMIDE,CHEMBL2111176,,0,,1540264,,15,0,,Not active,IC50,,,,CHEMBL213,Homo sapiens,Beta-1 adrenergic receptor,9606,Not Active,,IC50,,,,
,Inhibition < 50% @ 10 uM and thus dose-reponse curve not measured,7782380,[],CHEMBL1909091,DRUGMATRIX: Adrenergic beta1 radioligand binding (ligand: [125I] Cyanopindolol),B,,,BAO_0000190,BAO_0000249,cell membrane format,CC[C@]1(O)C[C@H]2CN(CCc3c([nH]c4ccccc34)[C@@](C(=O)OC)(c3cc4c(cc3OC)N(C=O)[C@H]3[C@@](O)(C(=O)OC)[C@H](OC(C)=O)[C@]5(CC)C=CCN6CC[C@]43[C@@H]65)C2)C1,,,CHEMBL1909046,,,,,CHEMBL90555,VINCRISTINE,CHEMBL90555,,0,,1540272,,15,0,,Not active,IC50,,,,CHEMBL213,Homo sapiens,Beta-1 adrenergic receptor,9606,Not Active,,IC50,,,,
,Inhibition < 50% @ 10 uM and thus dose-reponse curve not measured,7783296,[],CHEMBL1909091,DRUGMATRIX: Adrenergic beta1 radioligand binding (ligand: [125I] Cyanopindolol),B,,,BAO_0000190,BAO_0000249,cell membrane format,CCN(C(C)=O)c1cccc(-c2ccnc3c(C#N)cnn23)c1,,,CHEMBL1909046,,,,,CHEMBL1521,ZALEPLON,CHEMBL1521,,0,,1540280,,15,0,,Not active,IC50,,,,CHEMBL213,Homo sapiens,Beta-1 adrenergic receptor,9606,Not Active,,IC50,,,,
,Inhibition < 50% @ 10 uM and thus dose-reponse curve not measured,7783510,[],CHEMBL1909091,DRUGMATRIX: Adrenergic beta1 radioligand binding (ligand: [125I] Cyanopindolol),B,,,BAO_0000190,BAO_0000249,cell membrane format,CC1(C)O[C@@H]2C[C@H]3[C@@H]4CCC5=CC(=O)C=C[C@]5(C)[C@@]4(F)[C@@H](O)C[C@]3(C)[C@]2(C(=O)CO)O1,,,CHEMBL1909046,,,,,CHEMBL1504,TRIAMCINOLONE ACETONIDE,CHEMBL1504,,0,,1540241,,15,0,,Not active,IC50,,,,CHEMBL213,Homo sapiens,Beta-1 adrenergic receptor,9606,Not Active,,IC50,,,,
,Inhibition < 50% @ 10 uM and thus dose-reponse curve not measured,7783633,[],CHEMBL1909091,DRUGMATRIX: Adrenergic beta1 radioligand binding (ligand: [125I] Cyanopindolol),B,,,BAO_0000190,BAO_0000249,cell membrane format,COc1ccc(CN2CCNCC2)c(OC)c1OC,,,CHEMBL1909046,,,,,CHEMBL203266,TRIMETAZIDINE,CHEMBL203266,,0,,1540249,,15,0,,Not active,IC50,,,,CHEMBL213,Homo sapiens,Beta-1 adrenergic receptor,9606,Not Active,,IC50,,,,
,Inhibition < 50% @ 10 uM and thus dose-reponse curve not measured,7783752,[],CHEMBL1909091,DRUGMATRIX: Adrenergic beta1 radioligand binding (ligand: [125I] Cyanopindolol),B,,,BAO_0000190,BAO_0000249,cell membrane format,COc1cc(C(=O)NC2CCCNC2)cc(OC)c1OC,,,CHEMBL1909046,,,,,CHEMBL1566956,TROXIPIDE,CHEMBL1566956,,0,,1540257,,15,0,,Not active,IC50,,,,CHEMBL213,Homo sapiens,Beta-1 adrenergic receptor,9606,Not Active,,IC50,,,,
,Inhibition < 50% @ 10 uM and thus dose-reponse curve not measured,7783864,[],CHEMBL1909091,DRUGMATRIX: Adrenergic beta1 radioligand binding (ligand: [125I] Cyanopindolol),B,,,BAO_0000190,BAO_0000249,cell membrane format,CCCC(CCC)C(=O)O,,,CHEMBL1909046,,,,,CHEMBL109,VALPROIC ACID,CHEMBL109,,0,,1540265,,15,0,,Not active,IC50,,,,CHEMBL213,Homo sapiens,Beta-1 adrenergic receptor,9606,Not Active,,IC50,,,,
,Inhibition < 50% @ 10 uM and thus dose-reponse curve not measured,7783985,[],CHEMBL1909091,DRUGMATRIX: Adrenergic beta1 radioligand binding (ligand: [125I] Cyanopindolol),B,,,BAO_0000190,BAO_0000249,cell membrane format,CC[C@]1(O)C[C@@H]2CN(CCc3c([nH]c4ccccc34)[C@@](C(=O)OC)(c3cc4c(cc3OC)N(C)[C@H]3[C@@](O)(C(N)=O)[C@H](O)[C@]5(CC)C=CCN6CC[C@]43[C@@H]65)C2)C1,,,CHEMBL1909046,,,,,CHEMBL238071,VINDESINE,CHEMBL238071,,0,,1540273,,15,0,,Not active,IC50,,,,CHEMBL213,Homo sapiens,Beta-1 adrenergic receptor,9606,Not Active,,IC50,,,,
,Inhibition < 50% @ 10 uM and thus dose-reponse curve not measured,7784879,[],CHEMBL1909091,DRUGMATRIX: Adrenergic beta1 radioligand binding (ligand: [125I] Cyanopindolol),B,,,BAO_0000190,BAO_0000249,cell membrane format,CCCOc1ccccc1-c1nc2[nH]nnc2c(=O)[nH]1,,,CHEMBL1909046,,,,,CHEMBL28079,ZAPRINAST,CHEMBL28079,,0,,1540281,,15,0,,Not active,IC50,,,,CHEMBL213,Homo sapiens,Beta-1 adrenergic receptor,9606,Not Active,,IC50,,,,
,Inhibition < 50% @ 10 uM and thus dose-reponse curve not measured,7785091,[],CHEMBL1909091,DRUGMATRIX: Adrenergic beta1 radioligand binding (ligand: [125I] Cyanopindolol),B,,,BAO_0000190,BAO_0000249,cell membrane format,Nc1nc(N)c2nc(-c3ccccc3)c(N)nc2n1,,,CHEMBL1909046,,,,,CHEMBL585,TRIAMTERENE,CHEMBL585,,0,,1540242,,15,0,,Not active,IC50,,,,CHEMBL213,Homo sapiens,Beta-1 adrenergic receptor,9606,Not Active,,IC50,,,,
,Inhibition < 50% @ 10 uM and thus dose-reponse curve not measured,7785213,[],CHEMBL1909091,DRUGMATRIX: Adrenergic beta1 radioligand binding (ligand: [125I] Cyanopindolol),B,,,BAO_0000190,BAO_0000249,cell membrane format,CN1C(=O)OC(C)(C)C1=O,,,CHEMBL1909046,,,,,CHEMBL695,TRIMETHADIONE,CHEMBL695,,0,,1540250,,15,0,,Not active,IC50,,,,CHEMBL213,Homo sapiens,Beta-1 adrenergic receptor,9606,Not Active,,IC50,,,,
,Inhibition < 50% @ 10 uM and thus dose-reponse curve not measured,7785331,[],CHEMBL1909091,DRUGMATRIX: Adrenergic beta1 radioligand binding (ligand: [125I] Cyanopindolol),B,,,BAO_0000190,BAO_0000249,cell membrane format,N#CC(C#N)=Cc1ccc(O)c(O)c1,,,CHEMBL1909046,,,,,CHEMBL76904,TYRPHOSTIN 23,CHEMBL76904,,0,,1540258,,15,0,,Not active,IC50,,,,CHEMBL213,Homo sapiens,Beta-1 adrenergic receptor,9606,Not Active,,IC50,,,,
,Inhibition < 50% @ 10 uM and thus dose-reponse curve not measured,7785442,[],CHEMBL1909091,DRUGMATRIX: Adrenergic beta1 radioligand binding (ligand: [125I] Cyanopindolol),B,,,BAO_0000190,BAO_0000249,cell membrane format,CCCCC(=O)N(Cc1ccc(-c2ccccc2-c2nnn[nH]2)cc1)[C@H](C(=O)O)C(C)C,,,CHEMBL1909046,,,,,CHEMBL1069,VALSARTAN,CHEMBL1069,,0,,1540266,,15,0,,Not active,IC50,,,,CHEMBL213,Homo sapiens,Beta-1 adrenergic receptor,9606,Not Active,,IC50,,,,
,Inhibition < 50% @ 10 uM and thus dose-reponse curve not measured,7785563,[],CHEMBL1909091,DRUGMATRIX: Adrenergic beta1 radioligand binding (ligand: [125I] Cyanopindolol),B,,,BAO_0000190,BAO_0000249,cell membrane format,CCC1=C[C@@H]2CN(C1)Cc1c([nH]c3ccccc13)[C@@](C(=O)OC)(c1cc3c(cc1OC)N(C)[C@H]1[C@@](O)(C(=O)OC)[C@H](OC(C)=O)[C@]4(CC)C=CCN5CC[C@]31[C@@H]54)C2,,,CHEMBL1909046,,,,,CHEMBL553025,VINORELBINE,CHEMBL553025,,0,,1540274,,15,0,,Not active,IC50,,,,CHEMBL213,Homo sapiens,Beta-1 adrenergic receptor,9606,Not Active,,IC50,,,,
,Inhibition < 50% @ 10 uM and thus dose-reponse curve not measured,7786588,[],CHEMBL1909091,DRUGMATRIX: Adrenergic beta1 radioligand binding (ligand: [125I] Cyanopindolol),B,,,BAO_0000190,BAO_0000249,cell membrane format,Cc1cn([C@H]2C[C@H](N=[N+]=[N-])[C@@H](CO)O2)c(=O)[nH]c1=O,,,CHEMBL1909046,,,,,CHEMBL129,ZIDOVUDINE,CHEMBL129,,0,,1540282,,15,0,,Not active,IC50,,,,CHEMBL213,Homo sapiens,Beta-1 adrenergic receptor,9606,Not Active,,IC50,,,,
,Inhibition < 50% @ 10 uM and thus dose-reponse curve not measured,7786821,[],CHEMBL1909091,DRUGMATRIX: Adrenergic beta1 radioligand binding (ligand: [125I] Cyanopindolol),B,,,BAO_0000190,BAO_0000249,cell membrane format,COc1ccc(/C=C/C(=O)Nc2ccccc2C(=O)O)cc1OC,,,CHEMBL1909046,,,,,CHEMBL415324,TRANILAST,CHEMBL415324,,0,,1540235,,15,0,,Not active,IC50,,,,CHEMBL213,Homo sapiens,Beta-1 adrenergic receptor,9606,Not Active,,IC50,,,,
,Inhibition < 50% @ 10 uM and thus dose-reponse curve not measured,7786931,[],CHEMBL1909091,DRUGMATRIX: Adrenergic beta1 radioligand binding (ligand: [125I] Cyanopindolol),B,,,BAO_0000190,BAO_0000249,cell membrane format,O=C(Nc1ccc(Br)cc1)c1cc(Br)cc(Br)c1O,,,CHEMBL1909046,,,,,CHEMBL24944,TRIBROMSALAN,CHEMBL24944,,0,,1540243,,15,0,,Not active,IC50,,,,CHEMBL213,Homo sapiens,Beta-1 adrenergic receptor,9606,Not Active,,IC50,,,,
,Inhibition < 50% @ 10 uM and thus dose-reponse curve not measured,7787056,[],CHEMBL1909091,DRUGMATRIX: Adrenergic beta1 radioligand binding (ligand: [125I] Cyanopindolol),B,,,BAO_0000190,BAO_0000249,cell membrane format,Cc1cc2cc3c(C)cc(=O)oc3c(C)c2o1,,,CHEMBL1909046,,,,,CHEMBL1475,TRIOXSALEN,CHEMBL1475,,0,,1540251,,15,0,,Not active,IC50,,,,CHEMBL213,Homo sapiens,Beta-1 adrenergic receptor,9606,Not Active,,IC50,,,,
,Inhibition < 50% @ 10 uM and thus dose-reponse curve not measured,7787174,[],CHEMBL1909091,DRUGMATRIX: Adrenergic beta1 radioligand binding (ligand: [125I] Cyanopindolol),B,,,BAO_0000190,BAO_0000249,cell membrane format,Cc1c(C)c2c(c(C)c1O)CCC(C)(CN1CCN(c3cc(N4CCCC4)nc(N4CCCC4)n3)CC1)O2,,,CHEMBL1909046,,,,,CHEMBL141343,,CHEMBL141343,,0,,1540259,,15,0,,Not active,IC50,,,,CHEMBL213,Homo sapiens,Beta-1 adrenergic receptor,9606,Not Active,,IC50,,,,
,Inhibition < 50% @ 10 uM and thus dose-reponse curve not measured,7787290,[],CHEMBL1909091,DRUGMATRIX: Adrenergic beta1 radioligand binding (ligand: [125I] Cyanopindolol),B,,,BAO_0000190,BAO_0000249,cell membrane format,CN[C@H](CC(C)C)C(=O)N[C@H]1C(=O)N[C@@H](CC(N)=O)C(=O)N[C@H]2C(=O)N[C@H]3C(=O)N[C@H](C(=O)N[C@H](C(=O)O)c4cc(O)cc(O)c4-c4cc3ccc4O)[C@H](O)c3ccc(c(Cl)c3)Oc3cc2cc(c3O[C@@H]2O[C@H](CO)[C@@H](O)[C@H](O)[C@H]2O[C@H]2C[C@](C)(N)[C@H](O)[C@H](C)O2)Oc2ccc(cc2Cl)[C@H]1O,,,CHEMBL1909046,,,,,CHEMBL262777,VANCOMYCIN,CHEMBL262777,,0,,1540267,,15,0,,Not active,IC50,,,,CHEMBL213,Homo sapiens,Beta-1 adrenergic receptor,9606,Not Active,,IC50,,,,
,Inhibition < 50% @ 10 uM and thus dose-reponse curve not measured,7787410,[],CHEMBL1909091,DRUGMATRIX: Adrenergic beta1 radioligand binding (ligand: [125I] Cyanopindolol),B,,,BAO_0000190,BAO_0000249,cell membrane format,O=c1ncn2nc(Sc3ccc(F)cc3F)ccc2c1-c1c(Cl)cccc1Cl,,,CHEMBL1909046,,,,,CHEMBL119385,NEFLAMAPIMOD,CHEMBL119385,,0,,1540275,,15,0,,Not active,IC50,,,,CHEMBL213,Homo sapiens,Beta-1 adrenergic receptor,9606,Not Active,,IC50,,,,
,Inhibition < 50% @ 10 uM and thus dose-reponse curve not measured,7788464,[],CHEMBL1909091,DRUGMATRIX: Adrenergic beta1 radioligand binding (ligand: [125I] Cyanopindolol),B,,,BAO_0000190,BAO_0000249,cell membrane format,CC(c1cc2ccccc2s1)N(O)C(N)=O,,,CHEMBL1909046,,,,,CHEMBL93,ZILEUTON,CHEMBL93,,0,,1540283,,15,0,,Not active,IC50,,,,CHEMBL213,Homo sapiens,Beta-1 adrenergic receptor,9606,Not Active,,IC50,,,,
,Inhibition < 50% @ 10 uM and thus dose-reponse curve not measured,7788698,[],CHEMBL1909091,DRUGMATRIX: Adrenergic beta1 radioligand binding (ligand: [125I] Cyanopindolol),B,,,BAO_0000190,BAO_0000249,cell membrane format,,,,CHEMBL1909046,,,,,CHEMBL1386,TRANSPLATIN,CHEMBL1386,,0,,1540236,,15,0,,Not active,IC50,,,,CHEMBL213,Homo sapiens,Beta-1 adrenergic receptor,9606,Not Active,,IC50,,,,
,Inhibition < 50% @ 10 uM and thus dose-reponse curve not measured,7788804,[],CHEMBL1909091,DRUGMATRIX: Adrenergic beta1 radioligand binding (ligand: [125I] Cyanopindolol),B,,,BAO_0000190,BAO_0000249,cell membrane format,NS(=O)(=O)c1cc2c(cc1Cl)NC(C(Cl)Cl)NS2(=O)=O,,,CHEMBL1909046,,,,,CHEMBL1054,TRICHLORMETHIAZIDE,CHEMBL1054,,0,,1540244,,15,0,,Not active,IC50,,,,CHEMBL213,Homo sapiens,Beta-1 adrenergic receptor,9606,Not Active,,IC50,,,,
,Inhibition < 50% @ 10 uM and thus dose-reponse curve not measured,7788935,[],CHEMBL1909091,DRUGMATRIX: Adrenergic beta1 radioligand binding (ligand: [125I] Cyanopindolol),B,,,BAO_0000190,BAO_0000249,cell membrane format,Cc1c(C)c2c(c(C)c1O)CCC(C)(COc1ccc(CC3SC(=O)NC3=O)cc1)O2,,,CHEMBL1909046,,,,,CHEMBL408,TROGLITAZONE,CHEMBL408,,0,,1540252,,15,0,,Not active,IC50,,,,CHEMBL213,Homo sapiens,Beta-1 adrenergic receptor,9606,Not Active,,IC50,,,,
,Inhibition < 50% @ 10 uM and thus dose-reponse curve not measured,7789039,[],CHEMBL1909091,DRUGMATRIX: Adrenergic beta1 radioligand binding (ligand: [125I] Cyanopindolol),B,,,BAO_0000190,BAO_0000249,cell membrane format,CC(C)C[C@H](NC(=O)[C@@H](O)[C@H](N)Cc1ccccc1)C(=O)O,,,CHEMBL1909046,,,,,CHEMBL29292,UBENIMEX,CHEMBL29292,,0,,1540260,,15,0,,Not active,IC50,,,,CHEMBL213,Homo sapiens,Beta-1 adrenergic receptor,9606,Not Active,,IC50,,,,
,Inhibition < 50% @ 10 uM and thus dose-reponse curve not measured,7789173,[],CHEMBL1909091,DRUGMATRIX: Adrenergic beta1 radioligand binding (ligand: [125I] Cyanopindolol),B,,,BAO_0000190,BAO_0000249,cell membrane format,CC(=O)O[C@H]1C[C@@H]2CC[C@@H]3[C@H](CC[C@@]4(C)[C@H]3C[C@H]([N+]3(C)CCCCC3)[C@@H]4OC(C)=O)[C@@]2(C)C[C@@H]1N1CCCCC1.[Br-],,,CHEMBL1909046,,,,,CHEMBL1200629,VECURONIUM BROMIDE,CHEMBL1201219,,0,,1540268,,15,0,,Not active,IC50,,,,CHEMBL213,Homo sapiens,Beta-1 adrenergic receptor,9606,Not Active,,IC50,,,,
,Inhibition < 50% @ 10 uM and thus dose-reponse curve not measured,7789279,[],CHEMBL1909091,DRUGMATRIX: Adrenergic beta1 radioligand binding (ligand: [125I] Cyanopindolol),B,,,BAO_0000190,BAO_0000249,cell membrane format,CC(=O)CC(c1ccccc1)c1c(O)c2ccccc2oc1=O,,,CHEMBL1909046,,,,,CHEMBL1464,WARFARIN,CHEMBL1464,,0,,1540276,,15,0,,Not active,IC50,,,,CHEMBL213,Homo sapiens,Beta-1 adrenergic receptor,9606,Not Active,,IC50,,,,
,Inhibition < 50% @ 10 uM and thus dose-reponse curve not measured,7790318,[],CHEMBL1909091,DRUGMATRIX: Adrenergic beta1 radioligand binding (ligand: [125I] Cyanopindolol),B,,,BAO_0000190,BAO_0000249,cell membrane format,[Cl-].[Cl-].[Zn+2],,,CHEMBL1909046,,,,,CHEMBL1200679,ZINC CHLORIDE,CHEMBL1200679,,0,,1540284,,15,0,,Not active,IC50,,,,CHEMBL213,Homo sapiens,Beta-1 adrenergic receptor,9606,Not Active,,IC50,,,,
,Inhibition < 50% @ 10 uM and thus dose-reponse curve not measured,7790551,[],CHEMBL1909091,DRUGMATRIX: Adrenergic beta1 radioligand binding (ligand: [125I] Cyanopindolol),B,,,BAO_0000190,BAO_0000249,cell membrane format,O=c1n(CCCN2CCN(c3cccc(Cl)c3)CC2)nc2ccccn12,,,CHEMBL1909046,,,,,CHEMBL621,TRAZODONE,CHEMBL621,,0,,1540237,,15,0,,Not active,IC50,,,,CHEMBL213,Homo sapiens,Beta-1 adrenergic receptor,9606,Not Active,,IC50,,,,
,Inhibition < 50% @ 10 uM and thus dose-reponse curve not measured,7790665,[],CHEMBL1909091,DRUGMATRIX: Adrenergic beta1 radioligand binding (ligand: [125I] Cyanopindolol),B,,,BAO_0000190,BAO_0000249,cell membrane format,O=C(O)C(Cl)(Cl)Cl,,,CHEMBL1909046,,,,,CHEMBL14053,TRICHLOROACETIC ACID,CHEMBL14053,,0,,1540245,,15,0,,Not active,IC50,,,,CHEMBL213,Homo sapiens,Beta-1 adrenergic receptor,9606,Not Active,,IC50,,,,
,Inhibition < 50% @ 10 uM and thus dose-reponse curve not measured,7790791,[],CHEMBL1909091,DRUGMATRIX: Adrenergic beta1 radioligand binding (ligand: [125I] Cyanopindolol),B,,,BAO_0000190,BAO_0000249,cell membrane format,NC(CO)(CO)CO,,,CHEMBL1909046,,,,,CHEMBL1200391,TROMETHAMINE,CHEMBL1200391,,0,,1540253,,15,0,,Not active,IC50,,,,CHEMBL213,Homo sapiens,Beta-1 adrenergic receptor,9606,Not Active,,IC50,,,,
,Inhibition < 50% @ 10 uM and thus dose-reponse curve not measured,7790895,[],CHEMBL1909091,DRUGMATRIX: Adrenergic beta1 radioligand binding (ligand: [125I] Cyanopindolol),B,,,BAO_0000190,BAO_0000249,cell membrane format,CCOC(N)=O,,,CHEMBL1909046,,,,,CHEMBL462547,URETHANE,CHEMBL462547,,0,,1540261,,15,0,,Not active,IC50,,,,CHEMBL213,Homo sapiens,Beta-1 adrenergic receptor,9606,Not Active,,IC50,,,,
,Inhibition < 50% @ 10 uM and thus dose-reponse curve not measured,7791029,[],CHEMBL1909091,DRUGMATRIX: Adrenergic beta1 radioligand binding (ligand: [125I] Cyanopindolol),B,,,BAO_0000190,BAO_0000249,cell membrane format,COc1ccc(C(CN(C)C)C2(O)CCCCC2)cc1,,,CHEMBL1909046,,,,,CHEMBL637,VENLAFAXINE,CHEMBL637,,0,,1540269,,15,0,,Not active,IC50,,,,CHEMBL213,Homo sapiens,Beta-1 adrenergic receptor,9606,Not Active,,IC50,,,,
,Inhibition < 50% @ 10 uM and thus dose-reponse curve not measured,7791136,[],CHEMBL1909091,DRUGMATRIX: Adrenergic beta1 radioligand binding (ligand: [125I] Cyanopindolol),B,,,BAO_0000190,BAO_0000249,cell membrane format,C[C@@H](N)[C@H]1CC[C@H](C(=O)Nc2ccncc2)CC1,,,CHEMBL1909046,,,,,CHEMBL559147,Y-27632,CHEMBL559147,,0,,1540277,,15,0,,Not active,IC50,,,,CHEMBL213,Homo sapiens,Beta-1 adrenergic receptor,9606,Not Active,,IC50,,,,
,Inhibition < 50% @ 10 uM and thus dose-reponse curve not measured,7792172,[],CHEMBL1909091,DRUGMATRIX: Adrenergic beta1 radioligand binding (ligand: [125I] Cyanopindolol),B,,,BAO_0000190,BAO_0000249,cell membrane format,,,,CHEMBL1909046,,,,,CHEMBL1909083,ZIRCONIUM(IV) CHLORIDE,CHEMBL1909083,,0,,1540285,,15,0,,Not active,IC50,,,,CHEMBL213,Homo sapiens,Beta-1 adrenergic receptor,9606,Not Active,,IC50,,,,
,Inhibition < 50% @ 10 uM and thus dose-reponse curve not measured,7792395,[],CHEMBL1909091,DRUGMATRIX: Adrenergic beta1 radioligand binding (ligand: [125I] Cyanopindolol),B,,,BAO_0000190,BAO_0000249,cell membrane format,CC1=C(/C=C/C(C)=C/C=C/C(C)=C/C(=O)O)C(C)(C)CCC1,,,CHEMBL1909046,,,,,CHEMBL38,TRETINOIN,CHEMBL38,,0,,1540238,,15,0,,Not active,IC50,,,,CHEMBL213,Homo sapiens,Beta-1 adrenergic receptor,9606,Not Active,,IC50,,,,
,Inhibition < 50% @ 10 uM and thus dose-reponse curve not measured,7792524,[],CHEMBL1909091,DRUGMATRIX: Adrenergic beta1 radioligand binding (ligand: [125I] Cyanopindolol),B,,,BAO_0000190,BAO_0000249,cell membrane format,CC(Cl)(Cl)Cl,,,CHEMBL1909046,,,,,CHEMBL16080,TRICHLOROETHANE,CHEMBL16080,,0,,1540246,,15,0,,Not active,IC50,,,,CHEMBL213,Homo sapiens,Beta-1 adrenergic receptor,9606,Not Active,,IC50,,,,
,Inhibition < 50% @ 10 uM and thus dose-reponse curve not measured,7792647,[],CHEMBL1909091,DRUGMATRIX: Adrenergic beta1 radioligand binding (ligand: [125I] Cyanopindolol),B,,,BAO_0000190,BAO_0000249,cell membrane format,CCN(Cc1ccncc1)C(=O)C(CO)c1ccccc1,,,CHEMBL1909046,,,,,CHEMBL1200604,TROPICAMIDE,CHEMBL1200604,,0,,1540254,,15,0,,Not active,IC50,,,,CHEMBL213,Homo sapiens,Beta-1 adrenergic receptor,9606,Not Active,,IC50,,,,
,Inhibition < 50% @ 10 uM and thus dose-reponse curve not measured,7792751,[],CHEMBL1909091,DRUGMATRIX: Adrenergic beta1 radioligand binding (ligand: [125I] Cyanopindolol),B,,,BAO_0000190,BAO_0000249,cell membrane format,CC(C)[C@H](N)C(=O)OCCOCn1cnc2c(=O)nc(N)[nH]c21,,,CHEMBL1909046,,,,,CHEMBL1349,VALACYCLOVIR,CHEMBL1349,,0,,1540262,,15,0,,Not active,IC50,,,,CHEMBL213,Homo sapiens,Beta-1 adrenergic receptor,9606,Not Active,,IC50,,,,
,Inhibition < 50% @ 10 uM and thus dose-reponse curve not measured,7792884,[],CHEMBL1909091,DRUGMATRIX: Adrenergic beta1 radioligand binding (ligand: [125I] Cyanopindolol),B,,,BAO_0000190,BAO_0000249,cell membrane format,COc1ccc(CCN(C)CCCC(C#N)(c2ccc(OC)c(OC)c2)C(C)C)cc1OC,,,CHEMBL1909046,,,,,CHEMBL6966,VERAPAMIL,CHEMBL6966,,0,,1540270,,15,0,,Not active,IC50,,,,CHEMBL213,Homo sapiens,Beta-1 adrenergic receptor,9606,Not Active,,IC50,,,,
,Inhibition < 50% @ 10 uM and thus dose-reponse curve not measured,7793000,[],CHEMBL1909091,DRUGMATRIX: Adrenergic beta1 radioligand binding (ligand: [125I] Cyanopindolol),B,,,BAO_0000190,BAO_0000249,cell membrane format,COC(=O)[C@@H]1[C@H]2C[C@H]3c4[nH]c5ccccc5c4CCN3C[C@@H]2CC[C@@H]1O,,,CHEMBL1909046,,,,,CHEMBL15245,YOHIMBINE,CHEMBL15245,,0,,1540278,,15,0,,Not active,IC50,,,,CHEMBL213,Homo sapiens,Beta-1 adrenergic receptor,9606,Not Active,,IC50,,,,
,Inhibition < 50% @ 10 uM and thus dose-reponse curve not measured,7794136,[],CHEMBL1909091,DRUGMATRIX: Adrenergic beta1 radioligand binding (ligand: [125I] Cyanopindolol),B,,,BAO_0000190,BAO_0000249,cell membrane format,CC(=O)OCC(COC(C)=O)OC(C)=O,,,CHEMBL1909046,,,,,CHEMBL1489254,TRIACETIN,CHEMBL1489254,,0,,1540239,,15,0,,Not active,IC50,,,,CHEMBL213,Homo sapiens,Beta-1 adrenergic receptor,9606,Not Active,,IC50,,,,
,Inhibition < 50% @ 10 uM and thus dose-reponse curve not measured,7794267,[],CHEMBL1909091,DRUGMATRIX: Adrenergic beta1 radioligand binding (ligand: [125I] Cyanopindolol),B,,,BAO_0000190,BAO_0000249,cell membrane format,CN1CCN(CCCN2c3ccccc3Sc3ccc(C(F)(F)F)cc32)CC1,,,CHEMBL1909046,,,,,CHEMBL422,TRIFLUOPERAZINE,CHEMBL422,,0,,1540247,,15,0,,Not active,IC50,,,,CHEMBL213,Homo sapiens,Beta-1 adrenergic receptor,9606,Not Active,,IC50,,,,
,Inhibition < 50% @ 10 uM and thus dose-reponse curve not measured,7794381,[],CHEMBL1909091,DRUGMATRIX: Adrenergic beta1 radioligand binding (ligand: [125I] Cyanopindolol),B,,,BAO_0000190,BAO_0000249,cell membrane format,CN1[C@@H]2CC[C@H]1C[C@@H](OC(=O)c1c[nH]c3ccccc13)C2,,,CHEMBL1909046,,,,,CHEMBL56564,TROPISETRON,CHEMBL56564,,0,,1540255,,15,0,,Not active,IC50,,,,CHEMBL213,Homo sapiens,Beta-1 adrenergic receptor,9606,Not Active,,IC50,,,,
,Inhibition < 50% @ 10 uM and thus dose-reponse curve not measured,7794494,[],CHEMBL1909091,DRUGMATRIX: Adrenergic beta1 radioligand binding (ligand: [125I] Cyanopindolol),B,,,BAO_0000190,BAO_0000249,cell membrane format,Cc1onc(-c2ccccc2)c1-c1ccc(S(N)(=O)=O)cc1,,,CHEMBL1909046,,,,,CHEMBL865,VALDECOXIB,CHEMBL865,,0,,1540263,,15,0,,Not active,IC50,,,,CHEMBL213,Homo sapiens,Beta-1 adrenergic receptor,9606,Not Active,,IC50,,,,
,Inhibition < 50% @ 10 uM and thus dose-reponse curve not measured,7794613,[],CHEMBL1909091,DRUGMATRIX: Adrenergic beta1 radioligand binding (ligand: [125I] Cyanopindolol),B,,,BAO_0000190,BAO_0000249,cell membrane format,CC[C@]1(O)C[C@@H]2CN(CCc3c([nH]c4ccccc34)[C@@](C(=O)OC)(c3cc4c(cc3OC)N(C)[C@H]3[C@@](O)(C(=O)OC)[C@H](OC(C)=O)[C@]5(CC)C=CCN6CC[C@]43[C@@H]65)C2)C1,,,CHEMBL1909046,,,,,CHEMBL159,VINBLASTINE,CHEMBL159,,0,,1540271,,15,0,,Not active,IC50,,,,CHEMBL213,Homo sapiens,Beta-1 adrenergic receptor,9606,Not Active,,IC50,,,,
,Inhibition < 50% @ 10 uM and thus dose-reponse curve not measured,7795489,[],CHEMBL1909091,DRUGMATRIX: Adrenergic beta1 radioligand binding (ligand: [125I] Cyanopindolol),B,,,BAO_0000190,BAO_0000249,cell membrane format,CN1C(C(=O)Nc2ccccn2)=C(O)c2sccc2S1(=O)=O,,,CHEMBL1909046,,,,,CHEMBL302795,TENOXICAM,CHEMBL302795,,0,,1540199,,15,0,,Not active,IC50,,,,CHEMBL213,Homo sapiens,Beta-1 adrenergic receptor,9606,Not Active,,IC50,,,,
,Inhibition < 50% @ 10 uM and thus dose-reponse curve not measured,7795550,[],CHEMBL1909091,DRUGMATRIX: Adrenergic beta1 radioligand binding (ligand: [125I] Cyanopindolol),B,,,BAO_0000190,BAO_0000249,cell membrane format,CN(C)[C@@H]1C(O)=C(C(N)=O)C(=O)[C@@]2(O)C(O)=C3C(=O)c4c(O)cccc4[C@@](C)(O)[C@H]3C[C@@H]12,,,CHEMBL1909046,,,,,CHEMBL1440,TETRACYCLINE,CHEMBL1440,,0,,1540207,,15,0,,Not active,IC50,,,,CHEMBL213,Homo sapiens,Beta-1 adrenergic receptor,9606,Not Active,,IC50,,,,
,Inhibition < 50% @ 10 uM and thus dose-reponse curve not measured,7795680,[],CHEMBL1909091,DRUGMATRIX: Adrenergic beta1 radioligand binding (ligand: [125I] Cyanopindolol),B,,,BAO_0000190,BAO_0000249,cell membrane format,Nc1nc2[nH]cnc2c(=S)[nH]1,,,CHEMBL1909046,,,,,CHEMBL727,THIOGUANINE,CHEMBL727,,0,,1540215,,15,0,,Not active,IC50,,,,CHEMBL213,Homo sapiens,Beta-1 adrenergic receptor,9606,Not Active,,IC50,,,,
,Inhibition < 50% @ 10 uM and thus dose-reponse curve not measured,7796099,[],CHEMBL1909091,DRUGMATRIX: Adrenergic beta1 radioligand binding (ligand: [125I] Cyanopindolol),B,,,BAO_0000190,BAO_0000249,cell membrane format,CO[C@H]1C[C@@H]2CC[C@@H](C)[C@@](O)(O2)C(=O)C(=O)N2CCCC[C@H]2C(=O)O[C@H]([C@H](C)C[C@@H]2CC[C@@H](O)[C@H](OC)C2)CC(=O)[C@H](C)/C=C(\C)[C@@H](O)[C@@H](OC)C(=O)[C@H](C)C[C@H](C)/C=C/C=C/C=C/1C,,,CHEMBL1909046,,,,,CHEMBL413,SIROLIMUS,CHEMBL413,,0,,1540110,,15,0,,Not active,IC50,,,,CHEMBL213,Homo sapiens,Beta-1 adrenergic receptor,9606,Not Active,,IC50,,,,
,Inhibition < 50% @ 10 uM and thus dose-reponse curve not measured,7796229,[],CHEMBL1909091,DRUGMATRIX: Adrenergic beta1 radioligand binding (ligand: [125I] Cyanopindolol),B,,,BAO_0000190,BAO_0000249,cell membrane format,CC(N)C12CC3CC(CC(C3)C1)C2,,,CHEMBL1909046,,,,,CHEMBL959,RIMANTADINE,CHEMBL959,,0,,1540118,,15,0,,Not active,IC50,,,,CHEMBL213,Homo sapiens,Beta-1 adrenergic receptor,9606,Not Active,,IC50,,,,
,Inhibition < 50% @ 10 uM and thus dose-reponse curve not measured,7796336,[],CHEMBL1909091,DRUGMATRIX: Adrenergic beta1 radioligand binding (ligand: [125I] Cyanopindolol),B,,,BAO_0000190,BAO_0000249,cell membrane format,O=[N+]([O-])c1cc([As](=O)(O)O)ccc1O,,,CHEMBL1909046,,,,,CHEMBL1321154,ROXARSONE,CHEMBL1321154,,0,,1540126,,15,0,,Not active,IC50,,,,CHEMBL213,Homo sapiens,Beta-1 adrenergic receptor,9606,Not Active,,IC50,,,,
,Inhibition < 50% @ 10 uM and thus dose-reponse curve not measured,7796452,[],CHEMBL1909091,DRUGMATRIX: Adrenergic beta1 radioligand binding (ligand: [125I] Cyanopindolol),B,,,BAO_0000190,BAO_0000249,cell membrane format,NC(=O)c1ccccc1O,,,CHEMBL1909046,,,,,CHEMBL27577,SALICYLAMIDE,CHEMBL27577,,0,,1540134,,15,0,,Not active,IC50,,,,CHEMBL213,Homo sapiens,Beta-1 adrenergic receptor,9606,Not Active,,IC50,,,,
,Inhibition < 50% @ 10 uM and thus dose-reponse curve not measured,7796568,[],CHEMBL1909091,DRUGMATRIX: Adrenergic beta1 radioligand binding (ligand: [125I] Cyanopindolol),B,,,BAO_0000190,BAO_0000249,cell membrane format,C=CCC1(C(C)CCC)C(=O)NC(=O)NC1=O,,,CHEMBL1909046,,,,,CHEMBL447,SECOBARBITAL,CHEMBL447,,0,,1540142,,15,0,,Not active,IC50,,,,CHEMBL213,Homo sapiens,Beta-1 adrenergic receptor,9606,Not Active,,IC50,,,,
,Inhibition < 50% @ 10 uM and thus dose-reponse curve not measured,7796932,[],CHEMBL1909091,DRUGMATRIX: Adrenergic beta1 radioligand binding (ligand: [125I] Cyanopindolol),B,,,BAO_0000190,BAO_0000249,cell membrane format,,,,CHEMBL1909046,,,,,CHEMBL1909079,STANNOUS FLUORIDE,CHEMBL1909079,,0,,1540159,,15,0,,Not active,IC50,,,,CHEMBL213,Homo sapiens,Beta-1 adrenergic receptor,9606,Not Active,,IC50,,,,
,Inhibition < 50% @ 10 uM and thus dose-reponse curve not measured,7797067,[],CHEMBL1909091,DRUGMATRIX: Adrenergic beta1 radioligand binding (ligand: [125I] Cyanopindolol),B,,,BAO_0000190,BAO_0000249,cell membrane format,CC1(C)[C@H](C(=O)O)N2C(=O)C[C@H]2S1(=O)=O,,,CHEMBL1909046,,,,,CHEMBL403,SULBACTAM,CHEMBL403,,0,,1540167,,15,0,,Not active,IC50,,,,CHEMBL213,Homo sapiens,Beta-1 adrenergic receptor,9606,Not Active,,IC50,,,,
,Inhibition < 50% @ 10 uM and thus dose-reponse curve not measured,7797184,[],CHEMBL1909091,DRUGMATRIX: Adrenergic beta1 radioligand binding (ligand: [125I] Cyanopindolol),B,,,BAO_0000190,BAO_0000249,cell membrane format,Cc1nnc(NS(=O)(=O)c2ccc(N)cc2)s1,,,CHEMBL1909046,,,,,CHEMBL1191,SULFAMETHIZOLE,CHEMBL1191,,0,,1540175,,15,0,,Not active,IC50,,,,CHEMBL213,Homo sapiens,Beta-1 adrenergic receptor,9606,Not Active,,IC50,,,,
,Inhibition < 50% @ 10 uM and thus dose-reponse curve not measured,7797322,[],CHEMBL1909091,DRUGMATRIX: Adrenergic beta1 radioligand binding (ligand: [125I] Cyanopindolol),B,,,BAO_0000190,BAO_0000249,cell membrane format,CC1=C(CC(=O)O)c2cc(F)ccc2/C1=C\c1ccc([S+](C)[O-])cc1,,,CHEMBL1909046,,,,,CHEMBL15770,SULINDAC,CHEMBL15770,,0,,1540183,,15,0,,Not active,IC50,,,,CHEMBL213,Homo sapiens,Beta-1 adrenergic receptor,9606,Not Active,,IC50,,,,
,Inhibition < 50% @ 10 uM and thus dose-reponse curve not measured,7797410,[],CHEMBL1909091,DRUGMATRIX: Adrenergic beta1 radioligand binding (ligand: [125I] Cyanopindolol),B,,,BAO_0000190,BAO_0000249,cell membrane format,C=CC[C@@H]1/C=C(\C)C[C@H](C)C[C@H](OC)[C@H]2O[C@@](O)(C(=O)C(=O)N3CCCC[C@H]3C(=O)O[C@H](/C(C)=C/[C@@H]3CC[C@@H](O)[C@H](OC)C3)[C@H](C)[C@@H](O)CC1=O)[C@H](C)C[C@@H]2OC,,,CHEMBL1909046,,,,,CHEMBL269732,TACROLIMUS ANHYDROUS,CHEMBL269732,,0,,1540191,,15,0,,Not active,IC50,,,,CHEMBL213,Homo sapiens,Beta-1 adrenergic receptor,9606,Not Active,,IC50,,,,
,Inhibition < 50% @ 10 uM and thus dose-reponse curve not measured,7797993,[],CHEMBL1909091,DRUGMATRIX: Adrenergic beta1 radioligand binding (ligand: [125I] Cyanopindolol),B,,,BAO_0000190,BAO_0000249,cell membrane format,NC[C@H]1O[C@H](O[C@H]2[C@H](O)[C@@H](O[C@H]3O[C@H](CO)[C@@H](O)[C@H](N)[C@H]3O)[C@H](N)C[C@@H]2N)[C@H](N)C[C@@H]1O,,,CHEMBL1909046,,,,,CHEMBL1747,TOBRAMYCIN,CHEMBL1747,,0,,1540224,,15,0,,Not active,IC50,,,,CHEMBL213,Homo sapiens,Beta-1 adrenergic receptor,9606,Not Active,,IC50,,,,
,Inhibition < 50% @ 10 uM and thus dose-reponse curve not measured,7798134,[],CHEMBL1909091,DRUGMATRIX: Adrenergic beta1 radioligand binding (ligand: [125I] Cyanopindolol),B,,,BAO_0000190,BAO_0000249,cell membrane format,NC[C@H]1CC[C@H](C(=O)O)CC1,,,CHEMBL1909046,,,,,CHEMBL877,TRANEXAMIC ACID,CHEMBL877,,0,,1540234,,15,0,,Not active,IC50,,,,CHEMBL213,Homo sapiens,Beta-1 adrenergic receptor,9606,Not Active,,IC50,,,,
,Inhibition < 50% @ 10 uM and thus dose-reponse curve not measured,7798913,[],CHEMBL1909091,DRUGMATRIX: Adrenergic beta1 radioligand binding (ligand: [125I] Cyanopindolol),B,,,BAO_0000190,BAO_0000249,cell membrane format,,,,CHEMBL1909046,,,,,CHEMBL136478,SODIUM NITROPRUSSIDE,CHEMBL2097081,,0,,1540151,,15,0,,Not active,IC50,,,,CHEMBL213,Homo sapiens,Beta-1 adrenergic receptor,9606,Not Active,,IC50,,,,
,Inhibition < 50% @ 10 uM and thus dose-reponse curve not measured,7799716,[],CHEMBL1909091,DRUGMATRIX: Adrenergic beta1 radioligand binding (ligand: [125I] Cyanopindolol),B,,,BAO_0000190,BAO_0000249,cell membrane format,COc1cc2nc(N3CCN(C(=O)C4CCCO4)CC3)nc(N)c2cc1OC,,,CHEMBL1909046,,,,,CHEMBL611,TERAZOSIN,CHEMBL611,,0,,1540200,,15,0,,Not active,IC50,,,,CHEMBL213,Homo sapiens,Beta-1 adrenergic receptor,9606,Not Active,,IC50,,,,
,Inhibition < 50% @ 10 uM and thus dose-reponse curve not measured,7799781,[],CHEMBL1909091,DRUGMATRIX: Adrenergic beta1 radioligand binding (ligand: [125I] Cyanopindolol),B,,,BAO_0000190,BAO_0000249,cell membrane format,O=C1CCC(N2C(=O)c3ccccc3C2=O)C(=O)N1,,,CHEMBL1909046,,,,,CHEMBL468,THALIDOMIDE,CHEMBL468,,0,,1540208,,15,0,,Not active,IC50,,,,CHEMBL213,Homo sapiens,Beta-1 adrenergic receptor,9606,Not Active,,IC50,,,,
,Inhibition < 50% @ 10 uM and thus dose-reponse curve not measured,7799907,[],CHEMBL1909091,DRUGMATRIX: Adrenergic beta1 radioligand binding (ligand: [125I] Cyanopindolol),B,,,BAO_0000190,BAO_0000249,cell membrane format,CSc1ccc2c(c1)N(CCC1CCCCN1C)c1ccccc1S2,,,CHEMBL1909046,,,,,CHEMBL479,THIORIDAZINE,CHEMBL479,,0,,1540216,,15,0,,Not active,IC50,,,,CHEMBL213,Homo sapiens,Beta-1 adrenergic receptor,9606,Not Active,,IC50,,,,
,Inhibition < 50% @ 10 uM and thus dose-reponse curve not measured,7800259,[],CHEMBL1909091,DRUGMATRIX: Adrenergic beta1 radioligand binding (ligand: [125I] Cyanopindolol),B,,,BAO_0000190,BAO_0000249,cell membrane format,NC1CCN(c2nc3c(cc2F)c(=O)c(C(=O)O)cn3-c2ccc(F)cc2F)C1,,,CHEMBL1909046,,,,,CHEMBL273348,TOSUFLOXACIN,CHEMBL273348,,0,,1540232,,15,0,,Not active,IC50,,,,CHEMBL213,Homo sapiens,Beta-1 adrenergic receptor,9606,Not Active,,IC50,,,,
,Inhibition < 50% @ 10 uM and thus dose-reponse curve not measured,7800344,[],CHEMBL1909091,DRUGMATRIX: Adrenergic beta1 radioligand binding (ligand: [125I] Cyanopindolol),B,,,BAO_0000190,BAO_0000249,cell membrane format,COC(=O)[C@H]1[C@H]2C[C@@H]3c4[nH]c5cc(OC)ccc5c4CCN3C[C@H]2C[C@@H](OC(=O)c2cc(OC)c(OC)c(OC)c2)[C@@H]1OC,,,CHEMBL1909046,,,,,CHEMBL772,RESERPINE,CHEMBL772,,0,,1540111,,15,0,,Not active,IC50,,,,CHEMBL213,Homo sapiens,Beta-1 adrenergic receptor,9606,Not Active,,IC50,,,,
,Inhibition < 50% @ 10 uM and thus dose-reponse curve not measured,7800478,[],CHEMBL1909091,DRUGMATRIX: Adrenergic beta1 radioligand binding (ligand: [125I] Cyanopindolol),B,,,BAO_0000190,BAO_0000249,cell membrane format,O=P(O)(O)C(O)(Cc1cccnc1)P(=O)(O)O,,,CHEMBL1909046,,,,,CHEMBL923,RISEDRONIC ACID,CHEMBL923,,0,,1540119,,15,0,,Not active,IC50,,,,CHEMBL213,Homo sapiens,Beta-1 adrenergic receptor,9606,Not Active,,IC50,,,,
,Inhibition < 50% @ 10 uM and thus dose-reponse curve not measured,7800585,[],CHEMBL1909091,DRUGMATRIX: Adrenergic beta1 radioligand binding (ligand: [125I] Cyanopindolol),B,,,BAO_0000190,BAO_0000249,cell membrane format,CC[C@H]1OC(=O)[C@H](C)[C@@H](O[C@H]2C[C@@](C)(OC)[C@@H](O)[C@H](C)O2)[C@H](C)[C@@H](O[C@@H]2O[C@H](C)C[C@H](N(C)C)[C@H]2O)[C@](C)(O)C[C@@H](C)/C(=N\OCOCCOC)[C@H](C)[C@@H](O)[C@]1(C)O,,,CHEMBL1909046,,,,,CHEMBL1214185,ROXITHROMYCIN,CHEMBL1214185,,0,,1540127,,15,0,,Not active,IC50,,,,CHEMBL213,Homo sapiens,Beta-1 adrenergic receptor,9606,Not Active,,IC50,,,,
,Inhibition < 50% @ 10 uM and thus dose-reponse curve not measured,7800702,[],CHEMBL1909091,DRUGMATRIX: Adrenergic beta1 radioligand binding (ligand: [125I] Cyanopindolol),B,,,BAO_0000190,BAO_0000249,cell membrane format,O=C(O)c1ccccc1O,,,CHEMBL1909046,,,,,CHEMBL424,SALICYLIC ACID,CHEMBL424,,0,,1540135,,15,0,,Not active,IC50,,,,CHEMBL213,Homo sapiens,Beta-1 adrenergic receptor,9606,Not Active,,IC50,,,,
,Inhibition < 50% @ 10 uM and thus dose-reponse curve not measured,7800817,[],CHEMBL1909091,DRUGMATRIX: Adrenergic beta1 radioligand binding (ligand: [125I] Cyanopindolol),B,,,BAO_0000190,BAO_0000249,cell membrane format,C#CCN(C)[C@H](C)Cc1ccccc1,,,CHEMBL1909046,,,,,CHEMBL972,SELEGILINE,CHEMBL972,,0,,1540143,,15,0,,Not active,IC50,,,,CHEMBL213,Homo sapiens,Beta-1 adrenergic receptor,9606,Not Active,,IC50,,,,
,Inhibition < 50% @ 10 uM and thus dose-reponse curve not measured,7801185,[],CHEMBL1909091,DRUGMATRIX: Adrenergic beta1 radioligand binding (ligand: [125I] Cyanopindolol),B,,,BAO_0000190,BAO_0000249,cell membrane format,C[C@]12CCC(=O)C[C@@H]1CC[C@@H]1[C@@H]2CC[C@]2(C)[C@@H](O)CC[C@@H]12,,,CHEMBL1909046,,,,,CHEMBL27769,STANOLONE,CHEMBL27769,,0,,1540160,,15,0,,Not active,IC50,,,,CHEMBL213,Homo sapiens,Beta-1 adrenergic receptor,9606,Not Active,,IC50,,,,
,Inhibition < 50% @ 10 uM and thus dose-reponse curve not measured,7801320,[],CHEMBL1909091,DRUGMATRIX: Adrenergic beta1 radioligand binding (ligand: [125I] Cyanopindolol),B,,,BAO_0000190,BAO_0000249,cell membrane format,Clc1ccc(CSC(Cn2ccnc2)c2ccc(Cl)cc2Cl)cc1,,,CHEMBL1909046,,,,,CHEMBL1221,SULCONAZOLE,CHEMBL1221,,0,,1540168,,15,0,,Not active,IC50,,,,CHEMBL213,Homo sapiens,Beta-1 adrenergic receptor,9606,Not Active,,IC50,,,,
,Inhibition < 50% @ 10 uM and thus dose-reponse curve not measured,7801443,[],CHEMBL1909091,DRUGMATRIX: Adrenergic beta1 radioligand binding (ligand: [125I] Cyanopindolol),B,,,BAO_0000190,BAO_0000249,cell membrane format,Cc1cc(NS(=O)(=O)c2ccc(N)cc2)no1,,,CHEMBL1909046,,,,,CHEMBL443,SULFAMETHOXAZOLE,CHEMBL443,,0,,1540176,,15,0,,Not active,IC50,,,,CHEMBL213,Homo sapiens,Beta-1 adrenergic receptor,9606,Not Active,,IC50,,,,
,Inhibition < 50% @ 10 uM and thus dose-reponse curve not measured,7801580,[],CHEMBL1909091,DRUGMATRIX: Adrenergic beta1 radioligand binding (ligand: [125I] Cyanopindolol),B,,,BAO_0000190,BAO_0000249,cell membrane format,CSc1ccc(/C=C2/C(C)=C(CC(=O)O)c3cc(F)ccc32)cc1,,,CHEMBL1909046,,,,,CHEMBL18797,SULINDAC SULFIDE,CHEMBL18797,,0,,1540184,,15,0,,Not active,IC50,,,,CHEMBL213,Homo sapiens,Beta-1 adrenergic receptor,9606,Not Active,,IC50,,,,
,,7801669,[],CHEMBL1909091,DRUGMATRIX: Adrenergic beta1 radioligand binding (ligand: [125I] Cyanopindolol),B,,,BAO_0000190,BAO_0000249,cell membrane format,CC/C(=C(\c1ccccc1)c1ccc(OCCN(C)C)cc1)c1ccccc1,,,CHEMBL1909046,,,"{'bei': '12.82', 'le': '0.23', 'lle': '-1.24', 'sei': '38.19'}",,CHEMBL83,TAMOXIFEN,CHEMBL83,4.76,0,http://www.openphacts.org/units/Nanomolar,1540192,=,15,1,=,,IC50,nM,,17289.0,CHEMBL213,Homo sapiens,Beta-1 adrenergic receptor,9606,,,IC50,uM,UO_0000065,,17.289
,Inhibition < 50% @ 10 uM and thus dose-reponse curve not measured,7802290,[],CHEMBL1909091,DRUGMATRIX: Adrenergic beta1 radioligand binding (ligand: [125I] Cyanopindolol),B,,,BAO_0000190,BAO_0000249,cell membrane format,Cc1cccc(C)c1NC(=O)C(C)N,,,CHEMBL1909046,,,,,CHEMBL1762,TOCAINIDE,CHEMBL1762,,0,,1540225,,15,0,,Not active,IC50,,,,CHEMBL213,Homo sapiens,Beta-1 adrenergic receptor,9606,Not Active,,IC50,,,,
,Inhibition < 50% @ 10 uM and thus dose-reponse curve not measured,7803209,[],CHEMBL1909091,DRUGMATRIX: Adrenergic beta1 radioligand binding (ligand: [125I] Cyanopindolol),B,,,BAO_0000190,BAO_0000249,cell membrane format,,,,CHEMBL1909046,,,,,CHEMBL179166,SODIUM ORTHOVANAD,CHEMBL179166,,0,,1540152,,15,0,,Not active,IC50,,,,CHEMBL213,Homo sapiens,Beta-1 adrenergic receptor,9606,Not Active,,IC50,,,,
,Inhibition < 50% @ 10 uM and thus dose-reponse curve not measured,7804063,[],CHEMBL1909091,DRUGMATRIX: Adrenergic beta1 radioligand binding (ligand: [125I] Cyanopindolol),B,,,BAO_0000190,BAO_0000249,cell membrane format,CN(C/C=C/C#CC(C)(C)C)Cc1cccc2ccccc12,,,CHEMBL1909046,,,,,CHEMBL822,TERBINAFINE,CHEMBL822,,0,,1540201,,15,0,,Not active,IC50,,,,CHEMBL213,Homo sapiens,Beta-1 adrenergic receptor,9606,Not Active,,IC50,,,,
,Inhibition < 50% @ 10 uM and thus dose-reponse curve not measured,7804132,[],CHEMBL1909091,DRUGMATRIX: Adrenergic beta1 radioligand binding (ligand: [125I] Cyanopindolol),B,,,BAO_0000190,BAO_0000249,cell membrane format,Cn1c(=O)c2nc[nH]c2n(C)c1=O.O,,,CHEMBL1909046,,,,,CHEMBL1355736,THEOPHYLLINE,CHEMBL190,,0,,1540209,,15,0,,Not active,IC50,,,,CHEMBL213,Homo sapiens,Beta-1 adrenergic receptor,9606,Not Active,,IC50,,,,
,Inhibition < 50% @ 10 uM and thus dose-reponse curve not measured,7804214,[],CHEMBL1909091,DRUGMATRIX: Adrenergic beta1 radioligand binding (ligand: [125I] Cyanopindolol),B,,,BAO_0000190,BAO_0000249,cell membrane format,CCN(CC)CCNC(=O)c1cc(S(C)(=O)=O)ccc1OC,,,CHEMBL1909046,,,,,CHEMBL84158,TIAPRIDE,CHEMBL84158,,0,,1540217,,15,0,,Not active,IC50,,,,CHEMBL213,Homo sapiens,Beta-1 adrenergic receptor,9606,Not Active,,IC50,,,,
,Inhibition < 50% @ 10 uM and thus dose-reponse curve not measured,7804592,[],CHEMBL1909091,DRUGMATRIX: Adrenergic beta1 radioligand binding (ligand: [125I] Cyanopindolol),B,,,BAO_0000190,BAO_0000249,cell membrane format,COc1cccc(C2(O)CCCCC2CN(C)C)c1,,,CHEMBL1909046,,,,,CHEMBL1237044,TRAMADOL,CHEMBL1237044,,0,,1540233,,15,0,,Not active,IC50,,,,CHEMBL213,Homo sapiens,Beta-1 adrenergic receptor,9606,Not Active,,IC50,,,,
,Inhibition < 50% @ 10 uM and thus dose-reponse curve not measured,7804672,[],CHEMBL1909091,DRUGMATRIX: Adrenergic beta1 radioligand binding (ligand: [125I] Cyanopindolol),B,,,BAO_0000190,BAO_0000249,cell membrane format,Oc1ccc(/C=C/c2cc(O)cc(O)c2)cc1,,,CHEMBL1909046,,,,,CHEMBL165,RESVERATROL,CHEMBL165,,0,,1540112,,15,0,,Not active,IC50,,,,CHEMBL213,Homo sapiens,Beta-1 adrenergic receptor,9606,Not Active,,IC50,,,,
,Inhibition < 50% @ 10 uM and thus dose-reponse curve not measured,7804815,[],CHEMBL1909091,DRUGMATRIX: Adrenergic beta1 radioligand binding (ligand: [125I] Cyanopindolol),B,,,BAO_0000190,BAO_0000249,cell membrane format,Cc1nc2n(c(=O)c1CCN1CCC(c3noc4cc(F)ccc34)CC1)CCCC2,,,CHEMBL1909046,,,,,CHEMBL85,RISPERIDONE,CHEMBL85,,0,,1540120,,15,0,,Not active,IC50,,,,CHEMBL213,Homo sapiens,Beta-1 adrenergic receptor,9606,Not Active,,IC50,,,,
,Inhibition < 50% @ 10 uM and thus dose-reponse curve not measured,7804932,[],CHEMBL1909091,DRUGMATRIX: Adrenergic beta1 radioligand binding (ligand: [125I] Cyanopindolol),B,,,BAO_0000190,BAO_0000249,cell membrane format,COc1cc(N)[nH]c2nc(-c3ccc(F)cc3)c(-c3ccncc3)c1-2,,,CHEMBL1909046,,,,,CHEMBL115769,,CHEMBL115769,,0,,1540128,,15,0,,Not active,IC50,,,,CHEMBL213,Homo sapiens,Beta-1 adrenergic receptor,9606,Not Active,,IC50,,,,
,Inhibition < 50% @ 10 uM and thus dose-reponse curve not measured,7805056,[],CHEMBL1909091,DRUGMATRIX: Adrenergic beta1 radioligand binding (ligand: [125I] Cyanopindolol),B,,,BAO_0000190,BAO_0000249,cell membrane format,CC[C@@H](C(=O)[C@@H](C)[C@@H](O)[C@H](C)[C@@H]1O[C@@H]([C@@H](CC)C(=O)O)CC[C@@H]1C)[C@H]1O[C@]2(C=C[C@@H](O)[C@]3(CC[C@@](C)([C@H]4CC[C@](O)(CC)[C@H](C)O4)O3)O2)[C@H](C)C[C@@H]1C,,,CHEMBL1909046,,,,,CHEMBL1208572,SALINOMYCIN,CHEMBL1208572,,0,,1540136,,15,0,,Not active,IC50,,,,CHEMBL213,Homo sapiens,Beta-1 adrenergic receptor,9606,Not Active,,IC50,,,,
,Inhibition < 50% @ 10 uM and thus dose-reponse curve not measured,7805166,[],CHEMBL1909091,DRUGMATRIX: Adrenergic beta1 radioligand binding (ligand: [125I] Cyanopindolol),B,,,BAO_0000190,BAO_0000249,cell membrane format,CC1CCC(NC(=O)N(CCCl)N=O)CC1,,,CHEMBL1909046,,,,,CHEMBL12948,SEMUSTINE,CHEMBL12948,,0,,1540144,,15,0,,Not active,IC50,,,,CHEMBL213,Homo sapiens,Beta-1 adrenergic receptor,9606,Not Active,,IC50,,,,
,Inhibition < 50% @ 10 uM and thus dose-reponse curve not measured,7805537,[],CHEMBL1909091,DRUGMATRIX: Adrenergic beta1 radioligand binding (ligand: [125I] Cyanopindolol),B,,,BAO_0000190,BAO_0000249,cell membrane format,C[C@]12Cc3c[nH]nc3C[C@@H]1CC[C@@H]1[C@@H]2CC[C@@]2(C)[C@H]1CC[C@]2(C)O,,,CHEMBL1909046,,,,,CHEMBL2079587,STANOZOLOL,CHEMBL2079587,,0,,1540161,,15,0,,Not active,IC50,,,,CHEMBL213,Homo sapiens,Beta-1 adrenergic receptor,9606,Not Active,,IC50,,,,
,Inhibition < 50% @ 10 uM and thus dose-reponse curve not measured,7805656,[],CHEMBL1909091,DRUGMATRIX: Adrenergic beta1 radioligand binding (ligand: [125I] Cyanopindolol),B,,,BAO_0000190,BAO_0000249,cell membrane format,Nc1ccc(S(=O)(=O)NC(=O)c2ccccc2)cc1,,,CHEMBL1909046,,,,,CHEMBL1243,SULFABENZAMIDE,CHEMBL1243,,0,,1540169,,15,0,,Not active,IC50,,,,CHEMBL213,Homo sapiens,Beta-1 adrenergic receptor,9606,Not Active,,IC50,,,,
,Inhibition < 50% @ 10 uM and thus dose-reponse curve not measured,7805802,[],CHEMBL1909091,DRUGMATRIX: Adrenergic beta1 radioligand binding (ligand: [125I] Cyanopindolol),B,,,BAO_0000190,BAO_0000249,cell membrane format,Nc1ccc(S(N)(=O)=O)cc1,,,CHEMBL1909046,,,,,CHEMBL21,SULFANILAMIDE,CHEMBL21,,0,,1540177,,15,0,,Not active,IC50,,,,CHEMBL213,Homo sapiens,Beta-1 adrenergic receptor,9606,Not Active,,IC50,,,,
,Inhibition < 50% @ 10 uM and thus dose-reponse curve not measured,7805930,[],CHEMBL1909091,DRUGMATRIX: Adrenergic beta1 radioligand binding (ligand: [125I] Cyanopindolol),B,,,BAO_0000190,BAO_0000249,cell membrane format,CC1=C(CC(=O)O)c2cc(F)ccc2/C1=C\c1ccc(S(C)(=O)=O)cc1,,,CHEMBL1909046,,,,,CHEMBL488025,EXISULIND,CHEMBL488025,,0,,1540185,,15,0,,Not active,IC50,,,,CHEMBL213,Homo sapiens,Beta-1 adrenergic receptor,9606,Not Active,,IC50,,,,
,Inhibition < 50% @ 10 uM and thus dose-reponse curve not measured,7805965,[],CHEMBL1909091,DRUGMATRIX: Adrenergic beta1 radioligand binding (ligand: [125I] Cyanopindolol),B,,,BAO_0000190,BAO_0000249,cell membrane format,O=C(OC[C@H]1O[C@@H](OC(=O)c2cc(O)c(O)c(OC(=O)c3cc(O)c(O)c(O)c3)c2)[C@H](OC(=O)c2cc(O)c(O)c(OC(=O)c3cc(O)c(O)c(O)c3)c2)[C@@H](OC(=O)c2cc(O)c(O)c(OC(=O)c3cc(O)c(O)c(O)c3)c2)[C@@H]1OC(=O)c1cc(O)c(O)c(OC(=O)c2cc(O)c(O)c(O)c2)c1)c1cc(O)c(O)c(OC(=O)c2cc(O)c(O)c(O)c2)c1,,,CHEMBL1909046,,,,,CHEMBL506247,TANNIC ACID,CHEMBL506247,,0,,1540193,,15,0,,Not active,IC50,,,,CHEMBL213,Homo sapiens,Beta-1 adrenergic receptor,9606,Not Active,,IC50,,,,
,Inhibition < 50% @ 10 uM and thus dose-reponse curve not measured,7806607,[],CHEMBL1909091,DRUGMATRIX: Adrenergic beta1 radioligand binding (ligand: [125I] Cyanopindolol),B,,,BAO_0000190,BAO_0000249,cell membrane format,Cc1ccc(S(=O)(=O)NC(=O)NN2CCCCCC2)cc1,,,CHEMBL1909046,,,,,CHEMBL817,TOLAZAMIDE,CHEMBL817,,0,,1540226,,15,0,,Not active,IC50,,,,CHEMBL213,Homo sapiens,Beta-1 adrenergic receptor,9606,Not Active,,IC50,,,,
,,7807539,[],CHEMBL1909091,DRUGMATRIX: Adrenergic beta1 radioligand binding (ligand: [125I] Cyanopindolol),B,,,BAO_0000190,BAO_0000249,cell membrane format,CC(C)NCC(O)c1ccc(NS(C)(=O)=O)cc1,,,CHEMBL1909046,,,"{'bei': '21.44', 'le': '0.44', 'lle': '4.75', 'sei': '7.45'}",,CHEMBL471,SOTALOL,CHEMBL471,5.84,0,http://www.openphacts.org/units/Nanomolar,1540153,=,15,1,=,,IC50,nM,,1443.4,CHEMBL213,Homo sapiens,Beta-1 adrenergic receptor,9606,,,IC50,uM,UO_0000065,,1.4434
,Inhibition < 50% @ 10 uM and thus dose-reponse curve not measured,7808218,[],CHEMBL1909091,DRUGMATRIX: Adrenergic beta1 radioligand binding (ligand: [125I] Cyanopindolol),B,,,BAO_0000190,BAO_0000249,cell membrane format,C[C@]1(Cn2ccnn2)[C@H](C(=O)O)N2C(=O)C[C@H]2S1(=O)=O,,,CHEMBL1909046,,,,,CHEMBL404,TAZOBACTAM,CHEMBL404,,0,,1540194,,15,0,,Not active,IC50,,,,CHEMBL213,Homo sapiens,Beta-1 adrenergic receptor,9606,Not Active,,IC50,,,,
,Inhibition < 50% @ 10 uM and thus dose-reponse curve not measured,7808347,[],CHEMBL1909091,DRUGMATRIX: Adrenergic beta1 radioligand binding (ligand: [125I] Cyanopindolol),B,,,BAO_0000190,BAO_0000249,cell membrane format,CC(C)(C)NCC(O)c1cc(O)cc(O)c1,,,CHEMBL1909046,,,,,CHEMBL1760,TERBUTALINE,CHEMBL1760,,0,,1540202,,15,0,,Not active,IC50,,,,CHEMBL213,Homo sapiens,Beta-1 adrenergic receptor,9606,Not Active,,IC50,,,,
,Inhibition < 50% @ 10 uM and thus dose-reponse curve not measured,7808418,[],CHEMBL1909091,DRUGMATRIX: Adrenergic beta1 radioligand binding (ligand: [125I] Cyanopindolol),B,,,BAO_0000190,BAO_0000249,cell membrane format,c1ccc2[nH]c(-c3cscn3)nc2c1,,,CHEMBL1909046,,,,,CHEMBL625,THIABENDAZOLE,CHEMBL625,,0,,1540210,,15,0,,Not active,IC50,,,,CHEMBL213,Homo sapiens,Beta-1 adrenergic receptor,9606,Not Active,,IC50,,,,
,Inhibition < 50% @ 10 uM and thus dose-reponse curve not measured,7808498,[],CHEMBL1909091,DRUGMATRIX: Adrenergic beta1 radioligand binding (ligand: [125I] Cyanopindolol),B,,,BAO_0000190,BAO_0000249,cell membrane format,C#C[C@]1(O)CC[C@H]2[C@@H]3[C@H](C)CC4=C(CCC(=O)C4)[C@H]3CC[C@@]21C,,,CHEMBL1909046,,,,,CHEMBL2103774,TIBOLONE,CHEMBL2103774,,0,,1540218,,15,0,,Not active,IC50,,,,CHEMBL213,Homo sapiens,Beta-1 adrenergic receptor,9606,Not Active,,IC50,,,,
,Inhibition < 50% @ 10 uM and thus dose-reponse curve not measured,7808871,[],CHEMBL1909091,DRUGMATRIX: Adrenergic beta1 radioligand binding (ligand: [125I] Cyanopindolol),B,,,BAO_0000190,BAO_0000249,cell membrane format,CC(C)Cc1ccc([C@@H](C)C(=O)O)cc1,,,CHEMBL1909046,,,,,CHEMBL427526,(R)-IBUPROPHEN,CHEMBL427526,,0,,1540105,,15,0,,Not active,IC50,,,,CHEMBL213,Homo sapiens,Beta-1 adrenergic receptor,9606,Not Active,,IC50,,,,
,Inhibition < 50% @ 10 uM and thus dose-reponse curve not measured,7808957,[],CHEMBL1909091,DRUGMATRIX: Adrenergic beta1 radioligand binding (ligand: [125I] Cyanopindolol),B,,,BAO_0000190,BAO_0000249,cell membrane format,NC(=O)c1ncn([C@@H]2O[C@H](CO)[C@@H](O)[C@H]2O)n1,,,CHEMBL1909046,,,,,CHEMBL1643,RIBAVIRIN,CHEMBL1643,,0,,1540113,,15,0,,Not active,IC50,,,,CHEMBL213,Homo sapiens,Beta-1 adrenergic receptor,9606,Not Active,,IC50,,,,
,Inhibition < 50% @ 10 uM and thus dose-reponse curve not measured,7809079,[],CHEMBL1909091,DRUGMATRIX: Adrenergic beta1 radioligand binding (ligand: [125I] Cyanopindolol),B,,,BAO_0000190,BAO_0000249,cell membrane format,CC(C)c1nc(CN(C)C(=O)N[C@H](C(=O)N[C@@H](Cc2ccccc2)C[C@H](O)[C@H](Cc2ccccc2)NC(=O)OCc2cncs2)C(C)C)cs1,,,CHEMBL1909046,,,,,CHEMBL163,RITONAVIR,CHEMBL163,,0,,1540121,,15,0,,Not active,IC50,,,,CHEMBL213,Homo sapiens,Beta-1 adrenergic receptor,9606,Not Active,,IC50,,,,
,,7809201,[],CHEMBL1909091,DRUGMATRIX: Adrenergic beta1 radioligand binding (ligand: [125I] Cyanopindolol),B,,,BAO_0000190,BAO_0000249,cell membrane format,CC(C)NC[C@H](O)COc1cccc2ccccc12,,,CHEMBL1909046,,,"{'bei': '33.62', 'le': '0.63', 'lle': '6.14', 'sei': '21.02'}",,CHEMBL452861,LEVOPROPRANOLOL,CHEMBL452861,8.72,0,http://www.openphacts.org/units/Nanomolar,1540129,=,15,1,=,,IC50,nM,,1.908,CHEMBL213,Homo sapiens,Beta-1 adrenergic receptor,9606,,,IC50,uM,UO_0000065,,0.001908
,Inhibition < 50% @ 10 uM and thus dose-reponse curve not measured,7809331,[],CHEMBL1909091,DRUGMATRIX: Adrenergic beta1 radioligand binding (ligand: [125I] Cyanopindolol),B,,,BAO_0000190,BAO_0000249,cell membrane format,O=C(Oc1ccccc1C(=O)O)c1ccccc1O,,,CHEMBL1909046,,,,,CHEMBL154111,SALSALATE,CHEMBL154111,,0,,1540137,,15,0,,Not active,IC50,,,,CHEMBL213,Homo sapiens,Beta-1 adrenergic receptor,9606,Not Active,,IC50,,,,
,Inhibition < 50% @ 10 uM and thus dose-reponse curve not measured,7809436,[],CHEMBL1909091,DRUGMATRIX: Adrenergic beta1 radioligand binding (ligand: [125I] Cyanopindolol),B,,,BAO_0000190,BAO_0000249,cell membrane format,CN[C@H]1CC[C@@H](c2ccc(Cl)c(Cl)c2)c2ccccc21,,,CHEMBL1909046,,,,,CHEMBL809,SERTRALINE,CHEMBL809,,0,,1540145,,15,0,,Not active,IC50,,,,CHEMBL213,Homo sapiens,Beta-1 adrenergic receptor,9606,Not Active,,IC50,,,,
,Inhibition < 50% @ 10 uM and thus dose-reponse curve not measured,7809817,[],CHEMBL1909091,DRUGMATRIX: Adrenergic beta1 radioligand binding (ligand: [125I] Cyanopindolol),B,,,BAO_0000190,BAO_0000249,cell membrane format,Cc1cn([C@H]2C=C[C@@H](CO)O2)c(=O)[nH]c1=O,,,CHEMBL1909046,,,,,CHEMBL991,STAVUDINE,CHEMBL991,,0,,1540162,,15,0,,Not active,IC50,,,,CHEMBL213,Homo sapiens,Beta-1 adrenergic receptor,9606,Not Active,,IC50,,,,
,Inhibition < 50% @ 10 uM and thus dose-reponse curve not measured,7809933,[],CHEMBL1909091,DRUGMATRIX: Adrenergic beta1 radioligand binding (ligand: [125I] Cyanopindolol),B,,,BAO_0000190,BAO_0000249,cell membrane format,Nc1ccc(S(=O)(=O)Nc2ncccn2)cc1,,,CHEMBL1909046,,,,,CHEMBL439,SULFADIAZINE,CHEMBL439,,0,,1540170,,15,0,,Not active,IC50,,,,CHEMBL213,Homo sapiens,Beta-1 adrenergic receptor,9606,Not Active,,IC50,,,,
,Inhibition < 50% @ 10 uM and thus dose-reponse curve not measured,7810079,[],CHEMBL1909091,DRUGMATRIX: Adrenergic beta1 radioligand binding (ligand: [125I] Cyanopindolol),B,,,BAO_0000190,BAO_0000249,cell membrane format,Nc1ccc(S(=O)(=O)Nc2ccnn2-c2ccccc2)cc1,,,CHEMBL1909046,,,,,CHEMBL1109,SULFAPHENAZOLE,CHEMBL1109,,0,,1540178,,15,0,,Not active,IC50,,,,CHEMBL213,Homo sapiens,Beta-1 adrenergic receptor,9606,Not Active,,IC50,,,,
,Inhibition < 50% @ 10 uM and thus dose-reponse curve not measured,7810202,[],CHEMBL1909091,DRUGMATRIX: Adrenergic beta1 radioligand binding (ligand: [125I] Cyanopindolol),B,,,BAO_0000190,BAO_0000249,cell membrane format,CCCCCCCCNC(C)C(O)c1ccc(SC(C)C)cc1,,,CHEMBL1909046,,,,,CHEMBL404849,SULOCTIDIL,CHEMBL404849,,0,,1540186,,15,0,,Not active,IC50,,,,CHEMBL213,Homo sapiens,Beta-1 adrenergic receptor,9606,Not Active,,IC50,,,,
,Inhibition < 50% @ 10 uM and thus dose-reponse curve not measured,7810772,[],CHEMBL1909091,DRUGMATRIX: Adrenergic beta1 radioligand binding (ligand: [125I] Cyanopindolol),B,,,BAO_0000190,BAO_0000249,cell membrane format,Clc1ccccc1CN1CCc2sccc2C1,,,CHEMBL1909046,,,,,CHEMBL833,TICLOPIDINE,CHEMBL833,,0,,1540219,,15,0,,Not active,IC50,,,,CHEMBL213,Homo sapiens,Beta-1 adrenergic receptor,9606,Not Active,,IC50,,,,
,Inhibition < 50% @ 10 uM and thus dose-reponse curve not measured,7810891,[],CHEMBL1909091,DRUGMATRIX: Adrenergic beta1 radioligand binding (ligand: [125I] Cyanopindolol),B,,,BAO_0000190,BAO_0000249,cell membrane format,Cc1ccc(C(=O)c2ccc(CC(=O)O)n2C)cc1,,,CHEMBL1909046,,,,,CHEMBL1020,TOLMETIN,CHEMBL1020,,0,,1540227,,15,0,,Not active,IC50,,,,CHEMBL213,Homo sapiens,Beta-1 adrenergic receptor,9606,Not Active,,IC50,,,,
,Inhibition < 50% @ 10 uM and thus dose-reponse curve not measured,7811698,[],CHEMBL1909091,DRUGMATRIX: Adrenergic beta1 radioligand binding (ligand: [125I] Cyanopindolol),B,,,BAO_0000190,BAO_0000249,cell membrane format,CC(C)CC(N(C)C)C1(c2ccc(Cl)cc2)CCC1,,,CHEMBL1909046,,,,,CHEMBL1419,SIBUTRAMINE,CHEMBL1419,,0,,1540146,,15,0,,Not active,IC50,,,,CHEMBL213,Homo sapiens,Beta-1 adrenergic receptor,9606,Not Active,,IC50,,,,
,Inhibition < 50% @ 10 uM and thus dose-reponse curve not measured,7811831,[],CHEMBL1909091,DRUGMATRIX: Adrenergic beta1 radioligand binding (ligand: [125I] Cyanopindolol),B,,,BAO_0000190,BAO_0000249,cell membrane format,C[C@@H]1CN(c2c(F)c(N)c3c(=O)c(C(=O)O)cn(C4CC4)c3c2F)C[C@H](C)N1,,,CHEMBL1909046,,,,,CHEMBL850,SPARFLOXACIN,CHEMBL850,,0,,1540154,,15,0,,Not active,IC50,,,,CHEMBL213,Homo sapiens,Beta-1 adrenergic receptor,9606,Not Active,,IC50,,,,
,Inhibition < 50% @ 10 uM and thus dose-reponse curve not measured,7812508,[],CHEMBL1909091,DRUGMATRIX: Adrenergic beta1 radioligand binding (ligand: [125I] Cyanopindolol),B,,,BAO_0000190,BAO_0000249,cell membrane format,O=c1[nH]c(=O)n(C2CCCO2)cc1F,,,CHEMBL1909046,,,,,CHEMBL20883,TEGAFUR,CHEMBL20883,,0,,1540195,,15,0,,Not active,IC50,,,,CHEMBL213,Homo sapiens,Beta-1 adrenergic receptor,9606,Not Active,,IC50,,,,
,Inhibition < 50% @ 10 uM and thus dose-reponse curve not measured,7812634,[],CHEMBL1909091,DRUGMATRIX: Adrenergic beta1 radioligand binding (ligand: [125I] Cyanopindolol),B,,,BAO_0000190,BAO_0000249,cell membrane format,CC(C)N1CCN(c2ccc(OCC3COC(Cn4cncn4)(c4ccc(Cl)cc4Cl)O3)cc2)CC1,,,CHEMBL1909046,,,,,CHEMBL1714574,TERCONAZOLE,CHEMBL1714574,,0,,1540203,,15,0,,Not active,IC50,,,,CHEMBL213,Homo sapiens,Beta-1 adrenergic receptor,9606,Not Active,,IC50,,,,
,Inhibition < 50% @ 10 uM and thus dose-reponse curve not measured,7812717,[],CHEMBL1909091,DRUGMATRIX: Adrenergic beta1 radioligand binding (ligand: [125I] Cyanopindolol),B,,,BAO_0000190,BAO_0000249,cell membrane format,CS(=O)(=O)c1ccc([C@@H](O)[C@@H](CO)NC(=O)C(Cl)Cl)cc1,,,CHEMBL1909046,,,,,CHEMBL1236282,THIAMPHENICOL,CHEMBL1236282,,0,,1540211,,15,0,,Not active,IC50,,,,CHEMBL213,Homo sapiens,Beta-1 adrenergic receptor,9606,Not Active,,IC50,,,,
,Inhibition < 50% @ 10 uM and thus dose-reponse curve not measured,7813164,[],CHEMBL1909091,DRUGMATRIX: Adrenergic beta1 radioligand binding (ligand: [125I] Cyanopindolol),B,,,BAO_0000190,BAO_0000249,cell membrane format,COCCCOc1ccnc(C[S+]([O-])c2nc3ccccc3[nH]2)c1C,,,CHEMBL1909046,,,,,CHEMBL1219,RABEPRAZOLE,CHEMBL1219,,0,,1540106,,15,0,,Not active,IC50,,,,CHEMBL213,Homo sapiens,Beta-1 adrenergic receptor,9606,Not Active,,IC50,,,,
,Inhibition < 50% @ 10 uM and thus dose-reponse curve not measured,7813252,[],CHEMBL1909091,DRUGMATRIX: Adrenergic beta1 radioligand binding (ligand: [125I] Cyanopindolol),B,,,BAO_0000190,BAO_0000249,cell membrane format,CO[C@H]1/C=C/O[C@@]2(C)Oc3c(C)c(O)c4c(c3C2=O)C2=NC3(CCN(CC(C)C)CC3)NC2=C(NC(=O)/C(C)=C\C=C\[C@H](C)[C@H](O)[C@@H](C)[C@@H](O)[C@@H](C)[C@H](OC(C)=O)[C@@H]1C)C4=O,,,CHEMBL1909046,,,,,CHEMBL444633,RIFABUTIN,CHEMBL444633,,0,,1540114,,15,0,,Not active,IC50,,,,CHEMBL213,Homo sapiens,Beta-1 adrenergic receptor,9606,Not Active,,IC50,,,,
,Inhibition < 50% @ 10 uM and thus dose-reponse curve not measured,7813368,[],CHEMBL1909091,DRUGMATRIX: Adrenergic beta1 radioligand binding (ligand: [125I] Cyanopindolol),B,,,BAO_0000190,BAO_0000249,cell membrane format,CCCCOc1cc(CC2CNC(=O)N2)ccc1OC,,,CHEMBL1909046,,,,,CHEMBL18701,RO-201724,CHEMBL18701,,0,,1540122,,15,0,,Not active,IC50,,,,CHEMBL213,Homo sapiens,Beta-1 adrenergic receptor,9606,Not Active,,IC50,,,,
,Inhibition < 50% @ 10 uM and thus dose-reponse curve not measured,7813484,[],CHEMBL1909091,DRUGMATRIX: Adrenergic beta1 radioligand binding (ligand: [125I] Cyanopindolol),B,,,BAO_0000190,BAO_0000249,cell membrane format,N[C@H](CSC(=S)NCc1ccccc1)C(=O)O,,,CHEMBL1909046,,,,,CHEMBL1909076,,CHEMBL1909076,,0,,1540130,,15,0,,Not active,IC50,,,,CHEMBL213,Homo sapiens,Beta-1 adrenergic receptor,9606,Not Active,,IC50,,,,
,Inhibition < 50% @ 10 uM and thus dose-reponse curve not measured,7813624,[],CHEMBL1909091,DRUGMATRIX: Adrenergic beta1 radioligand binding (ligand: [125I] Cyanopindolol),B,,,BAO_0000190,BAO_0000249,cell membrane format,CC(C)(C)NC(=O)[C@@H]1C[C@@H]2CCCC[C@@H]2CN1C[C@@H](O)[C@H](Cc1ccccc1)NC(=O)[C@H](CC(N)=O)NC(=O)c1ccc2ccccc2n1,,,CHEMBL1909046,,,,,CHEMBL114,SAQUINAVIR,CHEMBL114,,0,,1540138,,15,0,,Not active,IC50,,,,CHEMBL213,Homo sapiens,Beta-1 adrenergic receptor,9606,Not Active,,IC50,,,,
,Inhibition < 50% @ 10 uM and thus dose-reponse curve not measured,7814101,[],CHEMBL1909091,DRUGMATRIX: Adrenergic beta1 radioligand binding (ligand: [125I] Cyanopindolol),B,,,BAO_0000190,BAO_0000249,cell membrane format,CN[C@@H]1[C@H](O[C@H]2[C@H](O[C@H]3[C@H](O)[C@@H](O)[C@H](N=C(N)N)[C@@H](O)[C@@H]3N=C(N)N)O[C@@H](C)[C@]2(O)C=O)O[C@@H](CO)[C@H](O)[C@H]1O,,,CHEMBL1909046,,,,,CHEMBL372795,STREPTOMYCIN,CHEMBL372795,,0,,1540163,,15,0,,Not active,IC50,,,,CHEMBL213,Homo sapiens,Beta-1 adrenergic receptor,9606,Not Active,,IC50,,,,
,Inhibition < 50% @ 10 uM and thus dose-reponse curve not measured,7814217,[],CHEMBL1909091,DRUGMATRIX: Adrenergic beta1 radioligand binding (ligand: [125I] Cyanopindolol),B,,,BAO_0000190,BAO_0000249,cell membrane format,COc1cc(NS(=O)(=O)c2ccc(N)cc2)nc(OC)n1,,,CHEMBL1909046,,,,,CHEMBL62193,SULFADIMETHOXINE,CHEMBL62193,,0,,1540171,,15,0,,Not active,IC50,,,,CHEMBL213,Homo sapiens,Beta-1 adrenergic receptor,9606,Not Active,,IC50,,,,
,Inhibition < 50% @ 10 uM and thus dose-reponse curve not measured,7814362,[],CHEMBL1909091,DRUGMATRIX: Adrenergic beta1 radioligand binding (ligand: [125I] Cyanopindolol),B,,,BAO_0000190,BAO_0000249,cell membrane format,O=C(O)c1cc(/N=N/c2ccc(S(=O)(=O)Nc3ccccn3)cc2)ccc1O,,,CHEMBL1909046,,,,,CHEMBL421,SULFASALAZINE,CHEMBL421,,0,,1540179,,15,0,,Not active,IC50,,,,CHEMBL213,Homo sapiens,Beta-1 adrenergic receptor,9606,Not Active,,IC50,,,,
,Inhibition < 50% @ 10 uM and thus dose-reponse curve not measured,7814464,[],CHEMBL1909091,DRUGMATRIX: Adrenergic beta1 radioligand binding (ligand: [125I] Cyanopindolol),B,,,BAO_0000190,BAO_0000249,cell membrane format,CCN1CCCC1CNC(=O)c1cc(S(N)(=O)=O)ccc1OC,,,CHEMBL1909046,,,,,CHEMBL26,SULPIRIDE,CHEMBL26,,0,,1540187,,15,0,,Not active,IC50,,,,CHEMBL213,Homo sapiens,Beta-1 adrenergic receptor,9606,Not Active,,IC50,,,,
,Inhibition < 50% @ 10 uM and thus dose-reponse curve not measured,7815063,[],CHEMBL1909091,DRUGMATRIX: Adrenergic beta1 radioligand binding (ligand: [125I] Cyanopindolol),B,,,BAO_0000190,BAO_0000249,cell membrane format,O=C(O)COc1ccc(C(=O)c2cccs2)c(Cl)c1Cl,,,CHEMBL1909046,,,,,CHEMBL267744,TICRYNAFEN,CHEMBL267744,,0,,1540220,,15,0,,Not active,IC50,,,,CHEMBL213,Homo sapiens,Beta-1 adrenergic receptor,9606,Not Active,,IC50,,,,
,Inhibition < 50% @ 10 uM and thus dose-reponse curve not measured,7815186,[],CHEMBL1909091,DRUGMATRIX: Adrenergic beta1 radioligand binding (ligand: [125I] Cyanopindolol),B,,,BAO_0000190,BAO_0000249,cell membrane format,Cc1cccc(N(C)C(=S)Oc2ccc3ccccc3c2)c1,,,CHEMBL1909046,,,,,CHEMBL83668,TOLNAFTATE,CHEMBL83668,,0,,1540228,,15,0,,Not active,IC50,,,,CHEMBL213,Homo sapiens,Beta-1 adrenergic receptor,9606,Not Active,,IC50,,,,
,Inhibition < 50% @ 10 uM and thus dose-reponse curve not measured,7815981,[],CHEMBL1909091,DRUGMATRIX: Adrenergic beta1 radioligand binding (ligand: [125I] Cyanopindolol),B,,,BAO_0000190,BAO_0000249,cell membrane format,CCCc1nn(C)c2c(=O)[nH]c(-c3cc(S(=O)(=O)N4CCN(C)CC4)ccc3OCC)nc12,,,CHEMBL1909046,,,,,CHEMBL192,SILDENAFIL,CHEMBL192,,0,,1540147,,15,0,,Not active,IC50,,,,CHEMBL213,Homo sapiens,Beta-1 adrenergic receptor,9606,Not Active,,IC50,,,,
,Inhibition < 50% @ 10 uM and thus dose-reponse curve not measured,7816123,[],CHEMBL1909091,DRUGMATRIX: Adrenergic beta1 radioligand binding (ligand: [125I] Cyanopindolol),B,,,BAO_0000190,BAO_0000249,cell membrane format,C1CCN2C[C@@H]3C[C@@H](CN4CCCC[C@@H]34)[C@H]2C1,,,CHEMBL1909046,,,,,CHEMBL1908847,SPARTEINE,CHEMBL1908847,,0,,1540155,,15,0,,Not active,IC50,,,,CHEMBL213,Homo sapiens,Beta-1 adrenergic receptor,9606,Not Active,,IC50,,,,
,Inhibition < 50% @ 10 uM and thus dose-reponse curve not measured,7816788,[],CHEMBL1909091,DRUGMATRIX: Adrenergic beta1 radioligand binding (ligand: [125I] Cyanopindolol),B,,,BAO_0000190,BAO_0000249,cell membrane format,CC(=O)N[C@@H]1[C@H](Oc2c3cc4cc2Oc2ccc(cc2Cl)[C@@H](O[C@@H]2O[C@@H](CO)[C@@H](O)[C@H](O)[C@@H]2NC(C)=O)[C@@H]2NC(=O)[C@H](NC(=O)[C@@H]4NC(=O)[C@H]4NC(=O)[C@@H](Cc5ccc(c(Cl)c5)O3)NC(=O)[C@H](N)c3ccc(O)c(c3)Oc3cc(O)cc4c3)c3ccc(O)c(c3)-c3c(O[C@H]4O[C@H](CO)[C@@H](O)[C@@H](O)[C@@H]4O)cc(O)cc3[C@@H](C(=O)O)NC2=O)O[C@@H](CO)[C@@H](O)[C@@H]1O,,,CHEMBL1909046,,,,,CHEMBL2367892,,CHEMBL2367892,,0,,1540196,,15,0,,Not active,IC50,,,,CHEMBL213,Homo sapiens,Beta-1 adrenergic receptor,9606,Not Active,,IC50,,,,
,Inhibition < 50% @ 10 uM and thus dose-reponse curve not measured,7816887,[],CHEMBL1909091,DRUGMATRIX: Adrenergic beta1 radioligand binding (ligand: [125I] Cyanopindolol),B,,,BAO_0000190,BAO_0000249,cell membrane format,CC(C)(C)c1ccc(C(O)CCCN2CCC(C(O)(c3ccccc3)c3ccccc3)CC2)cc1,,,CHEMBL1909046,,,,,CHEMBL17157,TERFENADINE,CHEMBL17157,,0,,1540204,,15,0,,Not active,IC50,,,,CHEMBL213,Homo sapiens,Beta-1 adrenergic receptor,9606,Not Active,,IC50,,,,
,Inhibition < 50% @ 10 uM and thus dose-reponse curve not measured,7817004,[],CHEMBL1909091,DRUGMATRIX: Adrenergic beta1 radioligand binding (ligand: [125I] Cyanopindolol),B,,,BAO_0000190,BAO_0000249,cell membrane format,,,,CHEMBL1909046,,,,,CHEMBL508338,THIMEROSAL,CHEMBL508338,,0,,1540212,,15,0,,Not active,IC50,,,,CHEMBL213,Homo sapiens,Beta-1 adrenergic receptor,9606,Not Active,,IC50,,,,
,Inhibition < 50% @ 10 uM and thus dose-reponse curve not measured,7817452,[],CHEMBL1909091,DRUGMATRIX: Adrenergic beta1 radioligand binding (ligand: [125I] Cyanopindolol),B,,,BAO_0000190,BAO_0000249,cell membrane format,O=C(c1ccc(OCCN2CCCCC2)cc1)c1c(-c2ccc(O)cc2)sc2cc(O)ccc12,,,CHEMBL1909046,,,,,CHEMBL81,RALOXIFENE,CHEMBL81,,0,,1540107,,15,0,,Not active,IC50,,,,CHEMBL213,Homo sapiens,Beta-1 adrenergic receptor,9606,Not Active,,IC50,,,,
,Inhibition < 50% @ 10 uM and thus dose-reponse curve not measured,7817558,[],CHEMBL1909091,DRUGMATRIX: Adrenergic beta1 radioligand binding (ligand: [125I] Cyanopindolol),B,,,BAO_0000190,BAO_0000249,cell membrane format,CO[C@H]1/C=C/O[C@@]2(C)Oc3c(C)c(O)c4c(O)c(c(/C=N/N5CCN(C)CC5)c(O)c4c3C2=O)NC(=O)/C(C)=C\C=C\[C@H](C)[C@H](O)[C@@H](C)[C@@H](O)[C@@H](C)[C@H](OC(C)=O)[C@@H]1C,,,CHEMBL1909046,,,,,CHEMBL374478,RIFAMPIN,CHEMBL374478,,0,,1540115,,15,0,,Not active,IC50,,,,CHEMBL213,Homo sapiens,Beta-1 adrenergic receptor,9606,Not Active,,IC50,,,,
,Inhibition < 50% @ 10 uM and thus dose-reponse curve not measured,7817668,[],CHEMBL1909091,DRUGMATRIX: Adrenergic beta1 radioligand binding (ligand: [125I] Cyanopindolol),B,,,BAO_0000190,BAO_0000249,cell membrane format,CS(=O)(=O)c1ccc(C2=C(c3ccccc3)C(=O)OC2)cc1,,,CHEMBL1909046,,,,,CHEMBL122,ROFECOXIB,CHEMBL122,,0,,1540123,,15,0,,Not active,IC50,,,,CHEMBL213,Homo sapiens,Beta-1 adrenergic receptor,9606,Not Active,,IC50,,,,
,Inhibition < 50% @ 10 uM and thus dose-reponse curve not measured,7817786,[],CHEMBL1909091,DRUGMATRIX: Adrenergic beta1 radioligand binding (ligand: [125I] Cyanopindolol),B,,,BAO_0000190,BAO_0000249,cell membrane format,C[C@@](Cc1ccc(O)c(O)c1)(NN)C(=O)O.O,,,CHEMBL1909046,,,,,CHEMBL1200748,CARBIDOPA,CHEMBL1201236,,0,,1540131,,15,0,,Not active,IC50,,,,CHEMBL213,Homo sapiens,Beta-1 adrenergic receptor,9606,Not Active,,IC50,,,,
,Inhibition < 50% @ 10 uM and thus dose-reponse curve not measured,7817912,[],CHEMBL1909091,DRUGMATRIX: Adrenergic beta1 radioligand binding (ligand: [125I] Cyanopindolol),B,,,BAO_0000190,BAO_0000249,cell membrane format,O=C(O)c1cn(-c2ccc(F)cc2)c2cc(N3CCNCC3)c(F)cc2c1=O,,,CHEMBL1909046,,,,,CHEMBL37858,SARAFLOXACIN,CHEMBL37858,,0,,1540139,,15,0,,Not active,IC50,,,,CHEMBL213,Homo sapiens,Beta-1 adrenergic receptor,9606,Not Active,,IC50,,,,
,Inhibition < 50% @ 10 uM and thus dose-reponse curve not measured,7818397,[],CHEMBL1909091,DRUGMATRIX: Adrenergic beta1 radioligand binding (ligand: [125I] Cyanopindolol),B,,,BAO_0000190,BAO_0000249,cell membrane format,CN(N=O)C(=O)N[C@@H](C=O)[C@@H](O)[C@H](O)[C@H](O)CO,,,CHEMBL1909046,,,,,CHEMBL1977579,STREPTOZOCIN,CHEMBL1977579,,0,,1540164,,15,0,,Not active,IC50,,,,CHEMBL213,Homo sapiens,Beta-1 adrenergic receptor,9606,Not Active,,IC50,,,,
,Inhibition < 50% @ 10 uM and thus dose-reponse curve not measured,7818513,[],CHEMBL1909091,DRUGMATRIX: Adrenergic beta1 radioligand binding (ligand: [125I] Cyanopindolol),B,,,BAO_0000190,BAO_0000249,cell membrane format,COc1ncnc(NS(=O)(=O)c2ccc(N)cc2)c1OC,,,CHEMBL1909046,,,,,CHEMBL1539,SULFADOXINE,CHEMBL1539,,0,,1540172,,15,0,,Not active,IC50,,,,CHEMBL213,Homo sapiens,Beta-1 adrenergic receptor,9606,Not Active,,IC50,,,,
,Inhibition < 50% @ 10 uM and thus dose-reponse curve not measured,7818658,[],CHEMBL1909091,DRUGMATRIX: Adrenergic beta1 radioligand binding (ligand: [125I] Cyanopindolol),B,,,BAO_0000190,BAO_0000249,cell membrane format,Nc1ccc(S(=O)(=O)Nc2nccs2)cc1,,,CHEMBL1909046,,,,,CHEMBL437,SULFATHIAZOLE,CHEMBL437,,0,,1540180,,15,0,,Not active,IC50,,,,CHEMBL213,Homo sapiens,Beta-1 adrenergic receptor,9606,Not Active,,IC50,,,,
,Inhibition < 50% @ 10 uM and thus dose-reponse curve not measured,7818751,[],CHEMBL1909091,DRUGMATRIX: Adrenergic beta1 radioligand binding (ligand: [125I] Cyanopindolol),B,,,BAO_0000190,BAO_0000249,cell membrane format,CNS(=O)(=O)Cc1ccc2[nH]cc(CCN(C)C)c2c1,,,CHEMBL1909046,,,,,CHEMBL128,SUMATRIPTAN,CHEMBL128,,0,,1540188,,15,0,,Not active,IC50,,,,CHEMBL213,Homo sapiens,Beta-1 adrenergic receptor,9606,Not Active,,IC50,,,,
,,7819342,[],CHEMBL1909091,DRUGMATRIX: Adrenergic beta1 radioligand binding (ligand: [125I] Cyanopindolol),B,,,BAO_0000190,BAO_0000249,cell membrane format,CC(C)(C)NC[C@H](O)COc1nsnc1N1CCOCC1,,,CHEMBL1909046,,,"{'bei': '27.13', 'le': '0.56', 'lle': '8.08', 'sei': '10.77'}",,CHEMBL499,TIMOLOL,CHEMBL499,8.59,0,http://www.openphacts.org/units/Nanomolar,1540221,=,15,1,=,,IC50,nM,,2.603,CHEMBL213,Homo sapiens,Beta-1 adrenergic receptor,9606,,,IC50,uM,UO_0000065,,0.002603
,Inhibition < 50% @ 10 uM and thus dose-reponse curve not measured,7819468,[],CHEMBL1909091,DRUGMATRIX: Adrenergic beta1 radioligand binding (ligand: [125I] Cyanopindolol),B,,,BAO_0000190,BAO_0000249,cell membrane format,Cc1ccc(C(=O)C(C)CN2CCCCC2)cc1,,,CHEMBL1909046,,,,,CHEMBL1076211,TOLPERISONE,CHEMBL1076211,,0,,1540229,,15,0,,Not active,IC50,,,,CHEMBL213,Homo sapiens,Beta-1 adrenergic receptor,9606,Not Active,,IC50,,,,
,Inhibition < 50% @ 10 uM and thus dose-reponse curve not measured,7820262,[],CHEMBL1909091,DRUGMATRIX: Adrenergic beta1 radioligand binding (ligand: [125I] Cyanopindolol),B,,,BAO_0000190,BAO_0000249,cell membrane format,CCC(C)(C)C(=O)O[C@H]1C[C@@H](C)C=C2C=C[C@H](C)[C@H](CC[C@@H]3C[C@@H](O)CC(=O)O3)[C@H]21,,,CHEMBL1909046,,,,,CHEMBL1064,SIMVASTATIN,CHEMBL1064,,0,,1540148,,15,0,,Not active,IC50,,,,CHEMBL213,Homo sapiens,Beta-1 adrenergic receptor,9606,Not Active,,IC50,,,,
,Inhibition < 50% @ 10 uM and thus dose-reponse curve not measured,7820404,[],CHEMBL1909091,DRUGMATRIX: Adrenergic beta1 radioligand binding (ligand: [125I] Cyanopindolol),B,,,BAO_0000190,BAO_0000249,cell membrane format,CN[C@@H]1[C@H](O)[C@H](NC)[C@H]2O[C@@]3(O)C(=O)C[C@@H](C)O[C@H]3O[C@@H]2[C@H]1O,,,CHEMBL1909046,,,,,CHEMBL1167,SPECTINOMYCIN,CHEMBL1167,,0,,1540156,,15,0,,Not active,IC50,,,,CHEMBL213,Homo sapiens,Beta-1 adrenergic receptor,9606,Not Active,,IC50,,,,
,Inhibition < 50% @ 10 uM and thus dose-reponse curve not measured,7821069,[],CHEMBL1909091,DRUGMATRIX: Adrenergic beta1 radioligand binding (ligand: [125I] Cyanopindolol),B,,,BAO_0000190,BAO_0000249,cell membrane format,CC1CN(c2cc3c(cc2F)c(=O)c(C(=O)O)cn3-c2ccc(F)cc2F)CCN1,,,CHEMBL1909046,,,,,CHEMBL277100,TEMAFLOXACIN,CHEMBL277100,,0,,1540197,,15,0,,Not active,IC50,,,,CHEMBL213,Homo sapiens,Beta-1 adrenergic receptor,9606,Not Active,,IC50,,,,
,Inhibition < 50% @ 10 uM and thus dose-reponse curve not measured,7821140,[],CHEMBL1909091,DRUGMATRIX: Adrenergic beta1 radioligand binding (ligand: [125I] Cyanopindolol),B,,,BAO_0000190,BAO_0000249,cell membrane format,C[C@]12CC[C@H]3[C@@H](CCC4=CC(=O)CC[C@@]43C)[C@@H]1CC[C@@H]2O,,,CHEMBL1909046,,,,,CHEMBL386630,TESTOSTERONE,CHEMBL386630,,0,,1540205,,15,0,,Not active,IC50,,,,CHEMBL213,Homo sapiens,Beta-1 adrenergic receptor,9606,Not Active,,IC50,,,,
,Inhibition < 50% @ 10 uM and thus dose-reponse curve not measured,7821263,[],CHEMBL1909091,DRUGMATRIX: Adrenergic beta1 radioligand binding (ligand: [125I] Cyanopindolol),B,,,BAO_0000190,BAO_0000249,cell membrane format,CC(=N)S,,,CHEMBL1909046,,,,,CHEMBL38737,THIOACETAMIDE,CHEMBL38737,,0,,1540213,,15,0,,Not active,IC50,,,,CHEMBL213,Homo sapiens,Beta-1 adrenergic receptor,9606,Not Active,,IC50,,,,
,Inhibition < 50% @ 10 uM and thus dose-reponse curve not measured,7821688,[],CHEMBL1909091,DRUGMATRIX: Adrenergic beta1 radioligand binding (ligand: [125I] Cyanopindolol),B,,,BAO_0000190,BAO_0000249,cell membrane format,CCOC(=O)[C@H](CCc1ccccc1)N[C@@H](C)C(=O)N1[C@H](C(=O)O)C[C@@H]2CCC[C@@H]21,,,CHEMBL1909046,,,,,CHEMBL1168,RAMIPRIL,CHEMBL1168,,0,,1540108,,15,0,,Not active,IC50,,,,CHEMBL213,Homo sapiens,Beta-1 adrenergic receptor,9606,Not Active,,IC50,,,,
,Inhibition < 50% @ 10 uM and thus dose-reponse curve not measured,7821815,[],CHEMBL1909091,DRUGMATRIX: Adrenergic beta1 radioligand binding (ligand: [125I] Cyanopindolol),B,,,BAO_0000190,BAO_0000249,cell membrane format,CO[C@H]1/C=C/O[C@@]2(C)Oc3c(C)c(O)c4c(O)c(c(/C=N/N5CCN(C6CCCC6)CC5)c(O)c4c3C2=O)NC(=O)/C(C)=C\C=C\[C@H](C)[C@H](O)[C@@H](C)[C@@H](O)[C@@H](C)[C@H](OC(C)=O)[C@@H]1C,,,CHEMBL1909046,,,,,CHEMBL1660,RIFAPENTINE,CHEMBL1660,,0,,1540116,,15,0,,Not active,IC50,,,,CHEMBL213,Homo sapiens,Beta-1 adrenergic receptor,9606,Not Active,,IC50,,,,
,Inhibition < 50% @ 10 uM and thus dose-reponse curve not measured,7821925,[],CHEMBL1909091,DRUGMATRIX: Adrenergic beta1 radioligand binding (ligand: [125I] Cyanopindolol),B,,,BAO_0000190,BAO_0000249,cell membrane format,CN(CCOc1ccc(CC2SC(=O)NC2=O)cc1)c1ccccn1,,,CHEMBL1909046,,,,,CHEMBL121,ROSIGLITAZONE,CHEMBL121,,0,,1540124,,15,0,,Not active,IC50,,,,CHEMBL213,Homo sapiens,Beta-1 adrenergic receptor,9606,Not Active,,IC50,,,,
,Inhibition < 50% @ 10 uM and thus dose-reponse curve not measured,7822041,[],CHEMBL1909091,DRUGMATRIX: Adrenergic beta1 radioligand binding (ligand: [125I] Cyanopindolol),B,,,BAO_0000190,BAO_0000249,cell membrane format,C=CCc1ccc2c(c1)OCO2,,,CHEMBL1909046,,,,,CHEMBL242273,SAFROLE,CHEMBL242273,,0,,1540132,,15,0,,Not active,IC50,,,,CHEMBL213,Homo sapiens,Beta-1 adrenergic receptor,9606,Not Active,,IC50,,,,
,Inhibition < 50% @ 10 uM and thus dose-reponse curve not measured,7822169,[],CHEMBL1909091,DRUGMATRIX: Adrenergic beta1 radioligand binding (ligand: [125I] Cyanopindolol),B,,,BAO_0000190,BAO_0000249,cell membrane format,C[S+]([O-])c1ccc(-c2nc(-c3ccc(F)cc3)c(-c3ccncc3)[nH]2)cc1,,,CHEMBL1909046,,,,,CHEMBL10,SB-203580,CHEMBL10,,0,,1540140,,15,0,,Not active,IC50,,,,CHEMBL213,Homo sapiens,Beta-1 adrenergic receptor,9606,Not Active,,IC50,,,,
,Inhibition < 50% @ 10 uM and thus dose-reponse curve not measured,7822662,[],CHEMBL1909091,DRUGMATRIX: Adrenergic beta1 radioligand binding (ligand: [125I] Cyanopindolol),B,,,BAO_0000190,BAO_0000249,cell membrane format,O.O.O.O.O.O.[Cl-].[Cl-].[Sr+2],,,CHEMBL1909046,,,,,CHEMBL1909080,STRONTIUM CHLORIDE HEXAHYDRATE,CHEMBL2219640,,0,,1540165,,15,0,,Not active,IC50,,,,CHEMBL213,Homo sapiens,Beta-1 adrenergic receptor,9606,Not Active,,IC50,,,,
,Inhibition < 50% @ 10 uM and thus dose-reponse curve not measured,7822777,[],CHEMBL1909091,DRUGMATRIX: Adrenergic beta1 radioligand binding (ligand: [125I] Cyanopindolol),B,,,BAO_0000190,BAO_0000249,cell membrane format,Cc1ccnc(NS(=O)(=O)c2ccc(N)cc2)n1,,,CHEMBL1909046,,,,,CHEMBL438,SULFAMERAZINE,CHEMBL438,,0,,1540173,,15,0,,Not active,IC50,,,,CHEMBL213,Homo sapiens,Beta-1 adrenergic receptor,9606,Not Active,,IC50,,,,
,Inhibition < 50% @ 10 uM and thus dose-reponse curve not measured,7822917,[],CHEMBL1909091,DRUGMATRIX: Adrenergic beta1 radioligand binding (ligand: [125I] Cyanopindolol),B,,,BAO_0000190,BAO_0000249,cell membrane format,O=C1C(CC[S+]([O-])c2ccccc2)C(=O)N(c2ccccc2)N1c1ccccc1,,,CHEMBL1909046,,,,,CHEMBL832,SULFINPYRAZONE,CHEMBL832,,0,,1540181,,15,0,,Not active,IC50,,,,CHEMBL213,Homo sapiens,Beta-1 adrenergic receptor,9606,Not Active,,IC50,,,,
,Inhibition < 50% @ 10 uM and thus dose-reponse curve not measured,7823010,[],CHEMBL1909091,DRUGMATRIX: Adrenergic beta1 radioligand binding (ligand: [125I] Cyanopindolol),B,,,BAO_0000190,BAO_0000249,cell membrane format,C[N+](C)(C)CCOC(=O)CCC(=O)OCC[N+](C)(C)C.[Cl-].[Cl-],,,CHEMBL1909046,,,,,CHEMBL983,SUCCINYLCHOLINE CHLORIDE,CHEMBL703,,0,,1540189,,15,0,,Not active,IC50,,,,CHEMBL213,Homo sapiens,Beta-1 adrenergic receptor,9606,Not Active,,IC50,,,,
,Inhibition < 50% @ 10 uM and thus dose-reponse curve not measured,7823594,[],CHEMBL1909091,DRUGMATRIX: Adrenergic beta1 radioligand binding (ligand: [125I] Cyanopindolol),B,,,BAO_0000190,BAO_0000249,cell membrane format,CCS(=O)(=O)CCn1c([N+](=O)[O-])cnc1C,,,CHEMBL1909046,,,,,CHEMBL1220,TINIDAZOLE,CHEMBL1220,,0,,1540222,,15,0,,Not active,IC50,,,,CHEMBL213,Homo sapiens,Beta-1 adrenergic receptor,9606,Not Active,,IC50,,,,
,Inhibition < 50% @ 10 uM and thus dose-reponse curve not measured,7823718,[],CHEMBL1909091,DRUGMATRIX: Adrenergic beta1 radioligand binding (ligand: [125I] Cyanopindolol),B,,,BAO_0000190,BAO_0000249,cell membrane format,CC[C@@]1(O)C(=O)OCc2c1cc1n(c2=O)Cc2cc3c(CN(C)C)c(O)ccc3nc2-1,,,CHEMBL1909046,,,,,CHEMBL84,TOPOTECAN,CHEMBL84,,0,,1540230,,15,0,,Not active,IC50,,,,CHEMBL213,Homo sapiens,Beta-1 adrenergic receptor,9606,Not Active,,IC50,,,,
,Inhibition < 50% @ 10 uM and thus dose-reponse curve not measured,7824505,[],CHEMBL1909091,DRUGMATRIX: Adrenergic beta1 radioligand binding (ligand: [125I] Cyanopindolol),B,,,BAO_0000190,BAO_0000249,cell membrane format,CN[C@@H]1[C@@H](O)[C@@H](O[C@@H]2[C@@H](O)[C@H](O[C@H]3OC(CN)=CC[C@H]3N)[C@@H](N)C[C@H]2N)OC[C@]1(C)O,,,CHEMBL1909046,,,,,CHEMBL221886,SISOMICIN,CHEMBL221886,,0,,1540149,,15,0,,Not active,IC50,,,,CHEMBL213,Homo sapiens,Beta-1 adrenergic receptor,9606,Not Active,,IC50,,,,
,Inhibition < 50% @ 10 uM and thus dose-reponse curve not measured,7824648,[],CHEMBL1909091,DRUGMATRIX: Adrenergic beta1 radioligand binding (ligand: [125I] Cyanopindolol),B,,,BAO_0000190,BAO_0000249,cell membrane format,CN(C(=O)Cc1ccc(Cl)c(Cl)c1)C1CCC2(CCCO2)CC1N1CCCC1,,,CHEMBL1909046,,,,,CHEMBL118865,SPIRADOLINE,CHEMBL118865,,0,,1540157,,15,0,,Not active,IC50,,,,CHEMBL213,Homo sapiens,Beta-1 adrenergic receptor,9606,Not Active,,IC50,,,,
,Inhibition < 50% @ 10 uM and thus dose-reponse curve not measured,7825313,[],CHEMBL1909091,DRUGMATRIX: Adrenergic beta1 radioligand binding (ligand: [125I] Cyanopindolol),B,,,BAO_0000190,BAO_0000249,cell membrane format,NC(=O)N1C(=O)/C(=C(\O)c2cccs2)c2cc(Cl)ccc21,,,CHEMBL1909046,,,,,CHEMBL1908355,TENIDAP,CHEMBL1908355,,0,,1540198,,15,0,,Not active,IC50,,,,CHEMBL213,Homo sapiens,Beta-1 adrenergic receptor,9606,Not Active,,IC50,,,,
,Inhibition < 50% @ 10 uM and thus dose-reponse curve not measured,7825373,[],CHEMBL1909091,DRUGMATRIX: Adrenergic beta1 radioligand binding (ligand: [125I] Cyanopindolol),B,,,BAO_0000190,BAO_0000249,cell membrane format,CCCCNc1ccc(C(=O)OCCN(C)C)cc1,,,CHEMBL1909046,,,,,CHEMBL698,TETRACAINE,CHEMBL698,,0,,1540206,,15,0,,Not active,IC50,,,,CHEMBL213,Homo sapiens,Beta-1 adrenergic receptor,9606,Not Active,,IC50,,,,
,Inhibition < 50% @ 10 uM and thus dose-reponse curve not measured,7825497,[],CHEMBL1909091,DRUGMATRIX: Adrenergic beta1 radioligand binding (ligand: [125I] Cyanopindolol),B,,,BAO_0000190,BAO_0000249,cell membrane format,O=C(O)CCCCC1CCSS1,,,CHEMBL1909046,,,,,CHEMBL33864,"LIPOIC ACID, ALPHA",CHEMBL33864,,0,,1540214,,15,0,,Not active,IC50,,,,CHEMBL213,Homo sapiens,Beta-1 adrenergic receptor,9606,Not Active,,IC50,,,,
,Inhibition < 50% @ 10 uM and thus dose-reponse curve not measured,7825911,[],CHEMBL1909091,DRUGMATRIX: Adrenergic beta1 radioligand binding (ligand: [125I] Cyanopindolol),B,,,BAO_0000190,BAO_0000249,cell membrane format,CNC(=C[N+](=O)[O-])NCCSCc1ccc(CN(C)C)o1,,,CHEMBL1909046,,,,,CHEMBL1790041,RANITIDINE,CHEMBL1790041,,0,,1540109,,15,0,,Not active,IC50,,,,CHEMBL213,Homo sapiens,Beta-1 adrenergic receptor,9606,Not Active,,IC50,,,,
,Inhibition < 50% @ 10 uM and thus dose-reponse curve not measured,7826038,[],CHEMBL1909091,DRUGMATRIX: Adrenergic beta1 radioligand binding (ligand: [125I] Cyanopindolol),B,,,BAO_0000190,BAO_0000249,cell membrane format,Nc1nc2ccc(OC(F)(F)F)cc2s1,,,CHEMBL1909046,,,,,CHEMBL744,RILUZOLE,CHEMBL744,,0,,1540117,,15,0,,Not active,IC50,,,,CHEMBL213,Homo sapiens,Beta-1 adrenergic receptor,9606,Not Active,,IC50,,,,
,Inhibition < 50% @ 10 uM and thus dose-reponse curve not measured,7826148,[],CHEMBL1909091,DRUGMATRIX: Adrenergic beta1 radioligand binding (ligand: [125I] Cyanopindolol),B,,,BAO_0000190,BAO_0000249,cell membrane format,C=C(C)[C@H]1Cc2c(ccc3c2O[C@@H]2COc4cc(OC)c(OC)cc4[C@@H]2C3=O)O1,,,CHEMBL1909046,,,,,CHEMBL429023,ROTENONE,CHEMBL429023,,0,,1540125,,15,0,,Not active,IC50,,,,CHEMBL213,Homo sapiens,Beta-1 adrenergic receptor,9606,Not Active,,IC50,,,,
,Inhibition < 50% @ 10 uM and thus dose-reponse curve not measured,7826265,[],CHEMBL1909091,DRUGMATRIX: Adrenergic beta1 radioligand binding (ligand: [125I] Cyanopindolol),B,,,BAO_0000190,BAO_0000249,cell membrane format,CC(C)(C)NCC(O)c1ccc(O)c(CO)c1,,,CHEMBL1909046,,,,,CHEMBL714,ALBUTEROL,CHEMBL714,,0,,1540133,,15,0,,Not active,IC50,,,,CHEMBL213,Homo sapiens,Beta-1 adrenergic receptor,9606,Not Active,,IC50,,,,
,Inhibition < 50% @ 10 uM and thus dose-reponse curve not measured,7826380,[],CHEMBL1909091,DRUGMATRIX: Adrenergic beta1 radioligand binding (ligand: [125I] Cyanopindolol),B,,,BAO_0000190,BAO_0000249,cell membrane format,Cc1ncc([N+](=O)[O-])n1CC(C)O,,,CHEMBL1909046,,,,,CHEMBL498847,SECNIDAZOLE,CHEMBL498847,,0,,1540141,,15,0,,Not active,IC50,,,,CHEMBL213,Homo sapiens,Beta-1 adrenergic receptor,9606,Not Active,,IC50,,,,
,Inhibition < 50% @ 10 uM and thus dose-reponse curve not measured,7826884,[],CHEMBL1909091,DRUGMATRIX: Adrenergic beta1 radioligand binding (ligand: [125I] Cyanopindolol),B,,,BAO_0000190,BAO_0000249,cell membrane format,O=C1C[C@@H]2OCC=C3CN4CC[C@]56c7ccccc7N1[C@H]5[C@H]2[C@H]3C[C@H]46,,,CHEMBL1909046,,,,,CHEMBL227934,STRYCHNINE,CHEMBL227934,,0,,1540166,,15,0,,Not active,IC50,,,,CHEMBL213,Homo sapiens,Beta-1 adrenergic receptor,9606,Not Active,,IC50,,,,
,Inhibition < 50% @ 10 uM and thus dose-reponse curve not measured,7826999,[],CHEMBL1909091,DRUGMATRIX: Adrenergic beta1 radioligand binding (ligand: [125I] Cyanopindolol),B,,,BAO_0000190,BAO_0000249,cell membrane format,Cc1cc(C)nc(NS(=O)(=O)c2ccc(N)cc2)n1,,,CHEMBL1909046,,,,,CHEMBL446,SULFAMETHAZINE,CHEMBL446,,0,,1540174,,15,0,,Not active,IC50,,,,CHEMBL213,Homo sapiens,Beta-1 adrenergic receptor,9606,Not Active,,IC50,,,,
,Inhibition < 50% @ 10 uM and thus dose-reponse curve not measured,7827139,[],CHEMBL1909091,DRUGMATRIX: Adrenergic beta1 radioligand binding (ligand: [125I] Cyanopindolol),B,,,BAO_0000190,BAO_0000249,cell membrane format,Cc1noc(NS(=O)(=O)c2ccc(N)cc2)c1C,,,CHEMBL1909046,,,,,CHEMBL453,SULFISOXAZOLE,CHEMBL453,,0,,1540182,,15,0,,Not active,IC50,,,,CHEMBL213,Homo sapiens,Beta-1 adrenergic receptor,9606,Not Active,,IC50,,,,
,Inhibition < 50% @ 10 uM and thus dose-reponse curve not measured,7827229,[],CHEMBL1909091,DRUGMATRIX: Adrenergic beta1 radioligand binding (ligand: [125I] Cyanopindolol),B,,,BAO_0000190,BAO_0000249,cell membrane format,Nc1c2c(nc3ccccc13)CCCC2,,,CHEMBL1909046,,,,,CHEMBL95,TACRINE,CHEMBL95,,0,,1540190,,15,0,,Not active,IC50,,,,CHEMBL213,Homo sapiens,Beta-1 adrenergic receptor,9606,Not Active,,IC50,,,,
,Inhibition < 50% @ 10 uM and thus dose-reponse curve not measured,7827820,[],CHEMBL1909091,DRUGMATRIX: Adrenergic beta1 radioligand binding (ligand: [125I] Cyanopindolol),B,,,BAO_0000190,BAO_0000249,cell membrane format,C[C@@H]1C[C@H]2[C@@H]3CCC4=CC(=O)C=C[C@]4(C)C3=CC[C@]2(C)[C@H]1C(=O)CN1CCN(c2cc(N3CCCC3)nc(N3CCCC3)n2)CC1,,,CHEMBL1909046,,,,,CHEMBL1630578,TIRILAZAD,CHEMBL1630578,,0,,1540223,,15,0,,Not active,IC50,,,,CHEMBL213,Homo sapiens,Beta-1 adrenergic receptor,9606,Not Active,,IC50,,,,
,Inhibition < 50% @ 10 uM and thus dose-reponse curve not measured,7827943,[],CHEMBL1909091,DRUGMATRIX: Adrenergic beta1 radioligand binding (ligand: [125I] Cyanopindolol),B,,,BAO_0000190,BAO_0000249,cell membrane format,Cc1cccc(Nc2ccncc2S(=O)(=O)NC(=O)NC(C)C)c1,,,CHEMBL1909046,,,,,CHEMBL1148,TORSEMIDE,CHEMBL1148,,0,,1540231,,15,0,,Not active,IC50,,,,CHEMBL213,Homo sapiens,Beta-1 adrenergic receptor,9606,Not Active,,IC50,,,,
,Inhibition < 50% @ 10 uM and thus dose-reponse curve not measured,7828725,[],CHEMBL1909091,DRUGMATRIX: Adrenergic beta1 radioligand binding (ligand: [125I] Cyanopindolol),B,,,BAO_0000190,BAO_0000249,cell membrane format,O=[As][O-].[Na+],,,CHEMBL1909046,,,,,CHEMBL1909078,SODIUM ARSENITE,CHEMBL1909222,,0,,1540150,,15,0,,Not active,IC50,,,,CHEMBL213,Homo sapiens,Beta-1 adrenergic receptor,9606,Not Active,,IC50,,,,
,Inhibition < 50% @ 10 uM and thus dose-reponse curve not measured,7828863,[],CHEMBL1909091,DRUGMATRIX: Adrenergic beta1 radioligand binding (ligand: [125I] Cyanopindolol),B,,,BAO_0000190,BAO_0000249,cell membrane format,CC(=O)S[C@@H]1CC2=CC(=O)CC[C@]2(C)[C@H]2CC[C@@]3(C)[C@@H](CC[C@@]34CCC(=O)O4)[C@H]12,,,CHEMBL1909046,,,,,CHEMBL1393,SPIRONOLACTONE,CHEMBL1393,,0,,1540158,,15,0,,Not active,IC50,,,,CHEMBL213,Homo sapiens,Beta-1 adrenergic receptor,9606,Not Active,,IC50,,,,
,,8022324,[],CHEMBL1947792,Displacement of radiolabeled iodocyanopindolol from beta1 adrenoceptor,B,,,BAO_0000190,BAO_0000357,single protein format,O=c1[nH]c2c(O)ccc([C@@H](O)CNCCc3cccc(CNCCc4c(Cl)cccc4Cl)c3)c2s1,,,CHEMBL1944599,Bioorg Med Chem Lett,2012.0,"{'bei': '14.84', 'le': '0.31', 'lle': '3.10', 'sei': '8.11'}",,CHEMBL1947157,,CHEMBL1947157,7.90,0,http://www.openphacts.org/units/Nanomolar,1576620,=,1,1,=,,IC50,nM,,12.59,CHEMBL213,Homo sapiens,Beta-1 adrenergic receptor,9606,,,pIC50,,UO_0000065,,7.9
,,8022325,[],CHEMBL1947792,Displacement of radiolabeled iodocyanopindolol from beta1 adrenoceptor,B,,,BAO_0000190,BAO_0000357,single protein format,O=c1[nH]c2c(O)ccc([C@@H](O)CNCCc3ccc(CNCCc4c(Cl)cccc4Cl)cc3)c2s1,,,CHEMBL1944599,Bioorg Med Chem Lett,2012.0,"{'bei': '12.02', 'le': '0.25', 'lle': '1.60', 'sei': '6.57'}",,CHEMBL1944689,,CHEMBL1944689,6.40,0,http://www.openphacts.org/units/Nanomolar,1573530,=,1,1,=,,IC50,nM,,398.11,CHEMBL213,Homo sapiens,Beta-1 adrenergic receptor,9606,,,pIC50,,UO_0000065,,6.4
,,8022326,[],CHEMBL1947792,Displacement of radiolabeled iodocyanopindolol from beta1 adrenoceptor,B,,,BAO_0000190,BAO_0000357,single protein format,O=c1[nH]c2c(O)ccc([C@@H](O)CNCCc3cccc(CNCCc4ccccc4Cl)c3)c2s1,,,CHEMBL1944599,Bioorg Med Chem Lett,2012.0,"{'bei': '13.65', 'le': '0.27', 'lle': '2.65', 'sei': '6.98'}",,CHEMBL1944690,,CHEMBL1944690,6.80,0,http://www.openphacts.org/units/Nanomolar,1573531,=,1,1,=,,IC50,nM,,158.49,CHEMBL213,Homo sapiens,Beta-1 adrenergic receptor,9606,,,pIC50,,UO_0000065,,6.8
,,8022327,[],CHEMBL1947792,Displacement of radiolabeled iodocyanopindolol from beta1 adrenoceptor,B,,,BAO_0000190,BAO_0000357,single protein format,O=c1[nH]c2c(O)ccc([C@@H](O)CNCCc3cccc(CNCCc4ccccc4F)c3)c2s1,,,CHEMBL1944599,Bioorg Med Chem Lett,2012.0,"{'bei': '14.95', 'le': '0.29', 'lle': '3.57', 'sei': '7.39'}",,CHEMBL1944691,,CHEMBL1944691,7.20,0,http://www.openphacts.org/units/Nanomolar,1573532,=,1,1,=,,IC50,nM,,63.1,CHEMBL213,Homo sapiens,Beta-1 adrenergic receptor,9606,,,pIC50,,UO_0000065,,7.2
,,8022328,[],CHEMBL1947792,Displacement of radiolabeled iodocyanopindolol from beta1 adrenoceptor,B,,,BAO_0000190,BAO_0000357,single protein format,O=c1[nH]c2c(O)ccc([C@@H](O)CNCCc3ccc(CNCCc4ccccc4F)cc3)c2s1,,,CHEMBL1944599,Bioorg Med Chem Lett,2012.0,"{'bei': '13.29', 'le': '0.26', 'lle': '2.77', 'sei': '6.57'}",,CHEMBL1944692,,CHEMBL1944692,6.40,0,http://www.openphacts.org/units/Nanomolar,1573533,=,1,1,=,,IC50,nM,,398.11,CHEMBL213,Homo sapiens,Beta-1 adrenergic receptor,9606,,,pIC50,,UO_0000065,,6.4
,,8022329,[],CHEMBL1947792,Displacement of radiolabeled iodocyanopindolol from beta1 adrenoceptor,B,,,BAO_0000190,BAO_0000357,single protein format,COc1ccccc1CCNCc1cccc(CCNC[C@H](O)c2ccc(O)c3[nH]c(=O)sc23)c1,,,CHEMBL1944599,Bioorg Med Chem Lett,2012.0,"{'bei': '13.37', 'le': '0.26', 'lle': '3.10', 'sei': '6.19'}",,CHEMBL1944693,,CHEMBL1944693,6.60,0,http://www.openphacts.org/units/Nanomolar,1573534,=,1,1,=,,IC50,nM,,251.19,CHEMBL213,Homo sapiens,Beta-1 adrenergic receptor,9606,,,pIC50,,UO_0000065,,6.6
,,8022330,[],CHEMBL1947792,Displacement of radiolabeled iodocyanopindolol from beta1 adrenoceptor,B,,,BAO_0000190,BAO_0000357,single protein format,COc1ccccc1CCNCc1ccc(CCNC[C@H](O)c2ccc(O)c3[nH]c(=O)sc23)cc1,,,CHEMBL1944599,Bioorg Med Chem Lett,2012.0,"{'bei': '13.17', 'le': '0.25', 'lle': '3.00', 'sei': '6.10'}",,CHEMBL1944694,,CHEMBL1944694,6.50,0,http://www.openphacts.org/units/Nanomolar,1573535,=,1,1,=,,IC50,nM,,316.23,CHEMBL213,Homo sapiens,Beta-1 adrenergic receptor,9606,,,pIC50,,UO_0000065,,6.5
,,8022331,[],CHEMBL1947792,Displacement of radiolabeled iodocyanopindolol from beta1 adrenoceptor,B,,,BAO_0000190,BAO_0000357,single protein format,O=c1[nH]c2c(O)ccc([C@@H](O)CNCCc3ccc(CNCCc4ccccc4)cc3)c2s1,,,CHEMBL1944599,Bioorg Med Chem Lett,2012.0,"{'bei': '13.80', 'le': '0.26', 'lle': '2.91', 'sei': '6.57'}",,CHEMBL1944695,,CHEMBL1944695,6.40,0,http://www.openphacts.org/units/Nanomolar,1573536,=,1,1,=,,IC50,nM,,398.11,CHEMBL213,Homo sapiens,Beta-1 adrenergic receptor,9606,,,pIC50,,UO_0000065,,6.4
,,8022332,[],CHEMBL1947792,Displacement of radiolabeled iodocyanopindolol from beta1 adrenoceptor,B,,,BAO_0000190,BAO_0000357,single protein format,Cc1cccc2c(CCNCc3cccc(CCNC[C@H](O)c4ccc(O)c5[nH]c(=O)sc45)c3)c[nH]c12,,,CHEMBL1944599,Bioorg Med Chem Lett,2012.0,"{'bei': '13.74', 'le': '0.26', 'lle': '2.82', 'sei': '6.27'}",,CHEMBL1945031,,CHEMBL1945031,7.10,0,http://www.openphacts.org/units/Nanomolar,1573950,=,1,1,=,,IC50,nM,,79.43,CHEMBL213,Homo sapiens,Beta-1 adrenergic receptor,9606,,,pIC50,,UO_0000065,,7.1
,,8022333,[],CHEMBL1947792,Displacement of radiolabeled iodocyanopindolol from beta1 adrenoceptor,B,,,BAO_0000190,BAO_0000357,single protein format,Cc1cccc2c(CCNCc3ccc(CCNC[C@H](O)c4ccc(O)c5[nH]c(=O)sc45)cc3)c[nH]c12,,,CHEMBL1944599,Bioorg Med Chem Lett,2012.0,"{'bei': '12.58', 'le': '0.24', 'lle': '2.22', 'sei': '5.74'}",,CHEMBL1945032,,CHEMBL1945032,6.50,0,http://www.openphacts.org/units/Nanomolar,1573951,=,1,1,=,,IC50,nM,,316.23,CHEMBL213,Homo sapiens,Beta-1 adrenergic receptor,9606,,,pIC50,,UO_0000065,,6.5
,,8022334,[],CHEMBL1947792,Displacement of radiolabeled iodocyanopindolol from beta1 adrenoceptor,B,,,BAO_0000190,BAO_0000357,single protein format,O=c1[nH]c2c(O)ccc([C@@H](O)CNCCc3cccc(CNCCc4ccccn4)c3)c2s1,,,CHEMBL1944599,Bioorg Med Chem Lett,2012.0,"{'bei': '14.64', 'le': '0.28', 'lle': '3.91', 'sei': '6.17'}",,CHEMBL1945033,,CHEMBL1945033,6.80,0,http://www.openphacts.org/units/Nanomolar,1573952,=,1,1,=,,IC50,nM,,158.49,CHEMBL213,Homo sapiens,Beta-1 adrenergic receptor,9606,,,pIC50,,UO_0000065,,6.8
,,8022335,[],CHEMBL1947792,Displacement of radiolabeled iodocyanopindolol from beta1 adrenoceptor,B,,,BAO_0000190,BAO_0000357,single protein format,O=c1[nH]c2c(O)ccc([C@@H](O)CNCCc3ccc(CNCCc4ccccn4)cc3)c2s1,,,CHEMBL1944599,Bioorg Med Chem Lett,2012.0,,,CHEMBL1945034,,CHEMBL1945034,,0,http://www.openphacts.org/units/Nanomolar,1573953,<,1,1,>,,IC50,nM,,794.33,CHEMBL213,Homo sapiens,Beta-1 adrenergic receptor,9606,,,pIC50,,UO_0000065,,6.1
,,8022336,[],CHEMBL1947792,Displacement of radiolabeled iodocyanopindolol from beta1 adrenoceptor,B,,,BAO_0000190,BAO_0000357,single protein format,O=c1[nH]c2c(O)ccc([C@@H](O)CNCCc3ccccc3CNCCc3ccccc3F)c2s1,,,CHEMBL1944599,Bioorg Med Chem Lett,2012.0,"{'bei': '18.07', 'le': '0.35', 'lle': '5.07', 'sei': '8.93'}",,CHEMBL1945035,,CHEMBL1945035,8.70,0,http://www.openphacts.org/units/Nanomolar,1573954,=,1,1,=,,IC50,nM,,1.995,CHEMBL213,Homo sapiens,Beta-1 adrenergic receptor,9606,,,pIC50,,UO_0000065,,8.7
,,8022337,[],CHEMBL1947792,Displacement of radiolabeled iodocyanopindolol from beta1 adrenoceptor,B,,,BAO_0000190,BAO_0000357,single protein format,CC(CNCc1ccc(CCNC[C@H](O)c2ccc(O)c3[nH]c(=O)sc23)cc1)c1ccccc1,,,CHEMBL1944599,Bioorg Med Chem Lett,2012.0,"{'bei': '13.19', 'le': '0.25', 'lle': '2.25', 'sei': '6.47'}",,CHEMBL1945036,,CHEMBL1945036,6.30,0,http://www.openphacts.org/units/Nanomolar,1573955,=,1,1,=,,IC50,nM,,501.19,CHEMBL213,Homo sapiens,Beta-1 adrenergic receptor,9606,,,pIC50,,UO_0000065,,6.3
,,8022338,[],CHEMBL1947792,Displacement of radiolabeled iodocyanopindolol from beta1 adrenoceptor,B,,,BAO_0000190,BAO_0000357,single protein format,O=c1[nH]c2c(O)ccc([C@@H](O)CNCCc3cccc(CNCCCc4ccccc4)c3)c2s1,,,CHEMBL1944599,Bioorg Med Chem Lett,2012.0,"{'bei': '16.12', 'le': '0.31', 'lle': '3.82', 'sei': '7.91'}",,CHEMBL1945037,,CHEMBL1945037,7.70,0,http://www.openphacts.org/units/Nanomolar,1573956,=,1,1,=,,IC50,nM,,19.95,CHEMBL213,Homo sapiens,Beta-1 adrenergic receptor,9606,,,pIC50,,UO_0000065,,7.7
,,8022339,[],CHEMBL1947792,Displacement of radiolabeled iodocyanopindolol from beta1 adrenoceptor,B,,,BAO_0000190,BAO_0000357,single protein format,O=c1[nH]c2c(O)ccc([C@@H](O)CNCCc3cccc(CNCCCc4ccccn4)c3)c2s1,,,CHEMBL1944599,Bioorg Med Chem Lett,2012.0,"{'bei': '15.04', 'le': '0.29', 'lle': '3.92', 'sei': '6.53'}",,CHEMBL1945038,,CHEMBL1945038,7.20,0,http://www.openphacts.org/units/Nanomolar,1573957,=,1,1,=,,IC50,nM,,63.1,CHEMBL213,Homo sapiens,Beta-1 adrenergic receptor,9606,,,pIC50,,UO_0000065,,7.2
,,8022340,[],CHEMBL1947792,Displacement of radiolabeled iodocyanopindolol from beta1 adrenoceptor,B,,,BAO_0000190,BAO_0000357,single protein format,COc1ccccc1CNCc1cccc(CCNC[C@H](O)c2ccc(O)c3[nH]c(=O)sc23)c1,,,CHEMBL1944599,Bioorg Med Chem Lett,2012.0,"{'bei': '15.22', 'le': '0.29', 'lle': '3.84', 'sei': '6.85'}",,CHEMBL1945039,,CHEMBL1945039,7.30,0,http://www.openphacts.org/units/Nanomolar,1573958,=,1,1,=,,IC50,nM,,50.12,CHEMBL213,Homo sapiens,Beta-1 adrenergic receptor,9606,,,pIC50,,UO_0000065,,7.3
,,8022341,[],CHEMBL1947792,Displacement of radiolabeled iodocyanopindolol from beta1 adrenoceptor,B,,,BAO_0000190,BAO_0000357,single protein format,COc1ccccc1CNCc1ccc(CCNC[C@H](O)c2ccc(O)c3[nH]c(=O)sc23)cc1,,,CHEMBL1944599,Bioorg Med Chem Lett,2012.0,"{'bei': '12.30', 'le': '0.24', 'lle': '2.44', 'sei': '5.53'}",,CHEMBL1945040,,CHEMBL1945040,5.90,0,http://www.openphacts.org/units/Nanomolar,1573959,=,1,1,=,,IC50,nM,,1258.93,CHEMBL213,Homo sapiens,Beta-1 adrenergic receptor,9606,,,pIC50,,UO_0000065,,5.9
,,8022342,[],CHEMBL1947792,Displacement of radiolabeled iodocyanopindolol from beta1 adrenoceptor,B,,,BAO_0000190,BAO_0000357,single protein format,O=c1[nH]c2c(O)ccc([C@@H](O)CNCCc3cccc(CNCc4ccccc4Cl)c3)c2s1,,,CHEMBL1944599,Bioorg Med Chem Lett,2012.0,"{'bei': '16.53', 'le': '0.33', 'lle': '3.90', 'sei': '8.22'}",,CHEMBL1945041,,CHEMBL1945041,8.00,0,http://www.openphacts.org/units/Nanomolar,1573960,=,1,1,=,,IC50,nM,,10.0,CHEMBL213,Homo sapiens,Beta-1 adrenergic receptor,9606,,,pIC50,,UO_0000065,,8.0
,,8022343,[],CHEMBL1947792,Displacement of radiolabeled iodocyanopindolol from beta1 adrenoceptor,B,,,BAO_0000190,BAO_0000357,single protein format,O=c1[nH]c2c(O)ccc([C@@H](O)CNCCc3cccc(CNCc4ccccc4F)c3)c2s1,,,CHEMBL1944599,Bioorg Med Chem Lett,2012.0,"{'bei': '17.54', 'le': '0.34', 'lle': '4.61', 'sei': '8.42'}",,CHEMBL1945042,,CHEMBL1945042,8.20,0,http://www.openphacts.org/units/Nanomolar,1573961,=,1,1,=,,IC50,nM,,6.31,CHEMBL213,Homo sapiens,Beta-1 adrenergic receptor,9606,,,pIC50,,UO_0000065,,8.2
,,8022344,[],CHEMBL1947792,Displacement of radiolabeled iodocyanopindolol from beta1 adrenoceptor,B,,,BAO_0000190,BAO_0000357,single protein format,O=c1[nH]c2c(O)ccc([C@@H](O)CNCCc3cccc(CNCc4ccccn4)c3)c2s1,,,CHEMBL1944599,Bioorg Med Chem Lett,2012.0,"{'bei': '15.76', 'le': '0.30', 'lle': '4.25', 'sei': '6.44'}",,CHEMBL1945043,,CHEMBL1945043,7.10,0,http://www.openphacts.org/units/Nanomolar,1573962,=,1,1,=,,IC50,nM,,79.43,CHEMBL213,Homo sapiens,Beta-1 adrenergic receptor,9606,,,pIC50,,UO_0000065,,7.1
,,8022345,[],CHEMBL1947792,Displacement of radiolabeled iodocyanopindolol from beta1 adrenoceptor,B,,,BAO_0000190,BAO_0000357,single protein format,COc1cccc(CNCc2cccc(CCNC[C@H](O)c3ccc(O)c4[nH]c(=O)sc34)c2)c1,,,CHEMBL1944599,Bioorg Med Chem Lett,2012.0,"{'bei': '15.01', 'le': '0.29', 'lle': '3.74', 'sei': '6.75'}",,CHEMBL1945044,,CHEMBL1945044,7.20,0,http://www.openphacts.org/units/Nanomolar,1573963,=,1,1,=,,IC50,nM,,63.1,CHEMBL213,Homo sapiens,Beta-1 adrenergic receptor,9606,,,pIC50,,UO_0000065,,7.2
,,8022346,[],CHEMBL1947792,Displacement of radiolabeled iodocyanopindolol from beta1 adrenoceptor,B,,,BAO_0000190,BAO_0000357,single protein format,COc1ccc(CNCc2cccc(CCNC[C@H](O)c3ccc(O)c4[nH]c(=O)sc34)c2)cc1,,,CHEMBL1944599,Bioorg Med Chem Lett,2012.0,"{'bei': '16.68', 'le': '0.32', 'lle': '4.54', 'sei': '7.50'}",,CHEMBL1945289,,CHEMBL1945289,8.00,0,http://www.openphacts.org/units/Nanomolar,1574341,=,1,1,=,,IC50,nM,,10.0,CHEMBL213,Homo sapiens,Beta-1 adrenergic receptor,9606,,,pIC50,,UO_0000065,,8.0
,,8022347,[],CHEMBL1947792,Displacement of radiolabeled iodocyanopindolol from beta1 adrenoceptor,B,,,BAO_0000190,BAO_0000357,single protein format,CCOc1ccccc1CNCc1cccc(CCNC[C@H](O)c2ccc(O)c3[nH]c(=O)sc23)c1,,,CHEMBL1944599,Bioorg Med Chem Lett,2012.0,"{'bei': '14.18', 'le': '0.27', 'lle': '3.15', 'sei': '6.57'}",,CHEMBL1945290,,CHEMBL1945290,7.00,0,http://www.openphacts.org/units/Nanomolar,1574342,=,1,1,=,,IC50,nM,,100.0,CHEMBL213,Homo sapiens,Beta-1 adrenergic receptor,9606,,,pIC50,,UO_0000065,,7.0
,,8022348,[],CHEMBL1947792,Displacement of radiolabeled iodocyanopindolol from beta1 adrenoceptor,B,,,BAO_0000190,BAO_0000357,single protein format,COc1ccccc1CN(C)Cc1cccc(CCNC[C@H](O)c2ccc(O)c3[nH]c(=O)sc23)c1,,,CHEMBL1944599,Bioorg Med Chem Lett,2012.0,"{'bei': '13.57', 'le': '0.26', 'lle': '2.90', 'sei': '6.85'}",,CHEMBL1945291,,CHEMBL1945291,6.70,0,http://www.openphacts.org/units/Nanomolar,1574343,=,1,1,=,,IC50,nM,,199.53,CHEMBL213,Homo sapiens,Beta-1 adrenergic receptor,9606,,,pIC50,,UO_0000065,,6.7
,,8022349,[],CHEMBL1947792,Displacement of radiolabeled iodocyanopindolol from beta1 adrenoceptor,B,,,BAO_0000190,BAO_0000357,single protein format,COCCNCc1cccc(CCNC[C@H](O)c2ccc(O)c3[nH]c(=O)sc23)c1,,,CHEMBL1944599,Bioorg Med Chem Lett,2012.0,"{'bei': '16.29', 'le': '0.32', 'lle': '4.90', 'sei': '6.38'}",,CHEMBL1945292,,CHEMBL1945292,6.80,0,http://www.openphacts.org/units/Nanomolar,1574344,=,1,1,=,,IC50,nM,,158.49,CHEMBL213,Homo sapiens,Beta-1 adrenergic receptor,9606,,,pIC50,,UO_0000065,,6.8
,,8022350,[],CHEMBL1947792,Displacement of radiolabeled iodocyanopindolol from beta1 adrenoceptor,B,,,BAO_0000190,BAO_0000357,single protein format,COCCNCc1ccc(CCNC[C@H](O)c2ccc(O)c3[nH]c(=O)sc23)cc1,,,CHEMBL1944599,Bioorg Med Chem Lett,2012.0,"{'bei': '14.61', 'le': '0.29', 'lle': '4.20', 'sei': '5.72'}",,CHEMBL1945293,,CHEMBL1945293,6.10,0,http://www.openphacts.org/units/Nanomolar,1574345,=,1,1,=,,IC50,nM,,794.33,CHEMBL213,Homo sapiens,Beta-1 adrenergic receptor,9606,,,pIC50,,UO_0000065,,6.1
,,8022351,[],CHEMBL1947792,Displacement of radiolabeled iodocyanopindolol from beta1 adrenoceptor,B,,,BAO_0000190,BAO_0000357,single protein format,O=c1[nH]c2c(O)ccc([C@@H](O)CNCCc3cccc(CN4CCCC4)c3)c2s1,,,CHEMBL1944599,Bioorg Med Chem Lett,2012.0,"{'bei': '15.72', 'le': '0.31', 'lle': '3.74', 'sei': '7.34'}",,CHEMBL1945294,,CHEMBL1945294,6.50,0,http://www.openphacts.org/units/Nanomolar,1574346,=,1,1,=,,IC50,nM,,316.23,CHEMBL213,Homo sapiens,Beta-1 adrenergic receptor,9606,,,pIC50,,UO_0000065,,6.5
,,8022353,[],CHEMBL1947792,Displacement of radiolabeled iodocyanopindolol from beta1 adrenoceptor,B,,,BAO_0000190,BAO_0000357,single protein format,O=c1[nH]c2c(O)ccc([C@@H](O)CNCCCc3cccc(CNCCc4c(Cl)cccc4Cl)c3)c2s1,,,CHEMBL1944599,Bioorg Med Chem Lett,2012.0,"{'bei': '14.82', 'le': '0.31', 'lle': '2.91', 'sei': '8.32'}",,CHEMBL1945296,,CHEMBL1945296,8.10,0,http://www.openphacts.org/units/Nanomolar,1574348,=,1,1,=,,IC50,nM,,7.943,CHEMBL213,Homo sapiens,Beta-1 adrenergic receptor,9606,,,pIC50,,UO_0000065,,8.1
,,8022354,[],CHEMBL1947792,Displacement of radiolabeled iodocyanopindolol from beta1 adrenoceptor,B,,,BAO_0000190,BAO_0000357,single protein format,CC(Cc1cccc(CNCCc2c(Cl)cccc2Cl)c1)NC[C@H](O)c1ccc(O)c2[nH]c(=O)sc12,,,CHEMBL1944599,Bioorg Med Chem Lett,2012.0,"{'bei': '14.09', 'le': '0.29', 'lle': '2.51', 'sei': '7.91'}",,CHEMBL1945297,,CHEMBL1945297,7.70,0,http://www.openphacts.org/units/Nanomolar,1574349,=,1,1,=,,IC50,nM,,19.95,CHEMBL213,Homo sapiens,Beta-1 adrenergic receptor,9606,,,pIC50,,UO_0000065,,7.7
,,8022355,[],CHEMBL1947792,Displacement of radiolabeled iodocyanopindolol from beta1 adrenoceptor,B,,,BAO_0000190,BAO_0000357,single protein format,O=c1[nH]c2c(O)ccc([C@@H](O)CNCCOc3cccc(CNCCc4ccccc4F)c3)c2s1,,,CHEMBL1944599,Bioorg Med Chem Lett,2012.0,"{'bei': '13.46', 'le': '0.26', 'lle': '3.23', 'sei': '6.28'}",,CHEMBL1945298,,CHEMBL1945298,6.70,0,http://www.openphacts.org/units/Nanomolar,1574350,=,1,1,=,,IC50,nM,,199.53,CHEMBL213,Homo sapiens,Beta-1 adrenergic receptor,9606,,,pIC50,,UO_0000065,,6.7
,,8022356,[],CHEMBL1947792,Displacement of radiolabeled iodocyanopindolol from beta1 adrenoceptor,B,,,BAO_0000190,BAO_0000357,single protein format,COc1ccccc1CNCCc1cccc(CCNC[C@H](O)c2ccc(O)c3[nH]c(=O)sc23)c1,,,CHEMBL1944599,Bioorg Med Chem Lett,2012.0,"{'bei': '14.59', 'le': '0.28', 'lle': '3.70', 'sei': '6.75'}",,CHEMBL1945299,,CHEMBL1945299,7.20,0,http://www.openphacts.org/units/Nanomolar,1574351,=,1,1,=,,IC50,nM,,63.1,CHEMBL213,Homo sapiens,Beta-1 adrenergic receptor,9606,,,pIC50,,UO_0000065,,7.2
,,8022357,[],CHEMBL1947792,Displacement of radiolabeled iodocyanopindolol from beta1 adrenoceptor,B,,,BAO_0000190,BAO_0000357,single protein format,OCc1cc([C@@H](O)CNCCc2ccc(CNCCc3ccccc3)cc2)ccc1O,,,CHEMBL1944599,Bioorg Med Chem Lett,2012.0,,,CHEMBL1945300,,CHEMBL1945300,,0,http://www.openphacts.org/units/Nanomolar,1574352,<,1,1,>,,IC50,nM,,3162.28,CHEMBL213,Homo sapiens,Beta-1 adrenergic receptor,9606,,,pIC50,,UO_0000065,,5.5
,,8022358,[],CHEMBL1947792,Displacement of radiolabeled iodocyanopindolol from beta1 adrenoceptor,B,,,BAO_0000190,BAO_0000357,single protein format,O=c1ccc2c([C@@H](O)CNCCc3cccc(CNCCc4ccccn4)c3)ccc(O)c2[nH]1,,,CHEMBL1944599,Bioorg Med Chem Lett,2012.0,"{'bei': '11.99', 'le': '0.22', 'lle': '2.67', 'sei': '4.99'}",,CHEMBL1945503,,CHEMBL1945503,5.50,0,http://www.openphacts.org/units/Nanomolar,1574609,=,1,1,=,,IC50,nM,,3162.28,CHEMBL213,Homo sapiens,Beta-1 adrenergic receptor,9606,,,pIC50,,UO_0000065,,5.5
,,8022359,[],CHEMBL1947792,Displacement of radiolabeled iodocyanopindolol from beta1 adrenoceptor,B,,,BAO_0000190,BAO_0000357,single protein format,COc1ccccc1CNCc1ccc(CCNC[C@@H](O)c2ccc(O)c3[nH]c(=O)sc23)cc1,,,CHEMBL1944599,Bioorg Med Chem Lett,2012.0,"{'bei': '12.30', 'le': '0.24', 'lle': '2.44', 'sei': '5.53'}",,CHEMBL1945504,,CHEMBL1945504,5.90,0,http://www.openphacts.org/units/Nanomolar,1574610,=,1,1,=,,IC50,nM,,1258.93,CHEMBL213,Homo sapiens,Beta-1 adrenergic receptor,9606,,,pIC50,,UO_0000065,,5.9
,,8023143,[],CHEMBL1947814,Binding affinity to beta1 adrenoceptor,B,,,BAO_0000190,BAO_0000357,single protein format,COc1ccc(CC(C)NCC(O)c2ccc(O)c(NC=O)c2)cc1,,,CHEMBL1944599,Bioorg Med Chem Lett,2012.0,,,CHEMBL1256786,FORMOTEROL,CHEMBL1256786,,1,http://www.openphacts.org/units/Nanomolar,1576138,<,1,1,>,,IC50,nM,,630.96,CHEMBL213,Homo sapiens,Beta-1 adrenergic receptor,9606,,,pIC50,,UO_0000065,,6.2
,,8023144,[],CHEMBL1947814,Binding affinity to beta1 adrenoceptor,B,,,BAO_0000190,BAO_0000357,single protein format,OCc1cc(C(O)CNCCCCCCOCCCCc2ccccc2)ccc1O,,,CHEMBL1944599,Bioorg Med Chem Lett,2012.0,"{'bei': '15.16', 'le': '0.29', 'lle': '2.19', 'sei': '7.69'}",,CHEMBL1263,SALMETEROL,CHEMBL1263,6.30,1,http://www.openphacts.org/units/Nanomolar,1576139,=,1,1,=,,IC50,nM,,501.19,CHEMBL213,Homo sapiens,Beta-1 adrenergic receptor,9606,,,pIC50,,UO_0000065,,6.3
,,8023145,[],CHEMBL1947814,Binding affinity to beta1 adrenoceptor,B,,,BAO_0000190,BAO_0000357,single protein format,CCc1cc2c(cc1CC)CC(NC[C@H](O)c1ccc(O)c3[nH]c(=O)ccc13)C2,,,CHEMBL1944599,Bioorg Med Chem Lett,2012.0,"{'bei': '16.56', 'le': '0.31', 'lle': '3.35', 'sei': '7.62'}",,CHEMBL1095777,INDACATEROL,CHEMBL1095777,6.50,0,http://www.openphacts.org/units/Nanomolar,1576140,=,1,1,=,,IC50,nM,,316.23,CHEMBL213,Homo sapiens,Beta-1 adrenergic receptor,9606,,,pIC50,,UO_0000065,,6.5
,,8023166,[],CHEMBL1947814,Binding affinity to beta1 adrenoceptor,B,,,BAO_0000190,BAO_0000357,single protein format,O=c1[nH]c2c(O)ccc(CCNCCS(=O)(=O)CCCOCCc3ccccc3)c2s1,,,CHEMBL1944599,Bioorg Med Chem Lett,2012.0,,,CHEMBL82663,SIBENADET,CHEMBL82663,,1,http://www.openphacts.org/units/Nanomolar,1574612,<,1,1,>,,IC50,nM,,10000.0,CHEMBL213,Homo sapiens,Beta-1 adrenergic receptor,9606,,,pIC50,,UO_0000065,,5.0
,,10835404,[],CHEMBL2015334,Displacement of [3H](-)-CGP-12177 from adrenergic beta1 receptor by cell based assay,B,,,BAO_0000190,BAO_0000219,cell-based format,COc1ccc(NC(=O)NCCNC[C@H](O)COc2ccccc2C#N)cc1,,,CHEMBL2010725,ACS Med Chem Lett,2011.0,"{'bei': '25.90', 'le': '0.49', 'lle': '8.24', 'sei': '8.61'}",,CHEMBL2011213,,CHEMBL2011213,9.96,0,http://www.openphacts.org/units/Nanomolar,1631502,=,1,1,=,,IC50,nM,,0.11,CHEMBL213,Homo sapiens,Beta-1 adrenergic receptor,9606,,,IC50,nM,UO_0000065,,0.11
,,10835405,[],CHEMBL2015334,Displacement of [3H](-)-CGP-12177 from adrenergic beta1 receptor by cell based assay,B,,,BAO_0000190,BAO_0000219,cell-based format,N#Cc1ccccc1OC[C@@H](O)CNCCNC(=O)Nc1ccccc1F,,,CHEMBL2010725,ACS Med Chem Lett,2011.0,"{'bei': '26.04', 'le': '0.49', 'lle': '7.85', 'sei': '9.11'}",,CHEMBL2011214,,CHEMBL2011214,9.70,0,http://www.openphacts.org/units/Nanomolar,1631503,=,1,1,=,,IC50,nM,,0.2,CHEMBL213,Homo sapiens,Beta-1 adrenergic receptor,9606,,,IC50,nM,UO_0000065,,0.2
,,10835406,[],CHEMBL2015334,Displacement of [3H](-)-CGP-12177 from adrenergic beta1 receptor by cell based assay,B,,,BAO_0000190,BAO_0000219,cell-based format,N#Cc1ccccc1OC[C@@H](O)CNCCNC(=O)Nc1ccc(F)cc1,,,CHEMBL2010725,ACS Med Chem Lett,2011.0,"{'bei': '26.85', 'le': '0.51', 'lle': '8.15', 'sei': '9.40'}",,CHEMBL2011215,,CHEMBL2011215,10.00,0,http://www.openphacts.org/units/Nanomolar,1631504,=,1,1,=,,IC50,nM,,0.1,CHEMBL213,Homo sapiens,Beta-1 adrenergic receptor,9606,,,IC50,nM,UO_0000065,,0.1
,,10835407,[],CHEMBL2015334,Displacement of [3H](-)-CGP-12177 from adrenergic beta1 receptor by cell based assay,B,,,BAO_0000190,BAO_0000219,cell-based format,N#Cc1ccccc1OC[C@@H](O)CNCCNC(=O)Nc1ccc(OCCF)cc1,,,CHEMBL2010725,ACS Med Chem Lett,2011.0,"{'bei': '24.25', 'le': '0.46', 'lle': '8.04', 'sei': '8.73'}",,CHEMBL2011216,,CHEMBL2011216,10.10,0,http://www.openphacts.org/units/Nanomolar,1631505,=,1,1,=,,IC50,nM,,0.08,CHEMBL213,Homo sapiens,Beta-1 adrenergic receptor,9606,,,IC50,nM,UO_0000065,,0.08
,,10835408,[],CHEMBL2015334,Displacement of [3H](-)-CGP-12177 from adrenergic beta1 receptor by cell based assay,B,,,BAO_0000190,BAO_0000219,cell-based format,N#Cc1ccccc1OC[C@@H](O)CNCCNC(=O)Nc1ccc(OCCCF)cc1,,,CHEMBL2010725,ACS Med Chem Lett,2011.0,"{'bei': '22.31', 'le': '0.42', 'lle': '7.15', 'sei': '8.30'}",,CHEMBL2011217,,CHEMBL2011217,9.60,0,http://www.openphacts.org/units/Nanomolar,1631506,=,1,1,=,,IC50,nM,,0.25,CHEMBL213,Homo sapiens,Beta-1 adrenergic receptor,9606,,,IC50,nM,UO_0000065,,0.25
,,10835409,[],CHEMBL2015334,Displacement of [3H](-)-CGP-12177 from adrenergic beta1 receptor by cell based assay,B,,,BAO_0000190,BAO_0000219,cell-based format,N#Cc1ccccc1OC[C@@H](O)CNCCNC(=O)Nc1cccc(OCCF)c1,,,CHEMBL2010725,ACS Med Chem Lett,2011.0,"{'bei': '24.97', 'le': '0.47', 'lle': '8.34', 'sei': '8.99'}",,CHEMBL2011218,,CHEMBL2011218,10.40,0,http://www.openphacts.org/units/Nanomolar,1631507,=,1,1,=,,IC50,nM,,0.04,CHEMBL213,Homo sapiens,Beta-1 adrenergic receptor,9606,,,IC50,nM,UO_0000065,,0.04
,,10835410,[],CHEMBL2015334,Displacement of [3H](-)-CGP-12177 from adrenergic beta1 receptor by cell based assay,B,,,BAO_0000190,BAO_0000219,cell-based format,CC(CF)Nc1ccc(NC(=O)NCCNC[C@H](O)COc2ccccc2C#N)cc1,,,CHEMBL2010725,ACS Med Chem Lett,2011.0,"{'bei': '20.54', 'le': '0.39', 'lle': '6.34', 'sei': '7.45'}",,CHEMBL2011219,,CHEMBL2011219,8.82,0,http://www.openphacts.org/units/Nanomolar,1631508,=,1,1,=,,IC50,nM,,1.5,CHEMBL213,Homo sapiens,Beta-1 adrenergic receptor,9606,,,IC50,nM,UO_0000065,,1.5
,,10835411,[],CHEMBL2015334,Displacement of [3H](-)-CGP-12177 from adrenergic beta1 receptor by cell based assay,B,,,BAO_0000190,BAO_0000219,cell-based format,N#Cc1c(F)cccc1OC[C@@H](O)CNCCNC(=O)Nc1ccc(C(=O)O)cc1,,,CHEMBL2010725,ACS Med Chem Lett,2011.0,"{'bei': '18.44', 'le': '0.35', 'lle': '6.13', 'sei': '5.34'}",,CHEMBL2011220,,CHEMBL2011220,7.68,0,http://www.openphacts.org/units/Nanomolar,1631509,=,1,1,=,,IC50,nM,,21.0,CHEMBL213,Homo sapiens,Beta-1 adrenergic receptor,9606,,,IC50,nM,UO_0000065,,21.0
,,10835412,[],CHEMBL2015334,Displacement of [3H](-)-CGP-12177 from adrenergic beta1 receptor by cell based assay,B,,,BAO_0000190,BAO_0000219,cell-based format,N#Cc1ccc(F)cc1OC[C@@H](O)CNCCNC(=O)Nc1ccc(C(=O)O)cc1,,,CHEMBL2010725,ACS Med Chem Lett,2011.0,"{'bei': '20.89', 'le': '0.40', 'lle': '7.15', 'sei': '6.05'}",,CHEMBL2011221,,CHEMBL2011221,8.70,0,http://www.openphacts.org/units/Nanomolar,1631510,=,1,1,=,,IC50,nM,,2.0,CHEMBL213,Homo sapiens,Beta-1 adrenergic receptor,9606,,,IC50,nM,UO_0000065,,2.0
,,10835413,[],CHEMBL2015334,Displacement of [3H](-)-CGP-12177 from adrenergic beta1 receptor by cell based assay,B,,,BAO_0000190,BAO_0000219,cell-based format,N#Cc1ccccc1OC[C@@H](O)CNCCNC(=O)Nc1ccc(C(=O)O)c(F)c1,,,CHEMBL2010725,ACS Med Chem Lett,2011.0,"{'bei': '21.61', 'le': '0.41', 'lle': '7.45', 'sei': '6.26'}",,CHEMBL2011222,,CHEMBL2011222,9.00,0,http://www.openphacts.org/units/Nanomolar,1631511,=,1,1,=,,IC50,nM,,1.0,CHEMBL213,Homo sapiens,Beta-1 adrenergic receptor,9606,,,IC50,nM,UO_0000065,,1.0
,,10835414,[],CHEMBL2015334,Displacement of [3H](-)-CGP-12177 from adrenergic beta1 receptor by cell based assay,B,,,BAO_0000190,BAO_0000219,cell-based format,CCOc1ccc(NC(=O)NCCNC[C@H](O)COc2cccc(F)c2C#N)cc1,,,CHEMBL2010725,ACS Med Chem Lett,2011.0,"{'bei': '20.89', 'le': '0.40', 'lle': '6.45', 'sei': '7.52'}",,CHEMBL2011223,,CHEMBL2011223,8.70,0,http://www.openphacts.org/units/Nanomolar,1631512,=,1,1,=,,IC50,nM,,2.0,CHEMBL213,Homo sapiens,Beta-1 adrenergic receptor,9606,,,IC50,nM,UO_0000065,,2.0
,,10835415,[],CHEMBL2015334,Displacement of [3H](-)-CGP-12177 from adrenergic beta1 receptor by cell based assay,B,,,BAO_0000190,BAO_0000219,cell-based format,N#Cc1ccccc1OC[C@@H](O)CNCCNC(=O)Nc1ccc(OCCF)nc1,,,CHEMBL2010725,ACS Med Chem Lett,2011.0,"{'bei': '23.96', 'le': '0.46', 'lle': '8.55', 'sei': '7.78'}",,CHEMBL2011224,,CHEMBL2011224,10.00,0,http://www.openphacts.org/units/Nanomolar,1631513,=,1,1,=,,IC50,nM,,0.1,CHEMBL213,Homo sapiens,Beta-1 adrenergic receptor,9606,,,IC50,nM,UO_0000065,,0.1
,,10835416,[],CHEMBL2015334,Displacement of [3H](-)-CGP-12177 from adrenergic beta1 receptor by cell based assay,B,,,BAO_0000190,BAO_0000219,cell-based format,N#Cc1ccccc1OC[C@@H](O)CNCCNC(=O)Nc1ccc(F)nc1,,,CHEMBL2010725,ACS Med Chem Lett,2011.0,"{'bei': '25.50', 'le': '0.48', 'lle': '8.28', 'sei': '7.98'}",,CHEMBL2011225,,CHEMBL2011225,9.52,0,http://www.openphacts.org/units/Nanomolar,1631514,=,1,1,=,,IC50,nM,,0.3,CHEMBL213,Homo sapiens,Beta-1 adrenergic receptor,9606,,,IC50,nM,UO_0000065,,0.3
,,10835417,[],CHEMBL2015334,Displacement of [3H](-)-CGP-12177 from adrenergic beta1 receptor by cell based assay,B,,,BAO_0000190,BAO_0000219,cell-based format,N#Cc1ccccc1OC[C@@H](O)CNCCNC(=O)Nc1ccc(I)nc1,,,CHEMBL2010725,ACS Med Chem Lett,2011.0,"{'bei': '21.40', 'le': '0.52', 'lle': '8.59', 'sei': '8.63'}",,CHEMBL2011226,,CHEMBL2011226,10.30,0,http://www.openphacts.org/units/Nanomolar,1631515,=,1,1,=,,IC50,nM,,0.05,CHEMBL213,Homo sapiens,Beta-1 adrenergic receptor,9606,,,IC50,nM,UO_0000065,,0.05
,,10835418,[],CHEMBL2015334,Displacement of [3H](-)-CGP-12177 from adrenergic beta1 receptor by cell based assay,B,,,BAO_0000190,BAO_0000219,cell-based format,N#Cc1ccccc1OC[C@@H](O)CNCCNC(=O)Nc1ccc(Br)nc1,,,CHEMBL2010725,ACS Med Chem Lett,2011.0,"{'bei': '23.72', 'le': '0.52', 'lle': '8.43', 'sei': '8.63'}",,CHEMBL2011227,,CHEMBL2011227,10.30,0,http://www.openphacts.org/units/Nanomolar,1631516,=,1,1,=,,IC50,nM,,0.05,CHEMBL213,Homo sapiens,Beta-1 adrenergic receptor,9606,,,IC50,nM,UO_0000065,,0.05
,,10835419,[],CHEMBL2015334,Displacement of [3H](-)-CGP-12177 from adrenergic beta1 receptor by cell based assay,B,,,BAO_0000190,BAO_0000219,cell-based format,N#Cc1ccccc1OC[C@@H](O)CNCCNC(=O)Nc1cnc(Br)cn1,,,CHEMBL2010725,ACS Med Chem Lett,2011.0,"{'bei': '21.72', 'le': '0.48', 'lle': '8.20', 'sei': '7.15'}",,CHEMBL2011228,,CHEMBL2011228,9.46,0,http://www.openphacts.org/units/Nanomolar,1631517,=,1,1,=,,IC50,nM,,0.35,CHEMBL213,Homo sapiens,Beta-1 adrenergic receptor,9606,,,IC50,nM,UO_0000065,,0.35
,,10835420,[],CHEMBL2015334,Displacement of [3H](-)-CGP-12177 from adrenergic beta1 receptor by cell based assay,B,,,BAO_0000190,BAO_0000219,cell-based format,N#Cc1ccccc1OC[C@@H](O)CNCCNC(=O)Nc1nccs1,,,CHEMBL2010725,ACS Med Chem Lett,2011.0,"{'bei': '20.99', 'le': '0.41', 'lle': '6.42', 'sei': '6.36'}",,CHEMBL2011229,,CHEMBL2011229,7.58,0,http://www.openphacts.org/units/Nanomolar,1631518,=,1,1,=,,IC50,nM,,26.0,CHEMBL213,Homo sapiens,Beta-1 adrenergic receptor,9606,,,IC50,nM,UO_0000065,,26.0
,,10835421,[],CHEMBL2015334,Displacement of [3H](-)-CGP-12177 from adrenergic beta1 receptor by cell based assay,B,,,BAO_0000190,BAO_0000219,cell-based format,N#Cc1ccccc1OC[C@@H](O)CNCCNC(=O)Nc1nnn(CCF)n1,,,CHEMBL2010725,ACS Med Chem Lett,2011.0,"{'bei': '20.39', 'le': '0.39', 'lle': '8.33', 'sei': '5.33'}",,CHEMBL2011230,,CHEMBL2011230,8.00,0,http://www.openphacts.org/units/Nanomolar,1631519,=,1,1,=,,IC50,nM,,10.0,CHEMBL213,Homo sapiens,Beta-1 adrenergic receptor,9606,,,IC50,nM,UO_0000065,,10.0
,,10835422,[],CHEMBL2015334,Displacement of [3H](-)-CGP-12177 from adrenergic beta1 receptor by cell based assay,B,,,BAO_0000190,BAO_0000219,cell-based format,N#Cc1ccccc1OC[C@@H](O)CNCCNC(=O)NC1CCN(CCF)CC1,,,CHEMBL2010725,ACS Med Chem Lett,2011.0,,,CHEMBL2011231,,CHEMBL2011231,,0,http://www.openphacts.org/units/Nanomolar,1631520,>,1,1,>,,IC50,nM,,100.0,CHEMBL213,Homo sapiens,Beta-1 adrenergic receptor,9606,,,IC50,nM,UO_0000065,,100.0
,,10835423,[],CHEMBL2015334,Displacement of [3H](-)-CGP-12177 from adrenergic beta1 receptor by cell based assay,B,,,BAO_0000190,BAO_0000219,cell-based format,N#Cc1ccccc1OC[C@@H](O)CNCCNC(=O)N1CCOCC1,,,CHEMBL2010725,ACS Med Chem Lett,2011.0,"{'bei': '22.10', 'le': '0.42', 'lle': '7.77', 'sei': '7.21'}",,CHEMBL2011232,,CHEMBL2011232,7.70,0,http://www.openphacts.org/units/Nanomolar,1631521,=,1,1,=,,IC50,nM,,20.0,CHEMBL213,Homo sapiens,Beta-1 adrenergic receptor,9606,,,IC50,nM,UO_0000065,,20.0
,,10835424,[],CHEMBL2015334,Displacement of [3H](-)-CGP-12177 from adrenergic beta1 receptor by cell based assay,B,,,BAO_0000190,BAO_0000219,cell-based format,N#Cc1ccccc1OC[C@@H](O)CNCCNC(=O)c1ccc(F)nc1,,,CHEMBL2010725,ACS Med Chem Lett,2011.0,"{'bei': '22.32', 'le': '0.42', 'lle': '7.15', 'sei': '7.46'}",,CHEMBL2011233,,CHEMBL2011233,8.00,0,http://www.openphacts.org/units/Nanomolar,1631522,=,1,1,=,,IC50,nM,,10.0,CHEMBL213,Homo sapiens,Beta-1 adrenergic receptor,9606,,,IC50,nM,UO_0000065,,10.0
,,10835425,[],CHEMBL2015334,Displacement of [3H](-)-CGP-12177 from adrenergic beta1 receptor by cell based assay,B,,,BAO_0000190,BAO_0000219,cell-based format,N#Cc1ccccc1OC[C@@H](O)CNCCCC(=O)Nc1ccc(F)nc1,,,CHEMBL2010725,ACS Med Chem Lett,2011.0,"{'bei': '22.89', 'le': '0.43', 'lle': '6.68', 'sei': '7.95'}",,CHEMBL2011234,,CHEMBL2011234,8.52,0,http://www.openphacts.org/units/Nanomolar,1631523,=,1,1,=,,IC50,nM,,3.0,CHEMBL213,Homo sapiens,Beta-1 adrenergic receptor,9606,,,IC50,nM,UO_0000065,,3.0
,,10835426,[],CHEMBL2015334,Displacement of [3H](-)-CGP-12177 from adrenergic beta1 receptor by cell based assay,B,,,BAO_0000190,BAO_0000219,cell-based format,N#Cc1ccccc1OC[C@@H](O)CNCCNC(=O)Cc1ccc(F)cc1,,,CHEMBL2010725,ACS Med Chem Lett,2011.0,"{'bei': '26.53', 'le': '0.50', 'lle': '8.46', 'sei': '10.44'}",,CHEMBL2011235,,CHEMBL2011235,9.85,0,http://www.openphacts.org/units/Nanomolar,1631524,=,1,1,=,,IC50,nM,,0.14,CHEMBL213,Homo sapiens,Beta-1 adrenergic receptor,9606,,,IC50,nM,UO_0000065,,0.14
,,10835427,[],CHEMBL2015334,Displacement of [3H](-)-CGP-12177 from adrenergic beta1 receptor by cell based assay,B,,,BAO_0000190,BAO_0000219,cell-based format,N#Cc1ccccc1OC[C@@H](O)CNCCNS(=O)(=O)c1ccccc1F,,,CHEMBL2010725,ACS Med Chem Lett,2011.0,"{'bei': '21.10', 'le': '0.42', 'lle': '7.29', 'sei': '7.45'}",,CHEMBL2011236,,CHEMBL2011236,8.30,0,http://www.openphacts.org/units/Nanomolar,1631525,=,1,1,=,,IC50,nM,,5.0,CHEMBL213,Homo sapiens,Beta-1 adrenergic receptor,9606,,,IC50,nM,UO_0000065,,5.0
,,13340400,[],CHEMBL2395284,Displacement of [125I]Cynopindolol from human recombinant beta1 adrenergic receptor expressed in CHOK1 cells after 2 hrs,B,,,BAO_0000190,BAO_0000219,cell-based format,CC(C)NC[C@H](O)COc1cccc2ccccc12,,,CHEMBL2390918,Bioorg Med Chem Lett,2013.0,"{'bei': '33.17', 'le': '0.62', 'lle': '6.02', 'sei': '20.73'}",,CHEMBL452861,LEVOPROPRANOLOL,CHEMBL452861,8.60,0,http://www.openphacts.org/units/Nanomolar,1899735,=,1,1,=,,IC50,nM,,2.5,CHEMBL213,Homo sapiens,Beta-1 adrenergic receptor,9606,,,IC50,nM,UO_0000065,,2.5
,,13342119,[],CHEMBL2395709,Binding affinity to human adrenergic beta1 receptor by radioligand displacement assay,B,,,BAO_0000190,BAO_0000357,single protein format,CC(C)NCC(O)COc1ccc(CC(N)=O)cc1,,,CHEMBL2390830,Eur J Med Chem,2013.0,"{'bei': '24.72', 'le': '0.47', 'lle': '6.14', 'sei': '7.79'}",,CHEMBL24,ATENOLOL,CHEMBL24,6.58,0,http://www.openphacts.org/units/Nanomolar,1900377,=,1,1,=,,IC50,nM,,260.0,CHEMBL213,Homo sapiens,Beta-1 adrenergic receptor,9606,,,IC50,10'-7M,UO_0000065,,2.6
,,13863453,[],CHEMBL3101857,Binding affinity to adrenergic beta1 receptor (unknown origin),B,,,BAO_0000190,BAO_0000357,single protein format,CC1(C)OC(=O)N([C@H]2CC[C@H](c3cnc(N)c(-c4ncccn4)c3)CC2)[C@H]1c1ccccc1,,,CHEMBL3098003,ACS Med Chem Lett,2013.0,,,CHEMBL3099716,,CHEMBL3099716,,0,http://www.openphacts.org/units/Nanomolar,1956958,>,1,1,>,,IC50,nM,,48500.0,CHEMBL213,Homo sapiens,Beta-1 adrenergic receptor,9606,,,IC50,uM,UO_0000065,,48.5
,,13943189,[],CHEMBL3129372,Displacement of [125I]-cyanopindolol from recombinant human beta-1 adrenergic receptor expressed in CHO cell membranes after 1 hr by scintillation counting analysis,B,,,BAO_0000190,BAO_0000219,cell-based format,O=C(Nc1ccc(C[C@@H]2CC[C@H]([C@H](O)c3cccnc3)N2)cc1)[C@@H]1CCc2ccnn21,,,CHEMBL3124772,J Med Chem,2014.0,,,CHEMBL3128188,,CHEMBL3128188,,0,http://www.openphacts.org/units/Nanomolar,1974350,>,1,1,>,,IC50,nM,,20000.0,CHEMBL213,Homo sapiens,Beta-1 adrenergic receptor,9606,,,IC50,nM,UO_0000065,,20000.0
,,13943190,[],CHEMBL3129372,Displacement of [125I]-cyanopindolol from recombinant human beta-1 adrenergic receptor expressed in CHO cell membranes after 1 hr by scintillation counting analysis,B,,,BAO_0000190,BAO_0000219,cell-based format,C[C@@H](C(=O)Nc1ccc(C[C@@H]2CC[C@H]([C@H](O)c3cccnc3)N2)cc1)n1cccn1,,,CHEMBL3124772,J Med Chem,2014.0,,,CHEMBL3128187,,CHEMBL3128187,,0,http://www.openphacts.org/units/Nanomolar,1974349,>,1,1,>,,IC50,nM,,20000.0,CHEMBL213,Homo sapiens,Beta-1 adrenergic receptor,9606,,,IC50,nM,UO_0000065,,20000.0
,,13943191,[],CHEMBL3129372,Displacement of [125I]-cyanopindolol from recombinant human beta-1 adrenergic receptor expressed in CHO cell membranes after 1 hr by scintillation counting analysis,B,,,BAO_0000190,BAO_0000219,cell-based format,O=C(Cn1cccn1)Nc1ccc(C[C@@H]2CC[C@H]([C@H](O)c3cccnc3)N2)cc1,,,CHEMBL3124772,J Med Chem,2014.0,,,CHEMBL3128186,,CHEMBL3128186,,0,http://www.openphacts.org/units/Nanomolar,1974348,>,1,1,>,,IC50,nM,,20000.0,CHEMBL213,Homo sapiens,Beta-1 adrenergic receptor,9606,,,IC50,nM,UO_0000065,,20000.0
,,13943192,[],CHEMBL3129372,Displacement of [125I]-cyanopindolol from recombinant human beta-1 adrenergic receptor expressed in CHO cell membranes after 1 hr by scintillation counting analysis,B,,,BAO_0000190,BAO_0000219,cell-based format,O=C(Nc1ccc(C[C@@H]2CC[C@H]([C@H](O)c3cccnc3)N2)cc1)[C@@H]1CCc2sc(C3CC3)nc21,,,CHEMBL3124772,J Med Chem,2014.0,,,CHEMBL3128183,,CHEMBL3128183,,0,http://www.openphacts.org/units/Nanomolar,1974345,>,1,1,>,,IC50,nM,,20000.0,CHEMBL213,Homo sapiens,Beta-1 adrenergic receptor,9606,,,IC50,nM,UO_0000065,,20000.0
,,13943193,[],CHEMBL3129372,Displacement of [125I]-cyanopindolol from recombinant human beta-1 adrenergic receptor expressed in CHO cell membranes after 1 hr by scintillation counting analysis,B,,,BAO_0000190,BAO_0000219,cell-based format,CCc1nc2c(s1)CC[C@H]2C(=O)Nc1ccc(C[C@@H]2CC[C@H]([C@H](O)c3cccnc3)N2)cc1,,,CHEMBL3124772,J Med Chem,2014.0,,,CHEMBL3128182,,CHEMBL3128182,,0,http://www.openphacts.org/units/Nanomolar,1974344,>,1,1,>,,IC50,nM,,20000.0,CHEMBL213,Homo sapiens,Beta-1 adrenergic receptor,9606,,,IC50,nM,UO_0000065,,20000.0
,,13943194,[],CHEMBL3129372,Displacement of [125I]-cyanopindolol from recombinant human beta-1 adrenergic receptor expressed in CHO cell membranes after 1 hr by scintillation counting analysis,B,,,BAO_0000190,BAO_0000219,cell-based format,CCc1nc2c(s1)CC[C@H]2C(=O)Nc1ccc(C[C@@H]2CC[C@H]([C@H](O)c3ccccc3)N2)cc1,,,CHEMBL3124772,J Med Chem,2014.0,,,CHEMBL3128181,,CHEMBL3128181,,0,http://www.openphacts.org/units/Nanomolar,1974343,>,1,1,>,,IC50,nM,,20000.0,CHEMBL213,Homo sapiens,Beta-1 adrenergic receptor,9606,,,IC50,nM,UO_0000065,,20000.0
,,13943195,[],CHEMBL3129372,Displacement of [125I]-cyanopindolol from recombinant human beta-1 adrenergic receptor expressed in CHO cell membranes after 1 hr by scintillation counting analysis,B,,,BAO_0000190,BAO_0000219,cell-based format,Cc1nc2c(s1)CC[C@H]2C(=O)Nc1ccc(C[C@@H]2CC[C@H]([C@H](O)c3cccnc3)N2)cc1,,,CHEMBL3124772,J Med Chem,2014.0,,,CHEMBL3128180,,CHEMBL3128180,,0,http://www.openphacts.org/units/Nanomolar,1974342,>,1,1,>,,IC50,nM,,20000.0,CHEMBL213,Homo sapiens,Beta-1 adrenergic receptor,9606,,,IC50,nM,UO_0000065,,20000.0
,,13943196,[],CHEMBL3129372,Displacement of [125I]-cyanopindolol from recombinant human beta-1 adrenergic receptor expressed in CHO cell membranes after 1 hr by scintillation counting analysis,B,,,BAO_0000190,BAO_0000219,cell-based format,Cc1nc2c(s1)CC[C@H]2C(=O)Nc1ccc(C[C@@H]2CC[C@H]([C@H](O)c3ccccc3)N2)cc1,,,CHEMBL3124772,J Med Chem,2014.0,,,CHEMBL3128179,,CHEMBL3128179,,0,http://www.openphacts.org/units/Nanomolar,1974341,>,1,1,>,,IC50,nM,,20000.0,CHEMBL213,Homo sapiens,Beta-1 adrenergic receptor,9606,,,IC50,nM,UO_0000065,,20000.0
,,13943197,[],CHEMBL3129372,Displacement of [125I]-cyanopindolol from recombinant human beta-1 adrenergic receptor expressed in CHO cell membranes after 1 hr by scintillation counting analysis,B,,,BAO_0000190,BAO_0000219,cell-based format,O=C(Nc1ccc(C[C@@H]2CC[C@H]([C@H](O)c3cccnc3)N2)cc1)[C@@H]1CCc2scnc21,,,CHEMBL3124772,J Med Chem,2014.0,,,CHEMBL3128178,,CHEMBL3128178,,0,http://www.openphacts.org/units/Nanomolar,1974340,>,1,1,>,,IC50,nM,,20000.0,CHEMBL213,Homo sapiens,Beta-1 adrenergic receptor,9606,,,IC50,nM,UO_0000065,,20000.0
,,13943198,[],CHEMBL3129372,Displacement of [125I]-cyanopindolol from recombinant human beta-1 adrenergic receptor expressed in CHO cell membranes after 1 hr by scintillation counting analysis,B,,,BAO_0000190,BAO_0000219,cell-based format,O=C(Nc1ccc(C[C@@H]2CC[C@H]([C@H](O)c3ccccc3)N2)cc1)[C@@H]1CCc2scnc21,,,CHEMBL3124772,J Med Chem,2014.0,,,CHEMBL3128177,,CHEMBL3128177,,0,http://www.openphacts.org/units/Nanomolar,1974339,>,1,1,>,,IC50,nM,,20000.0,CHEMBL213,Homo sapiens,Beta-1 adrenergic receptor,9606,,,IC50,nM,UO_0000065,,20000.0
,,13943199,[],CHEMBL3129372,Displacement of [125I]-cyanopindolol from recombinant human beta-1 adrenergic receptor expressed in CHO cell membranes after 1 hr by scintillation counting analysis,B,,,BAO_0000190,BAO_0000219,cell-based format,Nc1nc2c(s1)CC[C@H]2C(=O)Nc1ccc(C[C@@H]2CC[C@H]([C@H](O)c3cccnc3)N2)cc1,,,CHEMBL3124772,J Med Chem,2014.0,,,CHEMBL3128201,,CHEMBL3128201,,0,http://www.openphacts.org/units/Nanomolar,1974364,>,1,1,>,,IC50,nM,,20000.0,CHEMBL213,Homo sapiens,Beta-1 adrenergic receptor,9606,,,IC50,nM,UO_0000065,,20000.0
,,13943200,[],CHEMBL3129372,Displacement of [125I]-cyanopindolol from recombinant human beta-1 adrenergic receptor expressed in CHO cell membranes after 1 hr by scintillation counting analysis,B,,,BAO_0000190,BAO_0000219,cell-based format,Nc1nc2c(s1)CC[C@H]2C(=O)Nc1ccc(C[C@@H]2CC[C@H]([C@H](O)c3ccc(F)cc3)N2)cc1,,,CHEMBL3124772,J Med Chem,2014.0,,,CHEMBL3128200,,CHEMBL3128200,,0,http://www.openphacts.org/units/Nanomolar,1974363,>,1,1,>,,IC50,nM,,20000.0,CHEMBL213,Homo sapiens,Beta-1 adrenergic receptor,9606,,,IC50,nM,UO_0000065,,20000.0
,,13943201,[],CHEMBL3129372,Displacement of [125I]-cyanopindolol from recombinant human beta-1 adrenergic receptor expressed in CHO cell membranes after 1 hr by scintillation counting analysis,B,,,BAO_0000190,BAO_0000219,cell-based format,Nc1nc2c(s1)CC[C@H]2C(=O)Nc1ccc(C[C@@H]2CC[C@H]([C@H](O)c3cccc(F)c3)N2)cc1,,,CHEMBL3124772,J Med Chem,2014.0,,,CHEMBL3128199,,CHEMBL3128199,,0,http://www.openphacts.org/units/Nanomolar,1974362,>,1,1,>,,IC50,nM,,20000.0,CHEMBL213,Homo sapiens,Beta-1 adrenergic receptor,9606,,,IC50,nM,UO_0000065,,20000.0
,,13943202,[],CHEMBL3129372,Displacement of [125I]-cyanopindolol from recombinant human beta-1 adrenergic receptor expressed in CHO cell membranes after 1 hr by scintillation counting analysis,B,,,BAO_0000190,BAO_0000219,cell-based format,Nc1nc2c(s1)CC[C@H]2C(=O)Nc1ccc(C[C@@H]2CC[C@H]([C@H](O)c3cccc(Cl)c3)N2)cc1,,,CHEMBL3124772,J Med Chem,2014.0,,,CHEMBL3128198,,CHEMBL3128198,,0,http://www.openphacts.org/units/Nanomolar,1974361,>,1,1,>,,IC50,nM,,20000.0,CHEMBL213,Homo sapiens,Beta-1 adrenergic receptor,9606,,,IC50,nM,UO_0000065,,20000.0
,,13943203,[],CHEMBL3129372,Displacement of [125I]-cyanopindolol from recombinant human beta-1 adrenergic receptor expressed in CHO cell membranes after 1 hr by scintillation counting analysis,B,,,BAO_0000190,BAO_0000219,cell-based format,Nc1nc2c(s1)CCCC[C@H]2C(=O)Nc1ccc(C[C@@H]2CC[C@H]([C@H](O)c3ccccc3)N2)cc1,,,CHEMBL3124772,J Med Chem,2014.0,,,CHEMBL3128197,,CHEMBL3128197,,0,http://www.openphacts.org/units/Nanomolar,1974360,>,1,1,>,,IC50,nM,,20000.0,CHEMBL213,Homo sapiens,Beta-1 adrenergic receptor,9606,,,IC50,nM,UO_0000065,,20000.0
,,13943204,[],CHEMBL3129372,Displacement of [125I]-cyanopindolol from recombinant human beta-1 adrenergic receptor expressed in CHO cell membranes after 1 hr by scintillation counting analysis,B,,,BAO_0000190,BAO_0000219,cell-based format,Nc1nc2c(s1)CCC[C@H]2C(=O)Nc1ccc(C[C@@H]2CC[C@H]([C@H](O)c3ccccc3)N2)cc1,,,CHEMBL3124772,J Med Chem,2014.0,,,CHEMBL3128196,,CHEMBL3128196,,0,http://www.openphacts.org/units/Nanomolar,1974359,>,1,1,>,,IC50,nM,,20000.0,CHEMBL213,Homo sapiens,Beta-1 adrenergic receptor,9606,,,IC50,nM,UO_0000065,,20000.0
,,13943205,[],CHEMBL3129372,Displacement of [125I]-cyanopindolol from recombinant human beta-1 adrenergic receptor expressed in CHO cell membranes after 1 hr by scintillation counting analysis,B,,,BAO_0000190,BAO_0000219,cell-based format,Nc1nc2c(s1)CC[C@@H]2C(=O)Nc1ccc(C[C@@H]2CC[C@H]([C@H](O)c3ccccc3)N2)cc1,,,CHEMBL3124772,J Med Chem,2014.0,,,CHEMBL3128195,,CHEMBL3128195,,0,http://www.openphacts.org/units/Nanomolar,1974358,>,1,1,>,,IC50,nM,,20000.0,CHEMBL213,Homo sapiens,Beta-1 adrenergic receptor,9606,,,IC50,nM,UO_0000065,,20000.0
,,13943206,[],CHEMBL3129372,Displacement of [125I]-cyanopindolol from recombinant human beta-1 adrenergic receptor expressed in CHO cell membranes after 1 hr by scintillation counting analysis,B,,,BAO_0000190,BAO_0000219,cell-based format,Nc1nc2c(s1)CC[C@H]2C(=O)Nc1ccc(C[C@@H]2CC[C@H]([C@H](O)c3ccccc3)N2)cc1,,,CHEMBL3124772,J Med Chem,2014.0,,,CHEMBL3128194,,CHEMBL3128194,,0,http://www.openphacts.org/units/Nanomolar,1974357,>,1,1,>,,IC50,nM,,20000.0,CHEMBL213,Homo sapiens,Beta-1 adrenergic receptor,9606,,,IC50,nM,UO_0000065,,20000.0
,,13943207,[],CHEMBL3129372,Displacement of [125I]-cyanopindolol from recombinant human beta-1 adrenergic receptor expressed in CHO cell membranes after 1 hr by scintillation counting analysis,B,,,BAO_0000190,BAO_0000219,cell-based format,CC(C)[C@@H](C(=O)Nc1ccc(C[C@@H]2CC[C@H]([C@H](O)c3ccccc3)N2)cc1)c1csc(N)n1,,,CHEMBL3124772,J Med Chem,2014.0,,,CHEMBL3128193,,CHEMBL3128193,,0,http://www.openphacts.org/units/Nanomolar,1974356,>,1,1,>,,IC50,nM,,20000.0,CHEMBL213,Homo sapiens,Beta-1 adrenergic receptor,9606,,,IC50,nM,UO_0000065,,20000.0
,,13943208,[],CHEMBL3129372,Displacement of [125I]-cyanopindolol from recombinant human beta-1 adrenergic receptor expressed in CHO cell membranes after 1 hr by scintillation counting analysis,B,,,BAO_0000190,BAO_0000219,cell-based format,CCC[C@@H](C(=O)Nc1ccc(C[C@@H]2CC[C@H]([C@H](O)c3ccccc3)N2)cc1)c1csc(N)n1,,,CHEMBL3124772,J Med Chem,2014.0,,,CHEMBL3128192,,CHEMBL3128192,,0,http://www.openphacts.org/units/Nanomolar,1974355,>,1,1,>,,IC50,nM,,20000.0,CHEMBL213,Homo sapiens,Beta-1 adrenergic receptor,9606,,,IC50,nM,UO_0000065,,20000.0
,,13943209,[],CHEMBL3129372,Displacement of [125I]-cyanopindolol from recombinant human beta-1 adrenergic receptor expressed in CHO cell membranes after 1 hr by scintillation counting analysis,B,,,BAO_0000190,BAO_0000219,cell-based format,CC[C@@H](C(=O)Nc1ccc(C[C@@H]2CC[C@H]([C@H](O)c3ccccc3)N2)cc1)c1csc(N)n1,,,CHEMBL3124772,J Med Chem,2014.0,,,CHEMBL3128191,,CHEMBL3128191,,0,http://www.openphacts.org/units/Nanomolar,1974354,>,1,1,>,,IC50,nM,,20000.0,CHEMBL213,Homo sapiens,Beta-1 adrenergic receptor,9606,,,IC50,nM,UO_0000065,,20000.0
,,13943210,[],CHEMBL3129372,Displacement of [125I]-cyanopindolol from recombinant human beta-1 adrenergic receptor expressed in CHO cell membranes after 1 hr by scintillation counting analysis,B,,,BAO_0000190,BAO_0000219,cell-based format,C[C@H](C(=O)Nc1ccc(C[C@@H]2CC[C@H]([C@H](O)c3ccccc3)N2)cc1)c1csc(N)n1,,,CHEMBL3124772,J Med Chem,2014.0,,,CHEMBL3128190,,CHEMBL3128190,,0,http://www.openphacts.org/units/Nanomolar,1974353,>,1,1,>,,IC50,nM,,20000.0,CHEMBL213,Homo sapiens,Beta-1 adrenergic receptor,9606,,,IC50,nM,UO_0000065,,20000.0
,,13943211,[],CHEMBL3129372,Displacement of [125I]-cyanopindolol from recombinant human beta-1 adrenergic receptor expressed in CHO cell membranes after 1 hr by scintillation counting analysis,B,,,BAO_0000190,BAO_0000219,cell-based format,C[C@@H](C(=O)Nc1ccc(C[C@@H]2CC[C@H]([C@H](O)c3ccccc3)N2)cc1)c1csc(N)n1,,,CHEMBL3124772,J Med Chem,2014.0,,,CHEMBL3128189,,CHEMBL3128189,,0,http://www.openphacts.org/units/Nanomolar,1974352,>,1,1,>,,IC50,nM,,20000.0,CHEMBL213,Homo sapiens,Beta-1 adrenergic receptor,9606,,,IC50,nM,UO_0000065,,20000.0
,,13943212,[],CHEMBL3129372,Displacement of [125I]-cyanopindolol from recombinant human beta-1 adrenergic receptor expressed in CHO cell membranes after 1 hr by scintillation counting analysis,B,,,BAO_0000190,BAO_0000219,cell-based format,Nc1nc(CC(=O)Nc2ccc(C[C@@H]3CC[C@H]([C@H](O)c4ccccc4)N3)cc2)cs1,,,CHEMBL3124772,J Med Chem,2014.0,,,CHEMBL1684585,,CHEMBL1684585,,1,http://www.openphacts.org/units/Nanomolar,1974351,>,1,1,>,,IC50,nM,,20000.0,CHEMBL213,Homo sapiens,Beta-1 adrenergic receptor,9606,,,IC50,nM,UO_0000065,,20000.0
,,13943226,[],CHEMBL3129372,Displacement of [125I]-cyanopindolol from recombinant human beta-1 adrenergic receptor expressed in CHO cell membranes after 1 hr by scintillation counting analysis,B,,,BAO_0000190,BAO_0000219,cell-based format,O=C(Nc1ccc(C[C@@H]2CC[C@H]([C@H](O)c3cccnc3)N2)cc1)[C@@H]1CCc2sc(-c3ccc(F)cc3)nc21,,,CHEMBL3124772,J Med Chem,2014.0,"{'bei': '9.22', 'le': '0.18', 'lle': '-0.54', 'sei': '5.59'}",,CHEMBL3128185,,CHEMBL3128185,4.88,0,http://www.openphacts.org/units/Nanomolar,1974347,=,1,1,=,,IC50,nM,,13340.0,CHEMBL213,Homo sapiens,Beta-1 adrenergic receptor,9606,,,IC50,nM,UO_0000065,,13340.0
,,13943228,[],CHEMBL3129372,Displacement of [125I]-cyanopindolol from recombinant human beta-1 adrenergic receptor expressed in CHO cell membranes after 1 hr by scintillation counting analysis,B,,,BAO_0000190,BAO_0000219,cell-based format,O=C(Nc1ccc(C[C@@H]2CC[C@H]([C@H](O)c3ccccc3)N2)cc1)[C@@H]1CCc2sc(-c3ccc(F)cc3)nc21,,,CHEMBL3124772,J Med Chem,2014.0,"{'bei': '10.16', 'le': '0.19', 'lle': '-0.65', 'sei': '7.22'}",,CHEMBL3128184,,CHEMBL3128184,5.36,0,http://www.openphacts.org/units/Nanomolar,1974346,=,1,1,=,,IC50,nM,,4329.0,CHEMBL213,Homo sapiens,Beta-1 adrenergic receptor,9606,,,IC50,nM,UO_0000065,,4329.0
,,16387359,[],CHEMBL3738005,Antagonist activity at human beta1 receptor expressed in CHO-K1 cells assessed as isoproterenol-induced cAMP level by HTRF assay,F,,,BAO_0000190,BAO_0000219,cell-based format,CC(C)NCC(O)COc1cccc2ccccc12,,,CHEMBL3734721,J Med Chem,2015.0,,,CHEMBL27,PROPRANOLOL,CHEMBL27,6.60,0,http://www.openphacts.org/units/Nanomolar,2735487,=,1,1,=,,IC50,nM,,251.19,CHEMBL213,Homo sapiens,Beta-1 adrenergic receptor,9606,,,pIC50,,UO_0000065,,6.6
,,16387360,[],CHEMBL3738005,Antagonist activity at human beta1 receptor expressed in CHO-K1 cells assessed as isoproterenol-induced cAMP level by HTRF assay,F,,,BAO_0000190,BAO_0000219,cell-based format,CB1C=Cc2cccc(OCC(O)CN(C)C)c2N1,,,CHEMBL3734721,J Med Chem,2015.0,,,CHEMBL3736433,,CHEMBL3736433,6.20,0,http://www.openphacts.org/units/Nanomolar,2735488,=,1,1,=,,IC50,nM,,630.96,CHEMBL213,Homo sapiens,Beta-1 adrenergic receptor,9606,,,pIC50,,UO_0000065,,6.2
,,16387361,[],CHEMBL3738005,Antagonist activity at human beta1 receptor expressed in CHO-K1 cells assessed as isoproterenol-induced cAMP level by HTRF assay,F,,,BAO_0000190,BAO_0000219,cell-based format,CB1C=Cc2c(cccc2OCC(O)CN(C)C)N1,,,CHEMBL3734721,J Med Chem,2015.0,,,CHEMBL3736156,,CHEMBL3736156,6.70,0,http://www.openphacts.org/units/Nanomolar,2735489,=,1,1,=,,IC50,nM,,199.53,CHEMBL213,Homo sapiens,Beta-1 adrenergic receptor,9606,,,pIC50,,UO_0000065,,6.7
,,16420580,[],CHEMBL3750558,Displacement of [125I]CYP from human beta-1 adrenergic receptor expressed in CHO cell membrane after 1 hr by scintillation counting method,B,,,BAO_0000190,BAO_0000219,cell-based format,Nc1nc(CNC(=O)c2ccc(C[C@@H]3CC[C@H]([C@H](O)c4ccccc4)N3)cc2)cs1,,,CHEMBL3745665,Bioorg Med Chem Lett,2016.0,,,CHEMBL3746068,,CHEMBL3746068,,0,http://www.openphacts.org/units/Nanomolar,2742196,>,1,1,>,,IC50,nM,,20000.0,CHEMBL213,Homo sapiens,Beta-1 adrenergic receptor,9606,,,IC50,nM,UO_0000065,,20000.0
,,16420581,[],CHEMBL3750558,Displacement of [125I]CYP from human beta-1 adrenergic receptor expressed in CHO cell membrane after 1 hr by scintillation counting method,B,,,BAO_0000190,BAO_0000219,cell-based format,CCOC(=O)C1CCN(C(=O)c2ccc(C[C@@H]3CC[C@H]([C@H](O)c4ccccc4)N3)cc2)CC1,,,CHEMBL3745665,Bioorg Med Chem Lett,2016.0,,,CHEMBL3747487,,CHEMBL3747487,,0,http://www.openphacts.org/units/Nanomolar,2742197,>,1,1,>,,IC50,nM,,20000.0,CHEMBL213,Homo sapiens,Beta-1 adrenergic receptor,9606,,,IC50,nM,UO_0000065,,20000.0
,,16420582,[],CHEMBL3750558,Displacement of [125I]CYP from human beta-1 adrenergic receptor expressed in CHO cell membrane after 1 hr by scintillation counting method,B,,,BAO_0000190,BAO_0000219,cell-based format,O=C(c1ccc(C[C@@H]2CC[C@H]([C@H](O)c3ccccc3)N2)cc1)N1CCC2(CCOC2=O)CC1,,,CHEMBL3745665,Bioorg Med Chem Lett,2016.0,,,CHEMBL3747244,,CHEMBL3747244,,0,http://www.openphacts.org/units/Nanomolar,2742198,>,1,1,>,,IC50,nM,,20000.0,CHEMBL213,Homo sapiens,Beta-1 adrenergic receptor,9606,,,IC50,nM,UO_0000065,,20000.0
,,16420583,[],CHEMBL3750558,Displacement of [125I]CYP from human beta-1 adrenergic receptor expressed in CHO cell membrane after 1 hr by scintillation counting method,B,,,BAO_0000190,BAO_0000219,cell-based format,CC1(C)CC2(CCN(C(=O)c3ccc(C[C@@H]4CC[C@H]([C@H](O)c5ccccc5)N4)cc3)CC2)C(=O)O1,,,CHEMBL3745665,Bioorg Med Chem Lett,2016.0,,,CHEMBL3746280,,CHEMBL3746280,,0,http://www.openphacts.org/units/Nanomolar,2742199,>,1,1,>,,IC50,nM,,20000.0,CHEMBL213,Homo sapiens,Beta-1 adrenergic receptor,9606,,,IC50,nM,UO_0000065,,20000.0
,,16420584,[],CHEMBL3750558,Displacement of [125I]CYP from human beta-1 adrenergic receptor expressed in CHO cell membrane after 1 hr by scintillation counting method,B,,,BAO_0000190,BAO_0000219,cell-based format,CCS(=O)(=O)C1CCN(C(=O)c2ccc(C[C@@H]3CC[C@H]([C@H](O)c4ccccc4)N3)cc2)CC1,,,CHEMBL3745665,Bioorg Med Chem Lett,2016.0,,,CHEMBL3747710,,CHEMBL3747710,,0,http://www.openphacts.org/units/Nanomolar,2742200,>,1,1,>,,IC50,nM,,20000.0,CHEMBL213,Homo sapiens,Beta-1 adrenergic receptor,9606,,,IC50,nM,UO_0000065,,20000.0
,,16420585,[],CHEMBL3750558,Displacement of [125I]CYP from human beta-1 adrenergic receptor expressed in CHO cell membrane after 1 hr by scintillation counting method,B,,,BAO_0000190,BAO_0000219,cell-based format,CCOC(=O)[C@H]1[C@@H]2CN(C(=O)c3ccc(C[C@@H]4CC[C@H]([C@H](O)c5ccccc5)N4)cc3)C[C@@H]21,,,CHEMBL3745665,Bioorg Med Chem Lett,2016.0,,,CHEMBL3747546,,CHEMBL3747546,,0,http://www.openphacts.org/units/Nanomolar,2742201,>,1,1,>,,IC50,nM,,20000.0,CHEMBL213,Homo sapiens,Beta-1 adrenergic receptor,9606,,,IC50,nM,UO_0000065,,20000.0
,,16420586,[],CHEMBL3750558,Displacement of [125I]CYP from human beta-1 adrenergic receptor expressed in CHO cell membrane after 1 hr by scintillation counting method,B,,,BAO_0000190,BAO_0000219,cell-based format,CCOC(=O)[C@@H]1[C@@H]2CN(C(=O)c3ccc(C[C@@H]4CC[C@H]([C@H](O)c5ccccc5)N4)cc3)C[C@@H]21,,,CHEMBL3745665,Bioorg Med Chem Lett,2016.0,,,CHEMBL3746885,,CHEMBL3746885,,0,http://www.openphacts.org/units/Nanomolar,2742202,>,1,1,>,,IC50,nM,,20000.0,CHEMBL213,Homo sapiens,Beta-1 adrenergic receptor,9606,,,IC50,nM,UO_0000065,,20000.0
,,16420587,[],CHEMBL3750558,Displacement of [125I]CYP from human beta-1 adrenergic receptor expressed in CHO cell membrane after 1 hr by scintillation counting method,B,,,BAO_0000190,BAO_0000219,cell-based format,O=C(c1ccc(C[C@@H]2CC[C@H]([C@H](O)c3ccccc3)N2)cc1)N1C[C@@H]2[C@H](C1)[C@H]2c1nnco1,,,CHEMBL3745665,Bioorg Med Chem Lett,2016.0,,,CHEMBL3747356,,CHEMBL3747356,,0,http://www.openphacts.org/units/Nanomolar,2742203,>,1,1,>,,IC50,nM,,20000.0,CHEMBL213,Homo sapiens,Beta-1 adrenergic receptor,9606,,,IC50,nM,UO_0000065,,20000.0
,,16420588,[],CHEMBL3750558,Displacement of [125I]CYP from human beta-1 adrenergic receptor expressed in CHO cell membrane after 1 hr by scintillation counting method,B,,,BAO_0000190,BAO_0000219,cell-based format,CCc1nnc([C@H]2[C@@H]3CN(C(=O)c4ccc(C[C@@H]5CC[C@H]([C@H](O)c6ccccc6)N5)cc4)C[C@@H]32)o1,,,CHEMBL3745665,Bioorg Med Chem Lett,2016.0,,,CHEMBL3747455,,CHEMBL3747455,,0,http://www.openphacts.org/units/Nanomolar,2742204,>,1,1,>,,IC50,nM,,20000.0,CHEMBL213,Homo sapiens,Beta-1 adrenergic receptor,9606,,,IC50,nM,UO_0000065,,20000.0
,,16420589,[],CHEMBL3750558,Displacement of [125I]CYP from human beta-1 adrenergic receptor expressed in CHO cell membrane after 1 hr by scintillation counting method,B,,,BAO_0000190,BAO_0000219,cell-based format,Cn1nnc([C@H]2[C@@H]3CN(C(=O)c4ccc(C[C@@H]5CC[C@H]([C@H](O)c6ccccc6)N5)cc4)C[C@@H]32)n1,,,CHEMBL3745665,Bioorg Med Chem Lett,2016.0,,,CHEMBL3745890,,CHEMBL3745890,,0,http://www.openphacts.org/units/Nanomolar,2742205,>,1,1,>,,IC50,nM,,20000.0,CHEMBL213,Homo sapiens,Beta-1 adrenergic receptor,9606,,,IC50,nM,UO_0000065,,20000.0
,,16464525,[],CHEMBL3767774,Displacement of [125]I-cyanopindolol from recombinant human beta1 adrenergic receptor after 1 hr by scintillation counting method,B,,,BAO_0000190,BAO_0000357,single protein format,O=S(=O)(Nc1ccc(CCNC[C@H](O)c2cccnc2)cc1)c1ccc(-c2nc(-c3ccc(C(F)(F)F)cc3)cs2)cc1,,,CHEMBL3763146,J Med Chem,2016.0,"{'bei': '9.60', 'le': '0.19', 'lle': '-0.56', 'sei': '5.76'}",,CHEMBL111201,,CHEMBL111201,6.00,0,http://www.openphacts.org/units/Nanomolar,2756994,=,1,1,=,,IC50,nM,,1000.0,CHEMBL213,Homo sapiens,Beta-1 adrenergic receptor,9606,,,IC50,uM,UO_0000065,,1.0
,,16464526,[],CHEMBL3767774,Displacement of [125]I-cyanopindolol from recombinant human beta1 adrenergic receptor after 1 hr by scintillation counting method,B,,,BAO_0000190,BAO_0000357,single protein format,Nc1nc(CC(=O)Nc2ccc(C[C@@H]3CC[C@H]([C@H](O)c4ccccc4)N3)cc2)cs1,,,CHEMBL3763146,J Med Chem,2016.0,,,CHEMBL1684585,,CHEMBL1684585,,1,http://www.openphacts.org/units/Nanomolar,2756995,>,1,1,>,,IC50,nM,,20000.0,CHEMBL213,Homo sapiens,Beta-1 adrenergic receptor,9606,,,IC50,uM,UO_0000065,,20.0
,,16464527,[],CHEMBL3767774,Displacement of [125]I-cyanopindolol from recombinant human beta1 adrenergic receptor after 1 hr by scintillation counting method,B,,,BAO_0000190,BAO_0000357,single protein format,O=C(Nc1ccc(C[C@@H]2CC[C@H]([C@H](O)c3cccnc3)N2)cc1)[C@@H]1CCc2scnc21,,,CHEMBL3763146,J Med Chem,2016.0,,,CHEMBL3128178,,CHEMBL3128178,,1,http://www.openphacts.org/units/Nanomolar,2756996,>,1,1,>,,IC50,nM,,20000.0,CHEMBL213,Homo sapiens,Beta-1 adrenergic receptor,9606,,,IC50,uM,UO_0000065,,20.0
,,16464528,[],CHEMBL3767774,Displacement of [125]I-cyanopindolol from recombinant human beta1 adrenergic receptor after 1 hr by scintillation counting method,B,,,BAO_0000190,BAO_0000357,single protein format,O=C(Nc1ccc(C[C@@H]2CC[C@H]([C@H](O)c3cccnc3)N2)cc1)[C@@H]1CCc2ccnn21,,,CHEMBL3763146,J Med Chem,2016.0,,,CHEMBL3128188,,CHEMBL3128188,,1,http://www.openphacts.org/units/Nanomolar,2756997,>,1,1,>,,IC50,nM,,20000.0,CHEMBL213,Homo sapiens,Beta-1 adrenergic receptor,9606,,,IC50,uM,UO_0000065,,20.0
,,16464529,[],CHEMBL3767774,Displacement of [125]I-cyanopindolol from recombinant human beta1 adrenergic receptor after 1 hr by scintillation counting method,B,,,BAO_0000190,BAO_0000357,single protein format,O=C(Cn1cnc2ccccc2c1=O)Nc1ccc(C[C@@H]2CC[C@H]([C@H](O)c3ccccc3)N2)cc1,,,CHEMBL3763146,J Med Chem,2016.0,,,CHEMBL3764774,,CHEMBL3764774,,0,http://www.openphacts.org/units/Nanomolar,2756998,>,1,1,>,,IC50,nM,,20000.0,CHEMBL213,Homo sapiens,Beta-1 adrenergic receptor,9606,,,IC50,uM,UO_0000065,,20.0
,,16464530,[],CHEMBL3767774,Displacement of [125]I-cyanopindolol from recombinant human beta1 adrenergic receptor after 1 hr by scintillation counting method,B,,,BAO_0000190,BAO_0000357,single protein format,O=C(Cn1ncccc1=O)Nc1ccc(C[C@@H]2CC[C@H]([C@H](O)c3ccccc3)N2)cc1,,,CHEMBL3763146,J Med Chem,2016.0,,,CHEMBL3764088,,CHEMBL3764088,,0,http://www.openphacts.org/units/Nanomolar,2756999,>,1,1,>,,IC50,nM,,20000.0,CHEMBL213,Homo sapiens,Beta-1 adrenergic receptor,9606,,,IC50,uM,UO_0000065,,20.0
,,16464531,[],CHEMBL3767774,Displacement of [125]I-cyanopindolol from recombinant human beta1 adrenergic receptor after 1 hr by scintillation counting method,B,,,BAO_0000190,BAO_0000357,single protein format,O=C(Cn1cnccc1=O)Nc1ccc(C[C@@H]2CC[C@H]([C@H](O)c3ccccc3)N2)cc1,,,CHEMBL3763146,J Med Chem,2016.0,,,CHEMBL3764950,,CHEMBL3764950,,0,http://www.openphacts.org/units/Nanomolar,2757000,>,1,1,>,,IC50,nM,,20000.0,CHEMBL213,Homo sapiens,Beta-1 adrenergic receptor,9606,,,IC50,uM,UO_0000065,,20.0
,,16464532,[],CHEMBL3767774,Displacement of [125]I-cyanopindolol from recombinant human beta1 adrenergic receptor after 1 hr by scintillation counting method,B,,,BAO_0000190,BAO_0000357,single protein format,O=C(Cn1cccnc1=O)Nc1ccc(C[C@@H]2CC[C@H]([C@H](O)c3ccccc3)N2)cc1,,,CHEMBL3763146,J Med Chem,2016.0,,,CHEMBL3763594,,CHEMBL3763594,,0,http://www.openphacts.org/units/Nanomolar,2757001,>,1,1,>,,IC50,nM,,20000.0,CHEMBL213,Homo sapiens,Beta-1 adrenergic receptor,9606,,,IC50,uM,UO_0000065,,20.0
,,16464533,[],CHEMBL3767774,Displacement of [125]I-cyanopindolol from recombinant human beta1 adrenergic receptor after 1 hr by scintillation counting method,B,,,BAO_0000190,BAO_0000357,single protein format,O=C(Cn1ccccc1=O)Nc1ccc(C[C@@H]2CC[C@H]([C@H](O)c3ccccc3)N2)cc1,,,CHEMBL3763146,J Med Chem,2016.0,,,CHEMBL3764592,,CHEMBL3764592,,0,http://www.openphacts.org/units/Nanomolar,2757207,>,1,1,>,,IC50,nM,,20000.0,CHEMBL213,Homo sapiens,Beta-1 adrenergic receptor,9606,,,IC50,uM,UO_0000065,,20.0
,,16464534,[],CHEMBL3767774,Displacement of [125]I-cyanopindolol from recombinant human beta1 adrenergic receptor after 1 hr by scintillation counting method,B,,,BAO_0000190,BAO_0000357,single protein format,C[C@@H](C(=O)Nc1ccc(C[C@@H]2CC[C@H]([C@H](O)c3ccccc3)N2)cc1)n1ncccc1=O,,,CHEMBL3763146,J Med Chem,2016.0,,,CHEMBL3765335,,CHEMBL3765335,,0,http://www.openphacts.org/units/Nanomolar,2757208,>,1,1,>,,IC50,nM,,20000.0,CHEMBL213,Homo sapiens,Beta-1 adrenergic receptor,9606,,,IC50,uM,UO_0000065,,20.0
,,16464535,[],CHEMBL3767774,Displacement of [125]I-cyanopindolol from recombinant human beta1 adrenergic receptor after 1 hr by scintillation counting method,B,,,BAO_0000190,BAO_0000357,single protein format,C[C@@H](C(=O)Nc1ccc(C[C@@H]2CC[C@H]([C@H](O)c3cccnc3)N2)cc1)n1ncccc1=O,,,CHEMBL3763146,J Med Chem,2016.0,,,CHEMBL3763998,,CHEMBL3763998,,0,http://www.openphacts.org/units/Nanomolar,2757209,>,1,1,>,,IC50,nM,,20000.0,CHEMBL213,Homo sapiens,Beta-1 adrenergic receptor,9606,,,IC50,uM,UO_0000065,,20.0
,,16464536,[],CHEMBL3767774,Displacement of [125]I-cyanopindolol from recombinant human beta1 adrenergic receptor after 1 hr by scintillation counting method,B,,,BAO_0000190,BAO_0000357,single protein format,O=C(Nc1ccc(C[C@@H]2CC[C@H]([C@H](O)c3ccccc3)N2)cc1)[C@@H]1CCc2cccc(=O)n21,,,CHEMBL3763146,J Med Chem,2016.0,,,CHEMBL3763934,,CHEMBL3763934,,0,http://www.openphacts.org/units/Nanomolar,2757210,>,1,1,>,,IC50,nM,,20000.0,CHEMBL213,Homo sapiens,Beta-1 adrenergic receptor,9606,,,IC50,uM,UO_0000065,,20.0
,,16464537,[],CHEMBL3767774,Displacement of [125]I-cyanopindolol from recombinant human beta1 adrenergic receptor after 1 hr by scintillation counting method,B,,,BAO_0000190,BAO_0000357,single protein format,O=C(Nc1ccc(C[C@@H]2CC[C@H]([C@H](O)c3ccccc3)N2)cc1)[C@@H]1CCc2nccc(=O)n21,,,CHEMBL3763146,J Med Chem,2016.0,,,CHEMBL2107826,VIBEGRON,CHEMBL2107826,,0,http://www.openphacts.org/units/Nanomolar,2757211,>,1,1,>,,IC50,nM,,20000.0,CHEMBL213,Homo sapiens,Beta-1 adrenergic receptor,9606,,,IC50,uM,UO_0000065,,20.0
,,16501839,[],CHEMBL3779528,Displacement of [3H](-)CGP12177 from human recombinant Beta-1 adrenergic receptor expressed in HEK293 cells,B,,,BAO_0000190,BAO_0000219,cell-based format,CC(C)NCC(O)COc1ccc(CC(N)=O)cc1,,,CHEMBL3774372,Bioorg Med Chem,2016.0,"{'bei': '25.07', 'le': '0.48', 'lle': '6.23', 'sei': '7.90'}",,CHEMBL24,ATENOLOL,CHEMBL24,6.68,0,http://www.openphacts.org/units/Nanomolar,2762817,=,1,1,=,,IC50,nM,,210.0,CHEMBL213,Homo sapiens,Beta-1 adrenergic receptor,9606,,,IC50,10'-7M,UO_0000065,,2.1
,,16838403,[],CHEMBL3876341,Displacement of [3H]CGP 12177 from human recombinant beta1 adrenergic receptor expressed in HEK293 cells measured after 60 mins by scintillation counting method,B,,,BAO_0000190,BAO_0000219,cell-based format,CC(C)NCC(O)COc1ccc(CC(N)=O)cc1,,,CHEMBL3875185,Bioorg Med Chem,2017.0,"{'bei': '25.07', 'le': '0.48', 'lle': '6.23', 'sei': '7.90'}",,CHEMBL24,ATENOLOL,CHEMBL24,6.68,1,http://www.openphacts.org/units/Nanomolar,2815512,=,1,1,=,,IC50,nM,,210.0,CHEMBL213,Homo sapiens,Beta-1 adrenergic receptor,9606,,,IC50,10'-7M,UO_0000065,,2.1
,321185,17701076,[],CHEMBL3706172,"Inhibition Assay: Human recombinant adrenergic β1 receptors expressed in CHO-K1 cells are used in modified Tris-HCl buffer pH 7.4. A 25 aliquot is incubated with 0.03 nM [125I]Cyanopindolol for 120 minutes at 25° C. Non-specific binding is estimated in the presence of 100 μM S(−)-Propranolol. Receptors are filtered and washed, the filters are then counted to determine [125I]Cyanopindolol specifically bound. Compounds are screened at 10 μM.",B,,,BAO_0000190,BAO_0000219,cell-based format,N#CC1CCCN1C(=O)CNCC(O)COc1ccccc1,,,CHEMBL3639212,,2015.0,"{'bei': '15.72', 'le': '0.30', 'lle': '4.24', 'sei': '5.57'}",,CHEMBL3704833,,CHEMBL3704833,4.77,0,http://www.openphacts.org/units/Nanomolar,2582362,=,37,1,=,,IC50,nM,,17000.0,CHEMBL213,Homo sapiens,Beta-1 adrenergic receptor,9606,,,IC50,nM,UO_0000065,,17000.0
,,18010704,[],CHEMBL4004024,Activity at human beta1 adrenergic receptor,B,,,BAO_0000190,BAO_0000357,single protein format,Cc1nnc(-c2cccc(CN3CCN(C(=O)c4ccc(C[C@@H]5CC[C@H]([C@H](O)c6ccccc6)N5)cc4)CC3)n2)o1,,,CHEMBL4002615,Bioorg Med Chem Lett,2017.0,,,CHEMBL4095361,,CHEMBL4095361,,0,http://www.openphacts.org/units/Nanomolar,2984597,>,1,1,>,,IC50,nM,,20000.0,CHEMBL213,Homo sapiens,Beta-1 adrenergic receptor,9606,,,IC50,nM,UO_0000065,,20000.0
,,18010722,[],CHEMBL4004024,Activity at human beta1 adrenergic receptor,B,,,BAO_0000190,BAO_0000357,single protein format,O=C(c1ccc(C[C@@H]2CC[C@H]([C@H](O)c3ccccc3)N2)cc1)N1CCN(Cc2ccccn2)CC1,,,CHEMBL4002615,Bioorg Med Chem Lett,2017.0,,,CHEMBL4073137,,CHEMBL4073137,,0,http://www.openphacts.org/units/Nanomolar,2984596,>,1,1,>,,IC50,nM,,20000.0,CHEMBL213,Homo sapiens,Beta-1 adrenergic receptor,9606,,,IC50,nM,UO_0000065,,20000.0
,,18010746,[],CHEMBL4004024,Activity at human beta1 adrenergic receptor,B,,,BAO_0000190,BAO_0000357,single protein format,Cc1noc(-c2cccc(CN3CCN(C(=O)c4ccc(C[C@@H]5CC[C@H]([C@H](O)c6ccccc6)N5)cc4)CC3)n2)n1,,,CHEMBL4002615,Bioorg Med Chem Lett,2017.0,,,CHEMBL4074920,,CHEMBL4074920,,0,http://www.openphacts.org/units/Nanomolar,2984598,>,1,1,>,,IC50,nM,,20000.0,CHEMBL213,Homo sapiens,Beta-1 adrenergic receptor,9606,,,IC50,nM,UO_0000065,,20000.0
,,18010757,[],CHEMBL4004024,Activity at human beta1 adrenergic receptor,B,,,BAO_0000190,BAO_0000357,single protein format,O=C(c1ccc(C[C@@H]2CC[C@H]([C@H](O)c3ccccc3)N2)cc1)N1CCN(Cc2ncn(CC(F)F)n2)CC1,,,CHEMBL4002615,Bioorg Med Chem Lett,2017.0,,,CHEMBL4087670,,CHEMBL4087670,,0,http://www.openphacts.org/units/Nanomolar,2984599,>,1,1,>,,IC50,nM,,20000.0,CHEMBL213,Homo sapiens,Beta-1 adrenergic receptor,9606,,,IC50,nM,UO_0000065,,20000.0
,,18010770,[],CHEMBL4004024,Activity at human beta1 adrenergic receptor,B,,,BAO_0000190,BAO_0000357,single protein format,O=C(c1ccc(C[C@@H]2CC[C@H]([C@H](O)c3ccccc3)N2)cc1)N1CCN(Cc2ncn(CC(F)(F)F)n2)CC1,,,CHEMBL4002615,Bioorg Med Chem Lett,2017.0,,,CHEMBL4066314,,CHEMBL4066314,,0,http://www.openphacts.org/units/Nanomolar,2984600,>,1,1,>,,IC50,nM,,20000.0,CHEMBL213,Homo sapiens,Beta-1 adrenergic receptor,9606,,,IC50,nM,UO_0000065,,20000.0
,,18010783,[],CHEMBL4004024,Activity at human beta1 adrenergic receptor,B,,,BAO_0000190,BAO_0000357,single protein format,CCn1nnc(CN2CCN(C(=O)c3ccc(C[C@@H]4CC[C@H]([C@H](O)c5ccccc5)N4)cc3)CC2)n1,,,CHEMBL4002615,Bioorg Med Chem Lett,2017.0,,,CHEMBL4065251,,CHEMBL4065251,,0,http://www.openphacts.org/units/Nanomolar,2984601,>,1,1,>,,IC50,nM,,20000.0,CHEMBL213,Homo sapiens,Beta-1 adrenergic receptor,9606,,,IC50,nM,UO_0000065,,20000.0
,,18010791,[],CHEMBL4004024,Activity at human beta1 adrenergic receptor,B,,,BAO_0000190,BAO_0000357,single protein format,O=C(c1ccc(C[C@@H]2CC[C@H]([C@H](O)c3ccccc3)N2)cc1)N1CCN(Cc2nnn(CC3CC3)n2)CC1,,,CHEMBL4002615,Bioorg Med Chem Lett,2017.0,,,CHEMBL4092912,,CHEMBL4092912,,0,http://www.openphacts.org/units/Nanomolar,2984602,>,1,1,>,,IC50,nM,,20000.0,CHEMBL213,Homo sapiens,Beta-1 adrenergic receptor,9606,,,IC50,nM,UO_0000065,,20000.0
,,18010800,[],CHEMBL4004024,Activity at human beta1 adrenergic receptor,B,,,BAO_0000190,BAO_0000357,single protein format,O=C(c1ccc(C[C@@H]2CC[C@H]([C@H](O)c3ccccc3)N2)cc1)N1CCN(Cc2nnn(CC(F)F)n2)CC1,,,CHEMBL4002615,Bioorg Med Chem Lett,2017.0,,,CHEMBL4103112,,CHEMBL4103112,,0,http://www.openphacts.org/units/Nanomolar,2984603,>,1,1,>,,IC50,nM,,20000.0,CHEMBL213,Homo sapiens,Beta-1 adrenergic receptor,9606,,,IC50,nM,UO_0000065,,20000.0
,,18010825,[],CHEMBL4004024,Activity at human beta1 adrenergic receptor,B,,,BAO_0000190,BAO_0000357,single protein format,O=C(c1ccc(C[C@@H]2CC[C@H]([C@H](O)c3ccccc3)N2)cc1)N1CCN(Cc2nnn(CC(F)(F)F)n2)CC1,,,CHEMBL4002615,Bioorg Med Chem Lett,2017.0,,,CHEMBL4085173,,CHEMBL4085173,,0,http://www.openphacts.org/units/Nanomolar,2984604,>,1,1,>,,IC50,nM,,20000.0,CHEMBL213,Homo sapiens,Beta-1 adrenergic receptor,9606,,,IC50,nM,UO_0000065,,20000.0
,,18286235,[],CHEMBL4121470,Displacement of [3H](-)CGP 12177 from human beta1 adrenoceptor after 60 mins by scintillation counting analysis,B,,,BAO_0000190,BAO_0000357,single protein format,CC(C)(C)NS(=O)(=O)c1ccc(-c2sc(C(=O)N[C@H]3C[C@H](C(=O)O)C3)nc2CC2CCCCC2)c2ccccc12,,,CHEMBL4118122,Bioorg Med Chem Lett,2018.0,"{'bei': '11.18', 'le': '0.22', 'lle': '0.77', 'sei': '5.20'}",,CHEMBL4128926,,CHEMBL4128926,6.53,0,http://www.openphacts.org/units/Nanomolar,3035290,=,1,1,=,,IC50,nM,,297.0,CHEMBL213,Homo sapiens,Beta-1 adrenergic receptor,9606,,,IC50,nM,UO_0000065,,297.0
,,18724299,[],CHEMBL4258827,Displacement of [3H]-CGP-12177 from human beta1-adrenergic receptor,B,,,BAO_0000190,BAO_0000357,single protein format,COc1cc2c3c(c1OC)-c1ccccc1[C@@H](O)[C@@H]3NCC2,,,CHEMBL4257493,Medchemcomm,2018.0,"{'bei': '29.49', 'le': '0.54', 'lle': '6.17', 'sei': '17.29'}",,CHEMBL4285281,,CHEMBL4285281,8.77,0,http://www.openphacts.org/units/Nanomolar,3110801,=,1,1,=,,IC50,nM,,1.7,CHEMBL213,Homo sapiens,Beta-1 adrenergic receptor,9606,,,IC50,uM,UO_0000065,,0.0017
,,18724302,[],CHEMBL4258830,Antagonist activity at human beta1-adrenergic receptor expressed in CHO-K1 cells assessed as decrease in isoproterenol-induced cAMP accumulation after 15 mins by HTRF assay,F,,,BAO_0000190,BAO_0000219,cell-based format,COc1cc2c3c(c1OC)-c1ccccc1[C@@H](O)[C@@H]3NCC2,,,CHEMBL4257493,Medchemcomm,2018.0,,,CHEMBL4285281,,CHEMBL4285281,7.77,0,http://www.openphacts.org/units/Nanomolar,3110801,=,1,1,=,,IC50,nM,,17.0,CHEMBL213,Homo sapiens,Beta-1 adrenergic receptor,9606,,,IC50,uM,UO_0000065,,0.017
,,19086925,[],CHEMBL4365007,Displacement of [3H](-)CGP12177 from recombinant human beta1 adrenergic receptor after 60 mins by scintillation counting analysis,B,,,BAO_0000190,BAO_0000357,single protein format,O=C(Nc1ccc(OC(F)F)nc1)NC1CCN(c2ncnc3c2nc(-c2ccccc2Cl)n3-c2ccc(Cl)cc2)CC1,,,CHEMBL4364254,J Med Chem,2019.0,,,CHEMBL4563408,,CHEMBL4563408,,0,http://www.openphacts.org/units/Nanomolar,3184343,>,1,1,>,,IC50,nM,,10000.0,CHEMBL213,Homo sapiens,Beta-1 adrenergic receptor,9606,,,IC50,uM,UO_0000065,,10.0
,,19132176,[],CHEMBL4375055,Antagonist activity at beta1 adrenergic receptor (unknown origin) stably expressed in HEK293 cell membranes assessed as inhibition of isoproterenol-induced cAMP production preincubated for 15 mins followed by isoproterenol addition and measured after 30 mins by TR-FRET assay,A,,,BAO_0000190,BAO_0000219,cell-based format,CC(C)NC[C@H](O)COc1ccccc1CCCCCNC(=O)NCCCCCc1ccccc1OC[C@@H](O)CNC(C)C,,,CHEMBL4373696,J Med Chem,2019.0,,,CHEMBL4465278,,CHEMBL4465278,8.25,0,http://www.openphacts.org/units/Nanomolar,3193159,=,1,1,=,,IC50,nM,,5.623,CHEMBL213,Homo sapiens,Beta-1 adrenergic receptor,9606,,,pIC50,,UO_0000065,,8.25
,,19132177,[],CHEMBL4375055,Antagonist activity at beta1 adrenergic receptor (unknown origin) stably expressed in HEK293 cell membranes assessed as inhibition of isoproterenol-induced cAMP production preincubated for 15 mins followed by isoproterenol addition and measured after 30 mins by TR-FRET assay,A,,,BAO_0000190,BAO_0000219,cell-based format,CC(C)NC[C@H](O)COc1ccccc1CCCCNC(=O)NCCCCc1ccccc1OC[C@@H](O)CNC(C)C,,,CHEMBL4373696,J Med Chem,2019.0,,,CHEMBL4564189,,CHEMBL4564189,7.84,0,http://www.openphacts.org/units/Nanomolar,3193158,=,1,1,=,,IC50,nM,,14.45,CHEMBL213,Homo sapiens,Beta-1 adrenergic receptor,9606,,,pIC50,,UO_0000065,,7.84
,,19132178,[],CHEMBL4375055,Antagonist activity at beta1 adrenergic receptor (unknown origin) stably expressed in HEK293 cell membranes assessed as inhibition of isoproterenol-induced cAMP production preincubated for 15 mins followed by isoproterenol addition and measured after 30 mins by TR-FRET assay,A,,,BAO_0000190,BAO_0000219,cell-based format,CC(C)NC[C@H](O)COc1ccccc1CCCNC(=O)NCCCc1ccccc1OC[C@@H](O)CNC(C)C,,,CHEMBL4373696,J Med Chem,2019.0,,,CHEMBL4446394,,CHEMBL4446394,6.43,0,http://www.openphacts.org/units/Nanomolar,3193157,=,1,1,=,,IC50,nM,,371.54,CHEMBL213,Homo sapiens,Beta-1 adrenergic receptor,9606,,,pIC50,,UO_0000065,,6.43
,,19132179,[],CHEMBL4375055,Antagonist activity at beta1 adrenergic receptor (unknown origin) stably expressed in HEK293 cell membranes assessed as inhibition of isoproterenol-induced cAMP production preincubated for 15 mins followed by isoproterenol addition and measured after 30 mins by TR-FRET assay,A,,,BAO_0000190,BAO_0000219,cell-based format,CC(C)NC[C@H](O)COc1ccccc1CCNC(=O)NCCc1ccccc1OC[C@@H](O)CNC(C)C,,,CHEMBL4373696,J Med Chem,2019.0,,,CHEMBL4574652,,CHEMBL4574652,6.90,0,http://www.openphacts.org/units/Nanomolar,3193156,=,1,1,=,,IC50,nM,,125.89,CHEMBL213,Homo sapiens,Beta-1 adrenergic receptor,9606,,,pIC50,,UO_0000065,,6.9
,,19132180,[],CHEMBL4375055,Antagonist activity at beta1 adrenergic receptor (unknown origin) stably expressed in HEK293 cell membranes assessed as inhibition of isoproterenol-induced cAMP production preincubated for 15 mins followed by isoproterenol addition and measured after 30 mins by TR-FRET assay,A,,,BAO_0000190,BAO_0000219,cell-based format,CC(C)NC[C@H](O)COc1ccccc1OCCOCCOCCOc1ccccc1OC[C@@H](O)CNC(C)C,,,CHEMBL4373696,J Med Chem,2019.0,,,CHEMBL4557995,,CHEMBL4557995,7.01,0,http://www.openphacts.org/units/Nanomolar,3193155,=,1,1,=,,IC50,nM,,97.72,CHEMBL213,Homo sapiens,Beta-1 adrenergic receptor,9606,,,pIC50,,UO_0000065,,7.01
,,19132181,[],CHEMBL4375055,Antagonist activity at beta1 adrenergic receptor (unknown origin) stably expressed in HEK293 cell membranes assessed as inhibition of isoproterenol-induced cAMP production preincubated for 15 mins followed by isoproterenol addition and measured after 30 mins by TR-FRET assay,A,,,BAO_0000190,BAO_0000219,cell-based format,C=CCc1ccccc1OC[C@@H](O)CNC(C)C,,,CHEMBL4373696,J Med Chem,2019.0,,,CHEMBL1160734,,CHEMBL1160734,8.23,0,http://www.openphacts.org/units/Nanomolar,3193166,=,1,1,=,,IC50,nM,,5.888,CHEMBL213,Homo sapiens,Beta-1 adrenergic receptor,9606,,,pIC50,,UO_0000065,,8.23
,,19132182,[],CHEMBL4375055,Antagonist activity at beta1 adrenergic receptor (unknown origin) stably expressed in HEK293 cell membranes assessed as inhibition of isoproterenol-induced cAMP production preincubated for 15 mins followed by isoproterenol addition and measured after 30 mins by TR-FRET assay,A,,,BAO_0000190,BAO_0000219,cell-based format,C=CCc1ccccc1OC[C@H](O)CNC(C)C,,,CHEMBL4373696,J Med Chem,2019.0,,,CHEMBL1395661,,CHEMBL1395661,6.36,0,http://www.openphacts.org/units/Nanomolar,3193148,=,1,1,=,,IC50,nM,,436.52,CHEMBL213,Homo sapiens,Beta-1 adrenergic receptor,9606,,,pIC50,,UO_0000065,,6.36
,,19132183,[],CHEMBL4375055,Antagonist activity at beta1 adrenergic receptor (unknown origin) stably expressed in HEK293 cell membranes assessed as inhibition of isoproterenol-induced cAMP production preincubated for 15 mins followed by isoproterenol addition and measured after 30 mins by TR-FRET assay,A,,,BAO_0000190,BAO_0000219,cell-based format,C=CCc1ccccc1OCC(O)CNC(C)C,,,CHEMBL4373696,J Med Chem,2019.0,,,CHEMBL266195,ALPRENOLOL,CHEMBL266195,7.86,0,http://www.openphacts.org/units/Nanomolar,3193149,=,1,1,=,,IC50,nM,,13.8,CHEMBL213,Homo sapiens,Beta-1 adrenergic receptor,9606,,,pIC50,,UO_0000065,,7.86
,,19132184,[],CHEMBL4375055,Antagonist activity at beta1 adrenergic receptor (unknown origin) stably expressed in HEK293 cell membranes assessed as inhibition of isoproterenol-induced cAMP production preincubated for 15 mins followed by isoproterenol addition and measured after 30 mins by TR-FRET assay,A,,,BAO_0000190,BAO_0000219,cell-based format,CC(C)NC[C@H](O)COc1ccccc1CCCCCCc1ccccc1OC[C@@H](O)CNC(C)C,,,CHEMBL4373696,J Med Chem,2019.0,,,CHEMBL4473518,,CHEMBL4473518,7.56,0,http://www.openphacts.org/units/Nanomolar,3193150,=,1,1,=,,IC50,nM,,27.54,CHEMBL213,Homo sapiens,Beta-1 adrenergic receptor,9606,,,pIC50,,UO_0000065,,7.56
,,19132185,[],CHEMBL4375055,Antagonist activity at beta1 adrenergic receptor (unknown origin) stably expressed in HEK293 cell membranes assessed as inhibition of isoproterenol-induced cAMP production preincubated for 15 mins followed by isoproterenol addition and measured after 30 mins by TR-FRET assay,A,,,BAO_0000190,BAO_0000219,cell-based format,CC(C)NC[C@H](O)COc1ccccc1CCCCCCCCc1ccccc1OC[C@@H](O)CNC(C)C,,,CHEMBL4373696,J Med Chem,2019.0,,,CHEMBL4527821,,CHEMBL4527821,7.70,0,http://www.openphacts.org/units/Nanomolar,3193151,=,1,1,=,,IC50,nM,,19.95,CHEMBL213,Homo sapiens,Beta-1 adrenergic receptor,9606,,,pIC50,,UO_0000065,,7.7
,,19132186,[],CHEMBL4375055,Antagonist activity at beta1 adrenergic receptor (unknown origin) stably expressed in HEK293 cell membranes assessed as inhibition of isoproterenol-induced cAMP production preincubated for 15 mins followed by isoproterenol addition and measured after 30 mins by TR-FRET assay,A,,,BAO_0000190,BAO_0000219,cell-based format,CC(C)NC[C@H](O)COc1ccccc1CCCCCCCCCCc1ccccc1OC[C@@H](O)CNC(C)C,,,CHEMBL4373696,J Med Chem,2019.0,,,CHEMBL4434772,,CHEMBL4434772,7.95,0,http://www.openphacts.org/units/Nanomolar,3193152,=,1,1,=,,IC50,nM,,11.22,CHEMBL213,Homo sapiens,Beta-1 adrenergic receptor,9606,,,pIC50,,UO_0000065,,7.95
,,19132187,[],CHEMBL4375055,Antagonist activity at beta1 adrenergic receptor (unknown origin) stably expressed in HEK293 cell membranes assessed as inhibition of isoproterenol-induced cAMP production preincubated for 15 mins followed by isoproterenol addition and measured after 30 mins by TR-FRET assay,A,,,BAO_0000190,BAO_0000219,cell-based format,CC(C)NC[C@H](O)COc1ccccc1CCCCCCCCCCCCc1ccccc1OC[C@@H](O)CNC(C)C,,,CHEMBL4373696,J Med Chem,2019.0,,,CHEMBL4441975,,CHEMBL4441975,7.86,0,http://www.openphacts.org/units/Nanomolar,3193153,=,1,1,=,,IC50,nM,,13.8,CHEMBL213,Homo sapiens,Beta-1 adrenergic receptor,9606,,,pIC50,,UO_0000065,,7.86
,,19132188,[],CHEMBL4375055,Antagonist activity at beta1 adrenergic receptor (unknown origin) stably expressed in HEK293 cell membranes assessed as inhibition of isoproterenol-induced cAMP production preincubated for 15 mins followed by isoproterenol addition and measured after 30 mins by TR-FRET assay,A,,,BAO_0000190,BAO_0000219,cell-based format,CC(C)NC[C@H](O)COc1ccccc1OCCOCCOc1ccccc1OC[C@@H](O)CNC(C)C,,,CHEMBL4373696,J Med Chem,2019.0,,,CHEMBL41189,,CHEMBL41189,6.63,0,http://www.openphacts.org/units/Nanomolar,3193154,=,1,1,=,,IC50,nM,,234.42,CHEMBL213,Homo sapiens,Beta-1 adrenergic receptor,9606,,,pIC50,,UO_0000065,,6.63
,,19132189,[],CHEMBL4375055,Antagonist activity at beta1 adrenergic receptor (unknown origin) stably expressed in HEK293 cell membranes assessed as inhibition of isoproterenol-induced cAMP production preincubated for 15 mins followed by isoproterenol addition and measured after 30 mins by TR-FRET assay,A,,,BAO_0000190,BAO_0000219,cell-based format,CC(C)NC[C@H](O)COc1ccccc1CC(=O)NCCNC(=O)Cc1ccccc1OC[C@@H](O)CNC(C)C,,,CHEMBL4373696,J Med Chem,2019.0,,,CHEMBL4474813,,CHEMBL4474813,4.96,0,http://www.openphacts.org/units/Nanomolar,3193160,=,1,1,=,,IC50,nM,,10964.78,CHEMBL213,Homo sapiens,Beta-1 adrenergic receptor,9606,,,pIC50,,UO_0000065,,4.96
,,19132190,[],CHEMBL4375055,Antagonist activity at beta1 adrenergic receptor (unknown origin) stably expressed in HEK293 cell membranes assessed as inhibition of isoproterenol-induced cAMP production preincubated for 15 mins followed by isoproterenol addition and measured after 30 mins by TR-FRET assay,A,,,BAO_0000190,BAO_0000219,cell-based format,CC(C)NC[C@H](O)COc1ccccc1CCC(=O)NCCNC(=O)CCc1ccccc1OC[C@@H](O)CNC(C)C,,,CHEMBL4373696,J Med Chem,2019.0,,,CHEMBL4450606,,CHEMBL4450606,5.69,0,http://www.openphacts.org/units/Nanomolar,3193161,=,1,1,=,,IC50,nM,,2041.74,CHEMBL213,Homo sapiens,Beta-1 adrenergic receptor,9606,,,pIC50,,UO_0000065,,5.69
,,19132191,[],CHEMBL4375055,Antagonist activity at beta1 adrenergic receptor (unknown origin) stably expressed in HEK293 cell membranes assessed as inhibition of isoproterenol-induced cAMP production preincubated for 15 mins followed by isoproterenol addition and measured after 30 mins by TR-FRET assay,A,,,BAO_0000190,BAO_0000219,cell-based format,CC(C)NC[C@H](O)COc1ccccc1CCC(=O)NCCCNC(=O)CCc1ccccc1OC[C@@H](O)CNC(C)C,,,CHEMBL4373696,J Med Chem,2019.0,,,CHEMBL4459989,,CHEMBL4459989,5.75,0,http://www.openphacts.org/units/Nanomolar,3193162,=,1,1,=,,IC50,nM,,1778.28,CHEMBL213,Homo sapiens,Beta-1 adrenergic receptor,9606,,,pIC50,,UO_0000065,,5.75
,,19132192,[],CHEMBL4375055,Antagonist activity at beta1 adrenergic receptor (unknown origin) stably expressed in HEK293 cell membranes assessed as inhibition of isoproterenol-induced cAMP production preincubated for 15 mins followed by isoproterenol addition and measured after 30 mins by TR-FRET assay,A,,,BAO_0000190,BAO_0000219,cell-based format,CC(C)NC[C@H](O)COc1ccccc1CCCC(=O)NCCNC(=O)CCCc1ccccc1OC[C@@H](O)CNC(C)C,,,CHEMBL4373696,J Med Chem,2019.0,,,CHEMBL4594173,,CHEMBL4594173,7.58,0,http://www.openphacts.org/units/Nanomolar,3193163,=,1,1,=,,IC50,nM,,26.3,CHEMBL213,Homo sapiens,Beta-1 adrenergic receptor,9606,,,pIC50,,UO_0000065,,7.58
,,19132193,[],CHEMBL4375055,Antagonist activity at beta1 adrenergic receptor (unknown origin) stably expressed in HEK293 cell membranes assessed as inhibition of isoproterenol-induced cAMP production preincubated for 15 mins followed by isoproterenol addition and measured after 30 mins by TR-FRET assay,A,,,BAO_0000190,BAO_0000219,cell-based format,CC(C)NC[C@H](O)COc1ccccc1CCCC(=O)NCCCNC(=O)CCCc1ccccc1OC[C@@H](O)CNC(C)C,,,CHEMBL4373696,J Med Chem,2019.0,,,CHEMBL4584173,,CHEMBL4584173,7.55,0,http://www.openphacts.org/units/Nanomolar,3193164,=,1,1,=,,IC50,nM,,28.18,CHEMBL213,Homo sapiens,Beta-1 adrenergic receptor,9606,,,pIC50,,UO_0000065,,7.55
,,19132194,[],CHEMBL4375055,Antagonist activity at beta1 adrenergic receptor (unknown origin) stably expressed in HEK293 cell membranes assessed as inhibition of isoproterenol-induced cAMP production preincubated for 15 mins followed by isoproterenol addition and measured after 30 mins by TR-FRET assay,A,,,BAO_0000190,BAO_0000219,cell-based format,CC(C)NC[C@H](O)COc1ccccc1CCCC(=O)NCCCCNC(=O)CCCc1ccccc1OC[C@@H](O)CNC(C)C,,,CHEMBL4373696,J Med Chem,2019.0,,,CHEMBL4472564,,CHEMBL4472564,6.74,0,http://www.openphacts.org/units/Nanomolar,3193165,=,1,1,=,,IC50,nM,,181.97,CHEMBL213,Homo sapiens,Beta-1 adrenergic receptor,9606,,,pIC50,,UO_0000065,,6.74
,,19132195,[],CHEMBL4375055,Antagonist activity at beta1 adrenergic receptor (unknown origin) stably expressed in HEK293 cell membranes assessed as inhibition of isoproterenol-induced cAMP production preincubated for 15 mins followed by isoproterenol addition and measured after 30 mins by TR-FRET assay,A,,,BAO_0000190,BAO_0000219,cell-based format,CC(C)NC[C@@H](O)COc1ccccc1CCCC(=O)NCCNC(=O)CCCc1ccccc1OC[C@H](O)CNC(C)C,,,CHEMBL4373696,J Med Chem,2019.0,,,CHEMBL4556017,,CHEMBL4556017,5.35,0,http://www.openphacts.org/units/Nanomolar,3193136,=,1,1,=,,IC50,nM,,4466.84,CHEMBL213,Homo sapiens,Beta-1 adrenergic receptor,9606,,,pIC50,,UO_0000065,,5.35
,,19132196,[],CHEMBL4375055,Antagonist activity at beta1 adrenergic receptor (unknown origin) stably expressed in HEK293 cell membranes assessed as inhibition of isoproterenol-induced cAMP production preincubated for 15 mins followed by isoproterenol addition and measured after 30 mins by TR-FRET assay,A,,,BAO_0000190,BAO_0000219,cell-based format,CC(C)NC[C@H](O)COc1ccccc1-n1cc(CNCc2cn(-c3ccccc3OC[C@@H](O)CNC(C)C)nn2)nn1,,,CHEMBL4373696,J Med Chem,2019.0,,,CHEMBL4530266,,CHEMBL4530266,5.44,0,http://www.openphacts.org/units/Nanomolar,3193137,=,1,1,=,,IC50,nM,,3630.78,CHEMBL213,Homo sapiens,Beta-1 adrenergic receptor,9606,,,pIC50,,UO_0000065,,5.44
,,19132197,[],CHEMBL4375055,Antagonist activity at beta1 adrenergic receptor (unknown origin) stably expressed in HEK293 cell membranes assessed as inhibition of isoproterenol-induced cAMP production preincubated for 15 mins followed by isoproterenol addition and measured after 30 mins by TR-FRET assay,A,,,BAO_0000190,BAO_0000219,cell-based format,CC(C)NC[C@H](O)COc1ccccc1Cn1cc(CNCc2cn(Cc3ccccc3OC[C@@H](O)CNC(C)C)nn2)nn1,,,CHEMBL4373696,J Med Chem,2019.0,,,CHEMBL4442559,,CHEMBL4442559,6.31,0,http://www.openphacts.org/units/Nanomolar,3193138,=,1,1,=,,IC50,nM,,489.78,CHEMBL213,Homo sapiens,Beta-1 adrenergic receptor,9606,,,pIC50,,UO_0000065,,6.31
,,19132198,[],CHEMBL4375055,Antagonist activity at beta1 adrenergic receptor (unknown origin) stably expressed in HEK293 cell membranes assessed as inhibition of isoproterenol-induced cAMP production preincubated for 15 mins followed by isoproterenol addition and measured after 30 mins by TR-FRET assay,A,,,BAO_0000190,BAO_0000219,cell-based format,CC(C)NC[C@H](O)COc1ccccc1CCn1cc(CNCc2cn(CCc3ccccc3OC[C@@H](O)CNC(C)C)nn2)nn1,,,CHEMBL4373696,J Med Chem,2019.0,,,CHEMBL4462252,,CHEMBL4462252,7.71,0,http://www.openphacts.org/units/Nanomolar,3193139,=,1,1,=,,IC50,nM,,19.5,CHEMBL213,Homo sapiens,Beta-1 adrenergic receptor,9606,,,pIC50,,UO_0000065,,7.71
,,19132199,[],CHEMBL4375055,Antagonist activity at beta1 adrenergic receptor (unknown origin) stably expressed in HEK293 cell membranes assessed as inhibition of isoproterenol-induced cAMP production preincubated for 15 mins followed by isoproterenol addition and measured after 30 mins by TR-FRET assay,A,,,BAO_0000190,BAO_0000219,cell-based format,CC(C)NC[C@H](O)COc1ccccc1CCCn1cc(CNCc2cn(CCCc3ccccc3OC[C@@H](O)CNC(C)C)nn2)nn1,,,CHEMBL4373696,J Med Chem,2019.0,,,CHEMBL4514723,,CHEMBL4514723,8.33,0,http://www.openphacts.org/units/Nanomolar,3193140,=,1,1,=,,IC50,nM,,4.677,CHEMBL213,Homo sapiens,Beta-1 adrenergic receptor,9606,,,pIC50,,UO_0000065,,8.33
,,23356001,[],CHEMBL4880786,Inhibition of Adrenergic beta1 at compound concentration of 10.0 uM in the Eurofins-Panlabs radioligand binding assay (Eurofins_assay_204010),B,,,BAO_0000190,BAO_0000357,single protein format,CC(C)(O)c1cncc(-c2nc3ccc(F)cc3n2C2CC2)c1,,,CHEMBL4507294,,2021.0,"{'bei': '16.11', 'le': '0.30', 'lle': '1.22', 'sei': '9.85'}",,CHEMBL3582478,MSD-CYP11B2,CHEMBL3582478,5.02,0,http://www.openphacts.org/units/Nanomolar,3359717,=,54,1,=,,IC50,nM,,9620.0,CHEMBL213,Homo sapiens,Beta-1 adrenergic receptor,9606,,,IC50,uM,UO_0000065,,9.62
,,23356044,[],CHEMBL4883067,Panlabs assay (ADRB1),B,,,BAO_0000190,BAO_0000357,single protein format,CC(C)(O)c1cncc(-c2nc3ccc(F)cc3n2C2CC2)c1,,,CHEMBL4507294,,2021.0,"{'bei': '16.11', 'le': '0.30', 'lle': '1.22', 'sei': '9.85'}",,CHEMBL3582478,MSD-CYP11B2,CHEMBL3582478,5.02,0,http://www.openphacts.org/units/Nanomolar,3359717,=,54,1,=,,IC50,nM,,9620.0,CHEMBL213,Homo sapiens,Beta-1 adrenergic receptor,9606,,,IC50,uM,UO_0000065,,9.62
,,24647161,"[{'comments': None, 'relation': '=', 'result_flag': 0, 'standard_relation': '=', 'standard_text_value': None, 'standard_type': 'Compound concentration', 'standard_units': 'uM', 'standard_value': '10.0', 'text_value': None, 'type': 'Compound concentration', 'units': 'uM', 'value': '10.0'}]",CHEMBL5058701,ADRB1 Eurofins SafetyScan (Receptor),B,,,BAO_0000190,BAO_0000357,single protein format,Cc1cn([C@H](C)CC#N)c(=O)c2cc(Cn3nc(C(F)F)cc3Cl)nn12,,,CHEMBL5058641,,2022.0,,,CHEMBL5092058,,CHEMBL5092058,,0,http://www.openphacts.org/units/Nanomolar,3839895,>,54,1,>,,IC50,nM,,10000.0,CHEMBL213,Homo sapiens,Beta-1 adrenergic receptor,9606,,,IC50,uM,UO_0000065,,10.0
,,24957318,"[{'comments': None, 'relation': None, 'result_flag': 0, 'standard_relation': None, 'standard_text_value': 'CYP inhibition assay (V79 cell line): IC50 (human CYP11B1) = 142 nM, human CYP19A1: IC50 = 1021 nM, 61-fold selective for CYP11B2 compared to CYP11B1 (https://pubs.acs.org/doi/10.1021/acsmedchemlett.5b00054);', 'standard_type': 'Selectivity Comments', 'standard_units': None, 'standard_value': None, 'text_value': 'CYP inhibition assay (V79 cell line): IC50 (human CYP11B1) = 142 nM, human CYP19A1: IC50 = 1021 nM, 61-fold selective for CYP11B2 compared to CYP11B1 (https://pubs.acs.org/doi/10.1021/acsmedchemlett.5b00054);', 'type': 'Selectivity Comments', 'units': None, 'value': None}, {'comments': None, 'relation': '=', 'result_flag': 0, 'standard_relation': '=', 'standard_text_value': None, 'standard_type': 'Selectivity number of off-targets', 'standard_units': None, 'standard_value': '0.0', 'text_value': None, 'type': 'Selectivity number of off-targets', 'units': None, 'value': '0.0'}, {'comments': None, 'relation': '=', 'result_flag': 0, 'standard_relation': '=', 'standard_text_value': None, 'standard_type': 'Selectivity number of targets', 'standard_units': None, 'standard_value': '43.0', 'text_value': None, 'type': 'Selectivity number of targets', 'units': None, 'value': '43.0'}, {'comments': None, 'relation': None, 'result_flag': 0, 'standard_relation': None, 'standard_text_value': 'Screened at 10 µM (in-vitro potency)', 'standard_type': 'Selectivity Remarks', 'standard_units': None, 'standard_value': None, 'text_value': 'Screened at 10 µM (in-vitro potency)', 'type': 'Selectivity Remarks', 'units': None, 'value': None}, {'comments': None, 'relation': None, 'result_flag': 0, 'standard_relation': None, 'standard_text_value': 'https://doi.org/10.1021/acsmedchemlett.5b00054, https://www.sgc-ffm.uni-frankfurt.de/#!specificprobeoverview/MSD-CYP11B2, https://pubs.acs.org/doi/10.1021/acsmedchemlett.5b00054', 'standard_type': 'Selectivity Source Knowledge', 'standard_units': None, 'standard_value': None, 'text_value': 'https://doi.org/10.1021/acsmedchemlett.5b00054, https://www.sgc-ffm.uni-frankfurt.de/#!specificprobeoverview/MSD-CYP11B2, https://pubs.acs.org/doi/10.1021/acsmedchemlett.5b00054', 'type': 'Selectivity Source Knowledge', 'units': None, 'value': None}]",CHEMBL5213762,Selectivity interaction (Enzyme panel (Eurofins-Panlabs radioligand binding assays)) EUB0000313b ADRB1,B,,,BAO_0000190,BAO_0000357,single protein format,CC(C)(O)c1cncc(-c2nc3ccc(F)cc3n2C2CC2)c1,,,CHEMBL5212743,,2023.0,"{'bei': '16.11', 'le': '0.30', 'lle': '1.22', 'sei': '9.85'}",,CHEMBL3582478,MSD-CYP11B2,CHEMBL3582478,5.02,0,http://www.openphacts.org/units/Nanomolar,3898409,=,65,1,=,,IC50,nM,,9620.0,CHEMBL213,Homo sapiens,Beta-1 adrenergic receptor,9606,,,IC50,uM,UO_0000065,,9.62
"{'action_type': 'ANTAGONIST', 'description': 'Binds to a receptor and prevents activation by an agonist through competing for the binding site', 'parent_type': 'NEGATIVE MODULATOR'}",,25406211,[],CHEMBL5304924,Safety47 Scan (DiscoverX - Eurofins),B,,,BAO_0000190,BAO_0000357,single protein format,CC(C)(O)c1ccc(N2Cc3c(ccnc3-c3ccc(F)cc3OCC(F)(F)F)C2=O)cc1,,,CHEMBL5303768,,2023.0,,,CHEMBL5078078,,CHEMBL5078078,,0,http://www.openphacts.org/units/Nanomolar,3944848,>,54,1,>,,IC50,nM,,10000.0,CHEMBL213,Homo sapiens,Beta-1 adrenergic receptor,9606,,,IC50,uM,UO_0000065,,10.0
,Not Active,25774531,[],CHEMBL5464395,Adrenoceptor reporter cell assay (ADRB1),F,,,BAO_0000190,BAO_0000019,assay format,CNc1cc[n+](CCNC(=O)c2ccn3c(-c4c(C)noc4C)cnc3c2)cc1.[Cl-],,,CHEMBL5463728,,2023.0,,,CHEMBL5410211,,CHEMBL5498852,,0,http://www.openphacts.org/units/Nanomolar,4018609,>,54,1,>,,IC50,nM,,10000.0,CHEMBL213,Homo sapiens,Beta-1 adrenergic receptor,9606,,,IC50,uM,UO_0000065,,10.0
,,25787547,"[{'comments': None, 'relation': None, 'result_flag': 0, 'standard_relation': None, 'standard_text_value': 'Favorable pharmacokinetic profile in rodents and monkeys', 'standard_type': 'Selectivity Comments', 'standard_units': None, 'standard_value': None, 'text_value': 'Favorable pharmacokinetic profile in rodents and monkeys', 'type': 'Selectivity Comments', 'units': None, 'value': None}, {'comments': None, 'relation': '=', 'result_flag': 0, 'standard_relation': '=', 'standard_text_value': None, 'standard_type': 'Selectivity number of off-targets', 'standard_units': None, 'standard_value': '0.0', 'text_value': None, 'type': 'Selectivity number of off-targets', 'units': None, 'value': '0.0'}, {'comments': None, 'relation': '=', 'result_flag': 0, 'standard_relation': '=', 'standard_text_value': None, 'standard_type': 'Selectivity number of targets', 'standard_units': None, 'standard_value': '54.0', 'text_value': None, 'type': 'Selectivity number of targets', 'units': None, 'value': '54.0'}, {'comments': None, 'relation': None, 'result_flag': 0, 'standard_relation': None, 'standard_text_value': 'In-vitro potency', 'standard_type': 'Selectivity Remarks', 'standard_units': None, 'standard_value': None, 'text_value': 'In-vitro potency', 'type': 'Selectivity Remarks', 'units': None, 'value': None}, {'comments': None, 'relation': None, 'result_flag': 0, 'standard_relation': None, 'standard_text_value': 'https://pubs.acs.org/doi/10.1021/acsmedchemlett.7b00293', 'standard_type': 'Source Knowledge', 'standard_units': None, 'standard_value': None, 'text_value': 'https://pubs.acs.org/doi/10.1021/acsmedchemlett.7b00293', 'type': 'Source Knowledge', 'units': None, 'value': None}]",CHEMBL5474382,"Selectivity interaction (Beta 1 adrenergic receptor assay, human recombinant ) EUB0000877a ADRB1",B,,,BAO_0000190,BAO_0000357,single protein format,CCC(=O)N1CC[C@H](Nc2ncnc3c2CN(c2cnc(OC)c(C(F)(F)F)c2)CC3)C1,,,CHEMBL5465560,,2024.0,,,CHEMBL3643413,LENIOLISIB,CHEMBL3643413,,0,http://www.openphacts.org/units/Nanomolar,4018645,>,65,1,>,,IC50,nM,,30000.0,CHEMBL213,Homo sapiens,Beta-1 adrenergic receptor,9606,,,IC50,uM,UO_0000065,,30.0
,,25961099,[],CHEMBL5539488,Inhibition of human adrenergic beta1 receptor,B,,,BAO_0000190,BAO_0000357,single protein format,Cc1ccc(NC(=O)C[C@H](CCC(=O)O)c2noc([C@H]3C[C@@H](CC(C)(C)C)C3)c2C2CC2)c(Cl)c1,,,CHEMBL5537159,J Med Chem,2024.0,,,CHEMBL3314012,,CHEMBL3314012,,0,http://www.openphacts.org/units/Nanomolar,4079233,>,1,1,>,,IC50,nM,,10000.0,CHEMBL213,Homo sapiens,Beta-1 adrenergic receptor,9606,,,IC50,uM,UO_0000065,,10.0
"{'action_type': 'INHIBITOR', 'description': 'Negatively effects (inhibits) the normal functioning of the protein e.g., prevention of enzymatic reaction or activation of downstream pathway', 'parent_type': 'NEGATIVE MODULATOR'}",,26333216,[],CHEMBL5721278,Inhibition of Beta1 (unknown origin),B,,,BAO_0000190,BAO_0000357,single protein format,CC(C)NCC(O)COc1ccc(CC(N)=O)cc1,,,CHEMBL5715956,ACS Chem Biol,2017.0,"{'bei': '24.60', 'le': '0.47', 'lle': '6.10', 'sei': '7.75'}",,CHEMBL24,ATENOLOL,CHEMBL24,6.55,0,http://www.openphacts.org/units/Nanomolar,4140750,=,72,1,=,,IC50,nM,,280.0,CHEMBL213,Homo sapiens,Beta-1 adrenergic receptor,9606,,,IC50,10^-7M,UO_0000065,,2.8
,,29184837,"[{'comments': None, 'relation': '=', 'result_flag': 0, 'standard_relation': '=', 'standard_text_value': None, 'standard_type': 'DOSE', 'standard_units': 'microM', 'standard_value': '10.0', 'text_value': None, 'type': 'DOSE', 'units': 'microM', 'value': '10.0'}]",CHEMBL6113719,Inhibition of adrenergic beta1 receptor (unknown origin),B,,,BAO_0000190,BAO_0000357,single protein format,O=c1c(NCCc2cccc(Cl)c2)c(Nc2ccc(Cl)cc2)c1=O,,,CHEMBL6109148,J Med Chem,2025.0,,,CHEMBL6162114,,CHEMBL6162114,,0,http://www.openphacts.org/units/Nanomolar,4684668,>,1,1,>,,IC50,nM,,10000.0,CHEMBL213,Homo sapiens,Beta-1 adrenergic receptor,9606,,,IC50,nM,UO_0000065,,10000.0
